a,b,c,R1x,R1y,R2x,R2y,dist_ab_x,dist_ab_y,dist_ca_x,dist_ca_y,oriented_area,dist_part,BI_real,BI_imag,BI_abs,Omega_per_e,C_imag
0,1,2,0,0,0,0,-0.0,-0.9999999999999998,-0.8660254037844382,-1.4999999999999998,-0.43301270189221897,-0.8660254037844379,-8.240105629313613e-18,-0.008018753738744784,0.008018753738744784,0.0023148148148148077,0.016794438557724188
0,1,3,0,0,0,0,-0.0,-0.9999999999999998,-0.8660254037844382,0.4999999999999999,-0.43301270189221897,-0.8660254037844379,7.05816619531732e-18,-0.008018753738744786,0.008018753738744786,0.002314814814814808,0.016794438557724188
0,1,4,0,0,0,0,-0.0,-0.9999999999999998,-1.732050807568877,0.0,-0.8660254037844383,-1.7320508075688765,-9.891955957770822e-18,0.008018753738744794,0.008018753738744794,-0.004629629629629623,-0.03358887711544843
0,1,5,0,0,0,0,-0.0,-0.9999999999999998,-1.732050807568877,-0.9999999999999998,-0.8660254037844383,-1.7320508075688765,-3.1893072482662817e-18,0.008018753738744786,0.008018753738744786,-0.004629629629629618,-0.03358887711544839
0,2,1,0,0,0,0,-0.8660254037844382,-1.4999999999999998,0.0,-0.9999999999999998,0.43301270189221897,0.8660254037844379,-8.240105629313613e-18,0.008018753738744782,0.008018753738744782,0.0023148148148148073,0.01679443855772418
0,2,3,0,0,0,0,-0.8660254037844382,-1.4999999999999998,-0.8660254037844382,0.4999999999999999,-0.866025403784438,-1.732050807568876,-9.72886843062973e-18,0.008018753738744805,0.008018753738744805,-0.004629629629629628,-0.03358887711544846
0,2,4,0,0,0,0,-0.8660254037844382,-1.4999999999999998,-1.732050807568877,0.0,-1.2990381056766576,-2.598076211353315,-1.872116065778494e-18,-0.024056261216234408,0.024056261216234408,0.02083333333333333,0.15114994701951812
0,2,5,0,0,0,0,-0.8660254037844382,-1.4999999999999998,-1.732050807568877,-0.9999999999999998,-0.8660254037844386,-1.7320508075688772,4.350229795311909e-18,0.008018753738744798,0.008018753738744798,-0.004629629629629627,-0.03358887711544846
0,3,1,0,0,0,0,-0.8660254037844382,0.4999999999999999,0.0,-0.9999999999999998,0.43301270189221897,0.8660254037844379,7.05816619531732e-18,0.008018753738744786,0.008018753738744786,0.002314814814814808,0.016794438557724188
0,3,2,0,0,0,0,-0.8660254037844382,0.4999999999999999,-0.8660254037844382,-1.4999999999999998,0.866025403784438,1.732050807568876,-9.72886843062973e-18,-0.008018753738744805,0.008018753738744805,-0.004629629629629628,-0.03358887711544846
0,3,4,0,0,0,0,-0.8660254037844382,0.4999999999999999,-1.732050807568877,0.0,0.43301270189221913,0.8660254037844383,-1.7574160841680974e-17,0.00801875373874479,0.00801875373874479,0.00231481481481481,0.016794438557724205
0,3,5,0,0,0,0,-0.8660254037844382,0.4999999999999999,-1.732050807568877,-0.9999999999999998,0.8660254037844382,1.7320508075688763,-3.721909424098632e-18,-0.00801875373874479,0.00801875373874479,-0.00462962962962962,-0.033588877115448404
0,4,1,0,0,0,0,-1.732050807568877,-0.0,0.0,-0.9999999999999998,0.8660254037844383,1.7320508075688765,-9.891955957770822e-18,-0.008018753738744793,0.008018753738744793,-0.004629629629629622,-0.03358887711544842
0,4,2,0,0,0,0,-1.732050807568877,-0.0,-0.8660254037844382,-1.4999999999999998,1.2990381056766576,2.598076211353315,-1.8721160657784946e-18,0.024056261216234408,0.024056261216234408,0.02083333333333333,0.15114994701951812
0,4,3,0,0,0,0,-1.732050807568877,-0.0,-0.8660254037844382,0.4999999999999999,-0.43301270189221913,-0.8660254037844383,-1.7574160841680977e-17,-0.00801875373874479,0.00801875373874479,0.00231481481481481,0.016794438557724205
0,4,5,0,0,0,0,-1.732050807568877,-0.0,-1.732050807568877,-0.9999999999999998,0.8660254037844383,1.7320508075688765,1.5440379908470557e-18,-0.008018753738744796,0.008018753738744796,-0.004629629629629624,-0.03358887711544844
0,5,1,0,0,0,0,-1.732050807568877,-0.9999999999999998,0.0,-0.9999999999999998,0.8660254037844383,1.7320508075688765,-3.189307248266282e-18,-0.008018753738744786,0.008018753738744786,-0.004629629629629618,-0.03358887711544839
0,5,2,0,0,0,0,-1.732050807568877,-0.9999999999999998,-0.8660254037844382,-1.4999999999999998,0.8660254037844386,1.7320508075688772,4.350229795311909e-18,-0.008018753738744798,0.008018753738744798,-0.004629629629629627,-0.03358887711544846
0,5,3,0,0,0,0,-1.732050807568877,-0.9999999999999998,-0.8660254037844382,0.4999999999999999,-0.8660254037844382,-1.7320508075688763,-3.721909424098632e-18,0.00801875373874479,0.00801875373874479,-0.00462962962962962,-0.033588877115448404
0,5,4,0,0,0,0,-1.732050807568877,-0.9999999999999998,-1.732050807568877,0.0,-0.8660254037844383,-1.7320508075688765,1.5440379908470558e-18,0.008018753738744796,0.008018753738744796,-0.004629629629629624,-0.03358887711544844
1,0,2,0,0,0,0,-0.0,0.9999999999999998,-0.8660254037844382,-0.5,0.43301270189221897,0.8660254037844379,-8.240105629313613e-18,0.008018753738744784,0.008018753738744784,0.0023148148148148077,0.016794438557724188
1,0,3,0,0,0,0,-0.0,0.9999999999999998,-0.8660254037844382,1.4999999999999996,0.43301270189221897,0.8660254037844379,7.05816619531732e-18,0.008018753738744786,0.008018753738744786,0.002314814814814808,0.016794438557724188
1,0,4,0,0,0,0,-0.0,0.9999999999999998,-1.732050807568877,0.9999999999999998,0.8660254037844383,1.7320508075688765,-9.891955957770822e-18,-0.008018753738744794,0.008018753738744794,-0.004629629629629623,-0.03358887711544843
1,0,5,0,0,0,0,-0.0,0.9999999999999998,-1.732050807568877,0.0,0.8660254037844383,1.7320508075688765,-3.189307248266282e-18,-0.008018753738744788,0.008018753738744788,-0.004629629629629619,-0.0335888771154484
1,2,0,0,0,0,0,-0.8660254037844382,-0.5,0.0,0.9999999999999998,-0.43301270189221897,-0.8660254037844379,-8.240105629313613e-18,-0.008018753738744782,0.008018753738744782,0.0023148148148148073,0.01679443855772418
1,2,3,0,0,0,0,-0.8660254037844382,-0.5,-0.8660254037844382,1.4999999999999996,-0.8660254037844379,-1.7320508075688759,5.569403394001254e-18,0.00801875373874482,0.00801875373874482,-0.004629629629629636,-0.03358887711544852
1,2,4,0,0,0,0,-0.8660254037844382,-0.5,-1.732050807568877,0.9999999999999998,-0.8660254037844382,-1.7320508075688763,1.875610027567733e-17,0.008018753738744817,0.008018753738744817,-0.0046296296296296354,-0.03358887711544852
1,2,5,0,0,0,0,-0.8660254037844382,-0.5,-1.732050807568877,0.0,-0.43301270189221924,-0.8660254037844385,-1.5779642672891838e-17,-0.008018753738744803,0.008018753738744803,0.0023148148148148147,0.016794438557724237
1,3,0,0,0,0,0,-0.8660254037844382,1.4999999999999996,0.0,0.9999999999999998,-0.43301270189221897,-0.8660254037844379,7.05816619531732e-18,-0.008018753738744786,0.008018753738744786,0.002314814814814808,0.016794438557724188
1,3,2,0,0,0,0,-0.8660254037844382,1.4999999999999996,-0.8660254037844382,-0.5,0.8660254037844379,1.7320508075688759,5.5694033940012536e-18,-0.00801875373874482,0.00801875373874482,-0.004629629629629636,-0.03358887711544852
1,3,4,0,0,0,0,-0.8660254037844382,1.4999999999999996,-1.732050807568877,0.9999999999999998,0.8660254037844384,1.7320508075688767,1.4740371079227534e-17,-0.008018753738744819,0.008018753738744819,-0.004629629629629637,-0.033588877115448536
1,3,5,0,0,0,0,-0.8660254037844382,1.4999999999999996,-1.732050807568877,0.0,1.2990381056766573,2.5980762113533147,-4.408485688572273e-19,0.02405626121623443,0.02405626121623443,0.020833333333333343,0.1511499470195182
1,4,0,0,0,0,0,-1.732050807568877,0.9999999999999998,0.0,0.9999999999999998,-0.8660254037844383,-1.7320508075688765,-9.891955957770822e-18,0.008018753738744793,0.008018753738744793,-0.004629629629629622,-0.03358887711544842
1,4,2,0,0,0,0,-1.732050807568877,0.9999999999999998,-0.8660254037844382,-0.5,0.8660254037844382,1.7320508075688763,1.875610027567733e-17,-0.008018753738744817,0.008018753738744817,-0.0046296296296296354,-0.03358887711544852
1,4,3,0,0,0,0,-1.732050807568877,0.9999999999999998,-0.8660254037844382,1.4999999999999996,-0.8660254037844384,-1.7320508075688767,1.474037107922754e-17,0.008018753738744819,0.008018753738744819,-0.004629629629629637,-0.033588877115448536
1,4,5,0,0,0,0,-1.732050807568877,0.9999999999999998,-1.732050807568877,0.0,0.8660254037844383,1.7320508075688765,8.246686700351616e-18,-0.008018753738744815,0.008018753738744815,-0.0046296296296296354,-0.033588877115448515
1,5,0,0,0,0,0,-1.732050807568877,-0.0,0.0,0.9999999999999998,-0.8660254037844383,-1.7320508075688765,-3.189307248266282e-18,0.008018753738744786,0.008018753738744786,-0.004629629629629618,-0.03358887711544839
1,5,2,0,0,0,0,-1.732050807568877,-0.0,-0.8660254037844382,-0.5,0.43301270189221924,0.8660254037844385,-1.5779642672891838e-17,0.008018753738744805,0.008018753738744805,0.002314814814814815,0.01679443855772424
1,5,3,0,0,0,0,-1.732050807568877,-0.0,-0.8660254037844382,1.4999999999999996,-1.2990381056766573,-2.5980762113533147,-4.408485688572265e-19,-0.024056261216234432,0.024056261216234432,0.020833333333333346,0.15114994701951825
1,5,4,0,0,0,0,-1.732050807568877,-0.0,-1.732050807568877,0.9999999999999998,-0.8660254037844383,-1.7320508075688765,8.246686700351615e-18,0.008018753738744815,0.008018753738744815,-0.0046296296296296354,-0.033588877115448515
2,0,1,0,0,0,0,0.8660254037844382,1.4999999999999998,0.8660254037844382,0.5,-0.433012701892219,-0.866025403784438,-8.240105629313613e-18,-0.008018753738744784,0.008018753738744784,0.002314814814814808,0.016794438557724188
2,0,3,0,0,0,0,0.8660254037844382,1.4999999999999998,0.0,1.9999999999999996,0.8660254037844379,1.7320508075688759,-9.72886843062973e-18,-0.008018753738744805,0.008018753738744805,-0.004629629629629627,-0.03358887711544846
2,0,4,0,0,0,0,0.8660254037844382,1.4999999999999998,-0.8660254037844388,1.4999999999999998,1.2990381056766576,2.598076211353315,-1.872116065778494e-18,0.024056261216234408,0.024056261216234408,0.02083333333333333,0.15114994701951812
2,0,5,0,0,0,0,0.8660254037844382,1.4999999999999998,-0.8660254037844388,0.5,0.8660254037844386,1.7320508075688772,4.35022979531191e-18,-0.008018753738744798,0.008018753738744798,-0.004629629629629627,-0.03358887711544846
2,1,0,0,0,0,0,0.8660254037844382,0.5,0.8660254037844382,1.4999999999999998,0.433012701892219,0.866025403784438,-8.240105629313613e-18,0.008018753738744784,0.008018753738744784,0.002314814814814808,0.016794438557724188
2,1,3,0,0,0,0,0.8660254037844382,0.5,0.0,1.9999999999999996,0.8660254037844379,1.7320508075688759,5.569403394001254e-18,-0.00801875373874482,0.00801875373874482,-0.004629629629629636,-0.03358887711544852
2,1,4,0,0,0,0,0.8660254037844382,0.5,-0.8660254037844388,1.4999999999999998,0.8660254037844383,1.7320508075688765,1.8756100275677333e-17,-0.008018753738744817,0.008018753738744817,-0.004629629629629636,-0.03358887711544852
2,1,5,0,0,0,0,0.8660254037844382,0.5,-0.8660254037844388,0.5,0.43301270189221924,0.8660254037844385,-1.5779642672891838e-17,0.008018753738744803,0.008018753738744803,0.0023148148148148147,0.016794438557724237
2,3,0,0,0,0,0,-0.0,1.9999999999999996,0.8660254037844382,1.4999999999999998,-0.8660254037844379,-1.7320508075688759,-9.72886843062973e-18,0.008018753738744805,0.008018753738744805,-0.004629629629629627,-0.03358887711544846
2,3,1,0,0,0,0,-0.0,1.9999999999999996,0.8660254037844382,0.5,-0.8660254037844379,-1.7320508075688759,5.5694033940012536e-18,0.00801875373874482,0.00801875373874482,-0.004629629629629636,-0.03358887711544852
2,3,4,0,0,0,0,-0.0,1.9999999999999996,-0.8660254037844388,1.4999999999999998,0.8660254037844386,1.7320508075688772,2.792706796090365e-17,-0.00801875373874483,0.00801875373874483,-0.004629629629629645,-0.033588877115448584
2,3,5,0,0,0,0,-0.0,1.9999999999999996,-0.8660254037844388,0.5,0.8660254037844386,1.7320508075688772,1.0357188801843026e-17,-0.008018753738744822,0.008018753738744822,-0.004629629629629641,-0.03358887711544856
2,4,0,0,0,0,0,-0.8660254037844388,1.4999999999999998,0.8660254037844382,1.4999999999999998,-1.2990381056766576,-2.598076211353315,-1.8721160657784946e-18,-0.024056261216234408,0.024056261216234408,0.02083333333333333,0.15114994701951812
2,4,1,0,0,0,0,-0.8660254037844388,1.4999999999999998,0.8660254037844382,0.5,-0.8660254037844383,-1.7320508075688765,1.875610027567733e-17,0.008018753738744817,0.008018753738744817,-0.004629629629629636,-0.03358887711544852
2,4,3,0,0,0,0,-0.8660254037844388,1.4999999999999998,0.0,1.9999999999999996,-0.8660254037844386,-1.7320508075688772,2.792706796090365e-17,0.00801875373874483,0.00801875373874483,-0.004629629629629645,-0.033588877115448584
2,4,5,0,0,0,0,-0.8660254037844388,1.4999999999999998,-0.8660254037844388,0.5,0.4330127018922193,0.8660254037844386,-5.270229097566147e-18,0.008018753738744817,0.008018753738744817,0.002314814814814819,0.016794438557724268
2,5,0,0,0,0,0,-0.8660254037844388,0.5,0.8660254037844382,1.4999999999999998,-0.8660254037844386,-1.7320508075688772,4.350229795311909e-18,0.008018753738744798,0.008018753738744798,-0.004629629629629627,-0.03358887711544846
2,5,1,0,0,0,0,-0.8660254037844388,0.5,0.8660254037844382,0.5,-0.43301270189221924,-0.8660254037844385,-1.5779642672891838e-17,-0.008018753738744805,0.008018753738744805,0.002314814814814815,0.01679443855772424
2,5,3,0,0,0,0,-0.8660254037844388,0.5,0.0,1.9999999999999996,-0.8660254037844386,-1.7320508075688772,1.0357188801843028e-17,0.008018753738744822,0.008018753738744822,-0.004629629629629641,-0.03358887711544856
2,5,4,0,0,0,0,-0.8660254037844388,0.5,-0.8660254037844388,1.4999999999999998,-0.4330127018922193,-0.8660254037844386,-5.270229097566148e-18,-0.008018753738744819,0.008018753738744819,0.0023148148148148195,0.01679443855772427
3,0,1,0,0,0,0,0.8660254037844382,-0.4999999999999999,0.8660254037844382,-1.4999999999999996,-0.43301270189221897,-0.8660254037844379,7.05816619531732e-18,-0.008018753738744786,0.008018753738744786,0.002314814814814808,0.016794438557724188
3,0,2,0,0,0,0,0.8660254037844382,-0.4999999999999999,0.0,-1.9999999999999996,-0.8660254037844379,-1.7320508075688759,-9.72886843062973e-18,0.008018753738744805,0.008018753738744805,-0.004629629629629627,-0.03358887711544846
3,0,4,0,0,0,0,0.8660254037844382,-0.4999999999999999,-0.8660254037844388,-0.4999999999999999,-0.43301270189221913,-0.8660254037844383,-1.7574160841680977e-17,-0.00801875373874479,0.00801875373874479,0.00231481481481481,0.016794438557724205
3,0,5,0,0,0,0,0.8660254037844382,-0.4999999999999999,-0.8660254037844388,-1.4999999999999996,-0.8660254037844382,-1.7320508075688763,-3.721909424098631e-18,0.00801875373874479,0.00801875373874479,-0.00462962962962962,-0.033588877115448404
3,1,0,0,0,0,0,0.8660254037844382,-1.4999999999999996,0.8660254037844382,-0.4999999999999999,0.43301270189221897,0.8660254037844379,7.05816619531732e-18,0.008018753738744786,0.008018753738744786,0.002314814814814808,0.016794438557724188
3,1,2,0,0,0,0,0.8660254037844382,-1.4999999999999996,0.0,-1.9999999999999996,-0.8660254037844379,-1.7320508075688759,5.569403394001254e-18,0.00801875373874482,0.00801875373874482,-0.004629629629629636,-0.03358887711544852
3,1,4,0,0,0,0,0.8660254037844382,-1.4999999999999996,-0.8660254037844388,-0.4999999999999999,-0.8660254037844384,-1.7320508075688767,1.4740371079227534e-17,0.008018753738744819,0.008018753738744819,-0.004629629629629637,-0.033588877115448536
3,1,5,0,0,0,0,0.8660254037844382,-1.4999999999999996,-0.8660254037844388,-1.4999999999999996,-1.2990381056766573,-2.5980762113533147,-4.408485688572263e-19,-0.02405626121623443,0.02405626121623443,0.020833333333333343,0.1511499470195182
3,2,0,0,0,0,0,-0.0,-1.9999999999999996,0.8660254037844382,-0.4999999999999999,0.8660254037844379,1.7320508075688759,-9.72886843062973e-18,-0.008018753738744805,0.008018753738744805,-0.004629629629629627,-0.03358887711544846
3,2,1,0,0,0,0,-0.0,-1.9999999999999996,0.8660254037844382,-1.4999999999999996,0.8660254037844379,1.7320508075688759,5.569403394001254e-18,-0.00801875373874482,0.00801875373874482,-0.004629629629629636,-0.03358887711544852
3,2,4,0,0,0,0,-0.0,-1.9999999999999996,-0.8660254037844388,-0.4999999999999999,-0.8660254037844386,-1.7320508075688772,2.792706796090366e-17,0.00801875373874483,0.00801875373874483,-0.004629629629629645,-0.033588877115448584
3,2,5,0,0,0,0,-0.0,-1.9999999999999996,-0.8660254037844388,-1.4999999999999996,-0.8660254037844386,-1.7320508075688772,1.0357188801843028e-17,0.008018753738744822,0.008018753738744822,-0.004629629629629641,-0.03358887711544856
3,4,0,0,0,0,0,-0.8660254037844388,-0.4999999999999999,0.8660254037844382,-0.4999999999999999,0.43301270189221913,0.8660254037844383,-1.7574160841680977e-17,0.00801875373874479,0.00801875373874479,0.00231481481481481,0.016794438557724205
3,4,1,0,0,0,0,-0.8660254037844388,-0.4999999999999999,0.8660254037844382,-1.4999999999999996,0.8660254037844384,1.7320508075688767,1.474037107922754e-17,-0.008018753738744819,0.008018753738744819,-0.004629629629629637,-0.033588877115448536
3,4,2,0,0,0,0,-0.8660254037844388,-0.4999999999999999,0.0,-1.9999999999999996,0.8660254037844386,1.7320508075688772,2.792706796090365e-17,-0.00801875373874483,0.00801875373874483,-0.004629629629629645,-0.033588877115448584
3,4,5,0,0,0,0,-0.8660254037844388,-0.4999999999999999,-0.8660254037844388,-1.4999999999999996,0.43301270189221924,0.8660254037844385,-2.2840108256626718e-17,0.008018753738744808,0.008018753738744808,0.002314814814814816,0.016794438557724247
3,5,0,0,0,0,0,-0.8660254037844388,-1.4999999999999996,0.8660254037844382,-0.4999999999999999,0.8660254037844382,1.7320508075688763,-3.721909424098632e-18,-0.00801875373874479,0.00801875373874479,-0.00462962962962962,-0.033588877115448404
3,5,1,0,0,0,0,-0.8660254037844388,-1.4999999999999996,0.8660254037844382,-1.4999999999999996,1.2990381056766573,2.5980762113533147,-4.408485688572265e-19,0.024056261216234432,0.024056261216234432,0.020833333333333346,0.15114994701951825
3,5,2,0,0,0,0,-0.8660254037844388,-1.4999999999999996,0.0,-1.9999999999999996,0.8660254037844386,1.7320508075688772,1.0357188801843028e-17,-0.008018753738744822,0.008018753738744822,-0.004629629629629641,-0.03358887711544856
3,5,4,0,0,0,0,-0.8660254037844388,-1.4999999999999996,-0.8660254037844388,-0.4999999999999999,-0.43301270189221924,-0.8660254037844385,-2.284010825662672e-17,-0.00801875373874481,0.00801875373874481,0.002314814814814817,0.01679443855772425
4,0,1,0,0,0,0,1.732050807568877,-0.0,1.732050807568877,-0.9999999999999998,-0.8660254037844383,-1.7320508075688765,-9.891955957770822e-18,0.008018753738744794,0.008018753738744794,-0.004629629629629623,-0.03358887711544843
4,0,2,0,0,0,0,1.732050807568877,-0.0,0.8660254037844388,-1.4999999999999998,-1.2990381056766576,-2.598076211353315,-1.872116065778494e-18,-0.024056261216234408,0.024056261216234408,0.02083333333333333,0.15114994701951812
4,0,3,0,0,0,0,1.732050807568877,-0.0,0.8660254037844388,0.4999999999999999,0.43301270189221913,0.8660254037844383,-1.7574160841680977e-17,0.00801875373874479,0.00801875373874479,0.00231481481481481,0.016794438557724205
4,0,5,0,0,0,0,1.732050807568877,-0.0,0.0,-0.9999999999999998,-0.8660254037844383,-1.7320508075688765,1.5440379908470557e-18,0.008018753738744796,0.008018753738744796,-0.004629629629629624,-0.03358887711544844
4,1,0,0,0,0,0,1.732050807568877,-0.9999999999999998,1.732050807568877,0.0,0.8660254037844383,1.7320508075688765,-9.891955957770822e-18,-0.008018753738744794,0.008018753738744794,-0.004629629629629623,-0.03358887711544843
4,1,2,0,0,0,0,1.732050807568877,-0.9999999999999998,0.8660254037844388,-1.4999999999999998,-0.8660254037844383,-1.7320508075688765,1.8756100275677333e-17,0.008018753738744817,0.008018753738744817,-0.004629629629629636,-0.03358887711544852
4,1,3,0,0,0,0,1.732050807568877,-0.9999999999999998,0.8660254037844388,0.4999999999999999,0.8660254037844384,1.7320508075688767,1.4740371079227534e-17,-0.008018753738744819,0.008018753738744819,-0.004629629629629637,-0.033588877115448536
4,1,5,0,0,0,0,1.732050807568877,-0.9999999999999998,0.0,-0.9999999999999998,-0.8660254037844383,-1.7320508075688765,8.246686700351615e-18,0.008018753738744815,0.008018753738744815,-0.0046296296296296354,-0.033588877115448515
4,2,0,0,0,0,0,0.8660254037844388,-1.4999999999999998,1.732050807568877,0.0,1.2990381056766576,2.598076211353315,-1.872116065778494e-18,0.024056261216234408,0.024056261216234408,0.02083333333333333,0.15114994701951812
4,2,1,0,0,0,0,0.8660254037844388,-1.4999999999999998,1.732050807568877,-0.9999999999999998,0.8660254037844383,1.7320508075688765,1.875610027567733e-17,-0.008018753738744817,0.008018753738744817,-0.004629629629629636,-0.03358887711544852
4,2,3,0,0,0,0,0.8660254037844388,-1.4999999999999998,0.8660254037844388,0.4999999999999999,0.8660254037844386,1.7320508075688772,2.792706796090366e-17,-0.00801875373874483,0.00801875373874483,-0.004629629629629645,-0.033588877115448584
4,2,5,0,0,0,0,0.8660254037844388,-1.4999999999999998,0.0,-0.9999999999999998,-0.4330127018922193,-0.8660254037844386,-5.270229097566147e-18,-0.008018753738744817,0.008018753738744817,0.002314814814814819,0.016794438557724268
4,3,0,0,0,0,0,0.8660254037844388,0.4999999999999999,1.732050807568877,0.0,-0.43301270189221913,-0.8660254037844383,-1.7574160841680974e-17,-0.00801875373874479,0.00801875373874479,0.00231481481481481,0.016794438557724205
4,3,1,0,0,0,0,0.8660254037844388,0.4999999999999999,1.732050807568877,-0.9999999999999998,-0.8660254037844384,-1.7320508075688767,1.4740371079227534e-17,0.008018753738744819,0.008018753738744819,-0.004629629629629637,-0.033588877115448536
4,3,2,0,0,0,0,0.8660254037844388,0.4999999999999999,0.8660254037844388,-1.4999999999999998,-0.8660254037844386,-1.7320508075688772,2.792706796090365e-17,0.00801875373874483,0.00801875373874483,-0.004629629629629645,-0.033588877115448584
4,3,5,0,0,0,0,0.8660254037844388,0.4999999999999999,0.0,-0.9999999999999998,-0.4330127018922193,-0.8660254037844386,-2.2840108256626715e-17,-0.00801875373874481,0.00801875373874481,0.002314814814814817,0.016794438557724254
4,5,0,0,0,0,0,-0.0,-0.9999999999999998,1.732050807568877,0.0,0.8660254037844383,1.7320508075688765,1.5440379908470558e-18,-0.008018753738744796,0.008018753738744796,-0.004629629629629624,-0.03358887711544844
4,5,1,0,0,0,0,-0.0,-0.9999999999999998,1.732050807568877,-0.9999999999999998,0.8660254037844383,1.7320508075688765,8.246686700351615e-18,-0.008018753738744815,0.008018753738744815,-0.0046296296296296354,-0.033588877115448515
4,5,2,0,0,0,0,-0.0,-0.9999999999999998,0.8660254037844388,-1.4999999999999998,0.4330127018922193,0.8660254037844386,-5.270229097566148e-18,0.008018753738744819,0.008018753738744819,0.0023148148148148195,0.01679443855772427
4,5,3,0,0,0,0,-0.0,-0.9999999999999998,0.8660254037844388,0.4999999999999999,0.4330127018922193,0.8660254037844386,-2.284010825662672e-17,0.00801875373874481,0.00801875373874481,0.002314814814814817,0.016794438557724254
5,0,1,0,0,0,0,1.732050807568877,0.9999999999999998,1.732050807568877,0.0,-0.8660254037844383,-1.7320508075688765,-3.189307248266282e-18,0.008018753738744788,0.008018753738744788,-0.004629629629629619,-0.0335888771154484
5,0,2,0,0,0,0,1.732050807568877,0.9999999999999998,0.8660254037844388,-0.5,-0.8660254037844386,-1.7320508075688772,4.35022979531191e-18,0.008018753738744798,0.008018753738744798,-0.004629629629629627,-0.03358887711544846
5,0,3,0,0,0,0,1.732050807568877,0.9999999999999998,0.8660254037844388,1.4999999999999996,0.866025403784438,1.732050807568876,-3.721909424098631e-18,-0.00801875373874479,0.00801875373874479,-0.004629629629629619,-0.0335888771154484
5,0,4,0,0,0,0,1.732050807568877,0.9999999999999998,0.0,0.9999999999999998,0.8660254037844383,1.7320508075688765,1.5440379908470557e-18,-0.008018753738744796,0.008018753738744796,-0.004629629629629624,-0.03358887711544844
5,1,0,0,0,0,0,1.732050807568877,-0.0,1.732050807568877,0.9999999999999998,0.8660254037844383,1.7320508075688765,-3.1893072482662817e-18,-0.008018753738744786,0.008018753738744786,-0.004629629629629618,-0.03358887711544839
5,1,2,0,0,0,0,1.732050807568877,-0.0,0.8660254037844388,-0.5,-0.43301270189221924,-0.8660254037844385,-1.5779642672891838e-17,-0.008018753738744803,0.008018753738744803,0.0023148148148148147,0.016794438557724237
5,1,3,0,0,0,0,1.732050807568877,-0.0,0.8660254037844388,1.4999999999999996,1.2990381056766573,2.5980762113533147,-4.408485688572263e-19,0.02405626121623443,0.02405626121623443,0.020833333333333343,0.1511499470195182
5,1,4,0,0,0,0,1.732050807568877,-0.0,0.0,0.9999999999999998,0.8660254037844383,1.7320508075688765,8.246686700351615e-18,-0.008018753738744815,0.008018753738744815,-0.0046296296296296354,-0.033588877115448515
5,2,0,0,0,0,0,0.8660254037844388,-0.5,1.732050807568877,0.9999999999999998,0.8660254037844386,1.7320508075688772,4.350229795311909e-18,-0.008018753738744798,0.008018753738744798,-0.004629629629629627,-0.03358887711544846
5,2,1,0,0,0,0,0.8660254037844388,-0.5,1.732050807568877,0.0,0.43301270189221924,0.8660254037844385,-1.5779642672891838e-17,0.008018753738744803,0.008018753738744803,0.0023148148148148147,0.016794438557724237
5,2,3,0,0,0,0,0.8660254037844388,-0.5,0.8660254037844388,1.4999999999999996,0.8660254037844386,1.7320508075688772,1.0357188801843028e-17,-0.008018753738744822,0.008018753738744822,-0.004629629629629641,-0.03358887711544856
5,2,4,0,0,0,0,0.8660254037844388,-0.5,0.0,0.9999999999999998,0.4330127018922193,0.8660254037844386,-5.270229097566147e-18,0.008018753738744817,0.008018753738744817,0.002314814814814819,0.016794438557724268
5,3,0,0,0,0,0,0.8660254037844388,1.4999999999999996,1.732050807568877,0.9999999999999998,-0.866025403784438,-1.732050807568876,-3.721909424098632e-18,0.00801875373874479,0.00801875373874479,-0.004629629629629619,-0.0335888771154484
5,3,1,0,0,0,0,0.8660254037844388,1.4999999999999996,1.732050807568877,0.0,-1.2990381056766573,-2.5980762113533147,-4.408485688572273e-19,-0.02405626121623443,0.02405626121623443,0.020833333333333343,0.1511499470195182
5,3,2,0,0,0,0,0.8660254037844388,1.4999999999999996,0.8660254037844388,-0.5,-0.8660254037844386,-1.7320508075688772,1.0357188801843026e-17,0.008018753738744822,0.008018753738744822,-0.004629629629629641,-0.03358887711544856
5,3,4,0,0,0,0,0.8660254037844388,1.4999999999999996,0.0,0.9999999999999998,0.4330127018922193,0.8660254037844386,-2.2840108256626715e-17,0.00801875373874481,0.00801875373874481,0.002314814814814817,0.016794438557724254
5,4,0,0,0,0,0,-0.0,0.9999999999999998,1.732050807568877,0.9999999999999998,-0.8660254037844383,-1.7320508075688765,1.5440379908470557e-18,0.008018753738744796,0.008018753738744796,-0.004629629629629624,-0.03358887711544844
5,4,1,0,0,0,0,-0.0,0.9999999999999998,1.732050807568877,0.0,-0.8660254037844383,-1.7320508075688765,8.246686700351616e-18,0.008018753738744815,0.008018753738744815,-0.0046296296296296354,-0.033588877115448515
5,4,2,0,0,0,0,-0.0,0.9999999999999998,0.8660254037844388,-0.5,-0.4330127018922193,-0.8660254037844386,-5.270229097566147e-18,-0.008018753738744817,0.008018753738744817,0.002314814814814819,0.016794438557724268
5,4,3,0,0,0,0,-0.0,0.9999999999999998,0.8660254037844388,1.4999999999999996,-0.4330127018922193,-0.8660254037844386,-2.2840108256626718e-17,-0.008018753738744808,0.008018753738744808,0.0023148148148148164,0.01679443855772425
