a,b,abba,,
8,4,0.003354564,,0.039122705
4,8,0.003354564,,
5,9,0.003354564,,0.039581922
9,5,0.003354564,,
10,6,0.003354564,,
6,10,0.003354564,,
7,11,0.003354564,,
11,7,0.003354564,,
6,2,0.001489431,,
2,6,0.001489431,,
7,3,0.001489431,,
3,7,0.001489431,,
5,1,0.001489431,,
1,5,0.001489431,,
0,4,0.001489431,,
4,0,0.001489431,,
9,1,0.000103745,,
1,9,0.000103745,,
0,8,0.000103745,,
8,0,0.000103745,,
11,3,0.000103745,,
3,11,0.000103745,,
2,10,0.000103745,,
10,2,0.000103745,,
4,7,1.17E-05,,
7,4,1.17E-05,,
5,6,1.17E-05,,
6,5,1.17E-05,,
3,4,8.13E-07,,
4,3,8.13E-07,,
5,2,8.13E-07,,
2,5,8.13E-07,,
1,6,8.13E-07,,
6,1,8.13E-07,,
7,0,8.13E-07,,
0,7,8.13E-07,,
10,8,1.48E-07,,
8,10,1.48E-07,,
11,9,1.48E-07,,
9,11,1.48E-07,,
6,8,6.88E-08,,
8,6,6.88E-08,,
9,7,6.88E-08,,
7,9,6.88E-08,,
5,11,6.88E-08,,
11,5,6.88E-08,,
10,4,6.88E-08,,
4,10,6.88E-08,,
2,1,6.78E-08,,
1,2,6.78E-08,,
0,3,6.78E-08,,
3,0,6.78E-08,,
6,7,2.73E-08,,
7,6,2.73E-08,,
5,4,2.73E-08,,
4,5,2.73E-08,,
11,8,1.23E-08,,
8,11,1.23E-08,,
9,10,1.23E-08,,
10,9,1.23E-08,,
10,11,4.36E-10,,
11,10,4.36E-10,,
8,9,4.36E-10,,
9,8,4.36E-10,,
1,0,-8.34E-11,,
0,1,-8.34E-11,,
2,3,-8.34E-11,,
3,2,-8.34E-11,,
3,1,-3.28E-10,,
1,3,-3.28E-10,,
0,2,-3.28E-10,,
2,0,-3.28E-10,,
4,6,-1.88E-09,,
5,7,-1.88E-09,,
6,4,-1.88E-09,,
7,5,-1.88E-09,,
2,7,-1.12E-08,,
7,2,-1.12E-08,,
6,3,-1.12E-08,,
3,6,-1.12E-08,,
4,1,-1.12E-08,,
1,4,-1.12E-08,,
0,5,-1.12E-08,,
5,0,-1.12E-08,,
3,5,-1.55E-08,,
7,1,-1.55E-08,,
5,3,-1.55E-08,,
1,7,-1.55E-08,,
6,0,-1.55E-08,,
2,4,-1.55E-08,,
4,2,-1.55E-08,,
0,6,-1.55E-08,,
5,8,-4.15E-08,,
8,5,-4.15E-08,,
11,6,-4.15E-08,,
6,11,-4.15E-08,,
10,7,-4.15E-08,,
7,10,-4.15E-08,,
4,9,-4.15E-08,,
9,4,-4.15E-08,,
3,10,-6.22E-07,,
2,11,-6.22E-07,,
11,2,-6.22E-07,,
0,9,-6.22E-07,,
9,0,-6.22E-07,,
10,3,-6.22E-07,,
8,1,-6.22E-07,,
1,8,-6.22E-07,,
0,11,-1.70E-06,,
11,0,-1.70E-06,,
1,10,-1.70E-06,,
10,1,-1.70E-06,,
2,9,-1.70E-06,,
8,3,-1.70E-06,,
3,8,-1.70E-06,,
9,2,-1.70E-06,,
10,0,-7.20E-06,,
1,11,-7.20E-06,,
0,10,-7.20E-06,,
11,1,-7.20E-06,,
8,2,-7.20E-06,,
2,8,-7.20E-06,,
3,9,-7.20E-06,,
9,3,-7.20E-06,,
7,8,-5.47E-05,,
8,7,-5.47E-05,,
6,9,-5.47E-05,,
9,6,-5.47E-05,,
10,5,-5.47E-05,,
5,10,-5.47E-05,,
11,4,-5.47E-05,,
4,11,-5.47E-05,,