a,b,abba,,0.205239969
2,6,0.020596874,,0.159011767
3,7,0.020596874,,
1,5,0.020596874,,
0,4,0.020596874,,
8,4,0.019156068,,
9,5,0.019156068,,
10,6,0.019156068,,
11,7,0.019156068,,
4,8,0.003767813,,
5,9,0.003767813,,
6,10,0.003767813,,
7,11,0.003767813,,
4,11,0.002802541,,
5,10,0.002802541,,
6,9,0.002802541,,
7,8,0.002802541,,
6,2,0.002340778,,
7,3,0.002340778,,
5,1,0.002340778,,
4,0,0.002340778,,
9,3,0.000751462,,
8,2,0.000751462,,
11,1,0.000751462,,
10,0,0.000751462,,
4,7,0.00044221,,
5,6,0.00044221,,
7,4,0.00044221,,
6,5,0.00044221,,
1,8,0.000183237,,
0,9,0.000183237,,
2,11,0.000183237,,
3,10,0.000183237,,
1,9,0.000179951,,
0,8,0.000179951,,
3,11,0.000179951,,
2,10,0.000179951,,
11,4,0.000169123,,
10,5,0.000169123,,
8,7,0.000169123,,
9,6,0.000169123,,
9,1,0.0001644,,
8,0,0.0001644,,
10,2,0.0001644,,
11,3,0.0001644,,
2,9,0.000134118,,
3,8,0.000134118,,
1,10,0.000134118,,
0,11,0.000134118,,
5,3,8.85E-05,,
4,2,8.85E-05,,
6,0,8.85E-05,,
7,1,8.85E-05,,
8,6,8.61E-05,,
9,7,8.61E-05,,
10,4,8.61E-05,,
11,5,8.61E-05,,
4,3,6.98E-05,,
6,1,6.98E-05,,
7,0,6.98E-05,,
5,2,6.98E-05,,
10,7,5.65E-05,,
11,6,5.65E-05,,
9,4,5.65E-05,,
8,5,5.65E-05,,
4,5,4.50E-05,,
7,6,4.50E-05,,
6,7,4.50E-05,,
5,4,4.50E-05,,
3,4,4.48E-05,,
2,5,4.48E-05,,
0,7,4.48E-05,,
1,6,4.48E-05,,
2,4,3.93E-05,,
3,5,3.93E-05,,
0,6,3.93E-05,,
1,7,3.93E-05,,
11,2,3.34E-05,,
10,3,3.34E-05,,
8,1,3.34E-05,,
9,0,3.34E-05,,
1,11,3.31E-05,,
0,10,3.31E-05,,
3,9,3.31E-05,,
2,8,3.31E-05,,
8,11,2.52E-05,,
9,10,2.52E-05,,
11,8,2.52E-05,,
10,9,2.52E-05,,
8,10,2.12E-05,,
10,8,2.12E-05,,
9,11,2.12E-05,,
11,9,2.12E-05,,
6,11,1.94E-05,,
7,10,1.94E-05,,
4,9,1.94E-05,,
5,8,1.94E-05,,
2,1,1.50E-05,,
3,0,1.50E-05,,
1,2,1.50E-05,,
0,3,1.50E-05,,
1,4,1.18E-05,,
0,5,1.18E-05,,
3,6,1.18E-05,,
2,7,1.18E-05,,
9,2,9.66E-06,,
8,3,9.66E-06,,
11,0,9.66E-06,,
10,1,9.66E-06,,
2,3,7.31E-06,,
1,0,7.31E-06,,
0,1,7.31E-06,,
3,2,7.31E-06,,
4,6,6.24E-06,,
5,7,6.24E-06,,
7,5,6.24E-06,,
6,4,6.24E-06,,
6,3,4.27E-06,,
5,0,4.27E-06,,
7,2,4.27E-06,,
4,1,4.27E-06,,
4,10,3.40E-06,,
6,8,3.40E-06,,
5,11,3.40E-06,,
7,9,3.40E-06,,
11,10,7.19E-07,,
10,11,7.19E-07,,
9,8,7.19E-07,,
8,9,7.19E-07,,
0,2,7.18E-07,,
2,0,7.18E-07,,
1,3,7.18E-07,,
3,1,7.18E-07,,