a,b,c,abbc,,a,b,c,loc ten
3,7,11,0.015215875,,4,8,12,0.015215875
2,6,10,0.015215875,,3,7,11,0.015215875
10,6,2,0.015215875,,11,7,3,0.015215875
11,7,3,0.015215875,,12,8,4,0.015215875
0,4,8,0.015215875,,1,5,9,0.015215875
8,4,0,0.015215875,,9,5,1,0.015215875
9,5,1,0.015215875,,10,6,2,0.015215875
1,5,9,0.015215875,,2,6,10,0.015215875
4,8,7,0.00080832,,,,,
7,8,4,0.00080832,,,,,0.121727003
4,11,7,0.00080832,,,,,
7,11,4,0.00080832,,,,,
5,10,6,0.00080832,,,,,
6,10,5,0.00080832,,,,,
6,9,5,0.00080832,,,,,
5,9,6,0.00080832,,,,,
3,7,4,0.000580472,,,,,
4,7,3,0.000580472,,,,,
5,6,2,0.000580472,,,,,
2,6,5,0.000580472,,,,,
6,5,1,0.000580472,,,,,
1,5,6,0.000580472,,,,,
7,4,0,0.000580472,,,,,
0,4,7,0.000580472,,,,,
7,4,8,0.000373118,,,,,
8,4,7,0.000373118,,,,,
9,5,6,0.000373118,,,,,
11,7,4,0.000373118,,,,,
6,5,9,0.000373118,,,,,
4,7,11,0.000373118,,,,,
10,6,5,0.000373118,,,,,
5,6,10,0.000373118,,,,,
3,11,4,0.0001382,,,,,
4,11,3,0.0001382,,,,,
6,9,1,0.0001382,,,,,
1,9,6,0.0001382,,,,,
7,8,0,0.0001382,,,,,
0,8,7,0.0001382,,,,,
5,10,2,0.0001382,,,,,
2,10,5,0.0001382,,,,,
10,4,8,9.65E-05,,,,,
8,4,10,9.65E-05,,,,,
11,7,9,9.65E-05,,,,,
10,6,8,9.65E-05,,,,,
8,6,10,9.65E-05,,,,,
9,7,11,9.65E-05,,,,,
11,5,9,9.65E-05,,,,,
9,5,11,9.65E-05,,,,,
8,11,4,8.39E-05,,,,,
4,11,8,8.39E-05,,,,,
5,10,9,8.39E-05,,,,,
9,10,5,8.39E-05,,,,,
7,8,11,8.39E-05,,,,,
11,8,7,8.39E-05,,,,,
10,9,6,8.39E-05,,,,,
6,9,10,8.39E-05,,,,,
9,3,7,7.43E-05,,,,,
7,3,9,7.43E-05,,,,,
6,2,8,7.43E-05,,,,,
8,2,6,7.43E-05,,,,,
11,1,5,7.43E-05,,,,,
5,1,11,7.43E-05,,,,,
4,0,10,7.43E-05,,,,,
10,0,4,7.43E-05,,,,,
2,6,8,7.36E-05,,,,,
8,6,2,7.36E-05,,,,,
3,7,9,7.36E-05,,,,,
9,7,3,7.36E-05,,,,,
0,4,10,7.36E-05,,,,,
10,4,0,7.36E-05,,,,,
1,5,11,7.36E-05,,,,,
11,5,1,7.36E-05,,,,,
2,5,1,6.70E-05,,,,,
1,5,2,6.70E-05,,,,,
0,4,3,6.70E-05,,,,,
3,4,0,6.70E-05,,,,,
2,6,1,6.70E-05,,,,,
3,7,0,6.70E-05,,,,,
0,7,3,6.70E-05,,,,,
1,6,2,6.70E-05,,,,,
3,4,8,5.70E-05,,,,,
8,4,3,5.70E-05,,,,,
1,6,10,5.70E-05,,,,,
10,6,1,5.70E-05,,,,,
9,5,2,5.70E-05,,,,,
2,5,9,5.70E-05,,,,,
0,7,11,5.70E-05,,,,,
11,7,0,5.70E-05,,,,,
3,8,4,4.12E-05,,,,,
4,8,3,4.12E-05,,,,,
2,9,5,4.12E-05,,,,,
5,9,2,4.12E-05,,,,,
1,10,6,4.12E-05,,,,,
6,10,1,4.12E-05,,,,,
7,11,0,4.12E-05,,,,,
0,11,7,4.12E-05,,,,,
11,8,4,3.46E-05,,,,,
4,8,11,3.46E-05,,,,,
7,11,8,3.46E-05,,,,,
8,11,7,3.46E-05,,,,,
10,9,5,3.46E-05,,,,,
5,9,10,3.46E-05,,,,,
9,10,6,3.46E-05,,,,,
6,10,9,3.46E-05,,,,,
7,11,2,2.39E-05,,,,,
2,11,7,2.39E-05,,,,,
3,10,6,2.39E-05,,,,,
6,10,3,2.39E-05,,,,,
5,9,0,2.39E-05,,,,,
0,9,5,2.39E-05,,,,,
4,8,1,2.39E-05,,,,,
1,8,4,2.39E-05,,,,,
9,3,11,1.54E-05,,,,,
11,3,9,1.54E-05,,,,,
8,2,10,1.54E-05,,,,,
10,2,8,1.54E-05,,,,,
10,0,8,1.54E-05,,,,,
8,0,10,1.54E-05,,,,,
9,1,11,1.54E-05,,,,,
11,1,9,1.54E-05,,,,,
7,10,3,1.34E-05,,,,,
3,10,7,1.34E-05,,,,,
2,11,6,1.34E-05,,,,,
6,11,2,1.34E-05,,,,,
0,9,4,1.34E-05,,,,,
4,9,0,1.34E-05,,,,,
1,8,5,1.34E-05,,,,,
5,8,1,1.34E-05,,,,,
0,5,1,1.24E-05,,,,,
1,5,0,1.24E-05,,,,,
1,4,0,1.24E-05,,,,,
0,4,1,1.24E-05,,,,,
3,7,2,1.24E-05,,,,,
2,7,3,1.24E-05,,,,,
3,6,2,1.24E-05,,,,,
2,6,3,1.24E-05,,,,,
8,4,1,1.02E-05,,,,,
1,4,8,1.02E-05,,,,,
9,5,0,1.02E-05,,,,,
0,5,9,1.02E-05,,,,,
2,7,11,1.02E-05,,,,,
11,7,2,1.02E-05,,,,,
3,6,10,1.02E-05,,,,,
10,6,3,1.02E-05,,,,,
8,0,7,1.02E-05,,,,,
9,1,6,1.02E-05,,,,,
6,1,9,1.02E-05,,,,,
7,0,8,1.02E-05,,,,,
11,3,4,1.02E-05,,,,,
4,3,11,1.02E-05,,,,,
5,2,10,1.02E-05,,,,,
10,2,5,1.02E-05,,,,,
2,9,1,9.23E-06,,,,,
1,9,2,9.23E-06,,,,,
3,8,0,9.23E-06,,,,,
0,8,3,9.23E-06,,,,,
3,11,0,9.23E-06,,,,,
0,11,3,9.23E-06,,,,,
2,10,1,9.23E-06,,,,,
1,10,2,9.23E-06,,,,,
10,7,6,8.49E-06,,,,,
6,7,10,8.49E-06,,,,,
11,6,7,8.49E-06,,,,,
4,5,8,8.49E-06,,,,,
7,6,11,8.49E-06,,,,,
8,5,4,8.49E-06,,,,,
5,4,9,8.49E-06,,,,,
9,4,5,8.49E-06,,,,,
8,10,5,5.45E-06,,,,,
5,10,8,5.45E-06,,,,,
7,8,10,5.45E-06,,,,,
10,8,7,5.45E-06,,,,,
6,9,11,5.45E-06,,,,,
11,9,6,5.45E-06,,,,,
4,11,9,5.45E-06,,,,,
9,11,4,5.45E-06,,,,,
10,7,3,5.31E-06,,,,,
3,7,10,5.31E-06,,,,,
2,6,11,5.31E-06,,,,,
11,6,2,5.31E-06,,,,,
0,4,9,5.31E-06,,,,,
9,4,0,5.31E-06,,,,,
1,5,8,5.31E-06,,,,,
8,5,1,5.31E-06,,,,,
3,11,8,4.54E-06,,,,,
8,11,3,4.54E-06,,,,,
9,10,2,4.54E-06,,,,,
2,10,9,4.54E-06,,,,,
11,8,0,4.54E-06,,,,,
1,9,10,4.54E-06,,,,,
0,8,11,4.54E-06,,,,,
10,9,1,4.54E-06,,,,,
1,5,7,3.93E-06,,,,,
7,5,1,3.93E-06,,,,,
3,7,5,3.93E-06,,,,,
5,7,3,3.93E-06,,,,,
2,6,4,3.93E-06,,,,,
4,6,2,3.93E-06,,,,,
6,4,0,3.93E-06,,,,,
0,4,6,3.93E-06,,,,,
3,10,2,3.78E-06,,,,,
2,11,3,3.78E-06,,,,,
2,10,3,3.78E-06,,,,,
3,11,2,3.78E-06,,,,,
0,8,1,3.78E-06,,,,,
1,8,0,3.78E-06,,,,,
1,9,0,3.78E-06,,,,,
0,9,1,3.78E-06,,,,,
6,2,9,3.69E-06,,,,,
9,2,6,3.69E-06,,,,,
7,3,8,3.69E-06,,,,,
8,3,7,3.69E-06,,,,,
4,0,11,3.69E-06,,,,,
10,1,5,3.69E-06,,,,,
11,0,4,3.69E-06,,,,,
5,1,10,3.69E-06,,,,,
11,9,1,3.27E-06,,,,,
1,9,11,3.27E-06,,,,,
8,10,2,3.27E-06,,,,,
2,10,8,3.27E-06,,,,,
9,11,3,3.27E-06,,,,,
3,11,9,3.27E-06,,,,,
10,8,0,3.27E-06,,,,,
0,8,10,3.27E-06,,,,,
6,9,7,3.04E-06,,,,,
7,9,6,3.04E-06,,,,,
5,10,4,3.04E-06,,,,,
4,10,5,3.04E-06,,,,,
4,11,5,3.04E-06,,,,,
5,11,4,3.04E-06,,,,,
7,8,6,3.04E-06,,,,,
6,8,7,3.04E-06,,,,,
7,11,6,2.39E-06,,,,,
7,10,6,2.39E-06,,,,,
6,10,7,2.39E-06,,,,,
6,11,7,2.39E-06,,,,,
5,9,4,2.39E-06,,,,,
4,9,5,2.39E-06,,,,,
5,8,4,2.39E-06,,,,,
4,8,5,2.39E-06,,,,,
3,5,9,2.25E-06,,,,,
9,5,3,2.25E-06,,,,,
8,4,2,2.25E-06,,,,,
2,4,8,2.25E-06,,,,,
10,6,0,2.25E-06,,,,,
11,7,1,2.25E-06,,,,,
0,6,10,2.25E-06,,,,,
1,7,11,2.25E-06,,,,,
8,1,7,2.04E-06,,,,,
7,1,8,2.04E-06,,,,,
9,0,6,2.04E-06,,,,,
6,0,9,2.04E-06,,,,,
4,2,11,2.04E-06,,,,,
11,2,4,2.04E-06,,,,,
10,3,5,2.04E-06,,,,,
5,3,10,2.04E-06,,,,,
7,5,9,2.01E-06,,,,,
9,5,7,2.01E-06,,,,,
6,4,8,2.01E-06,,,,,
8,4,6,2.01E-06,,,,,
5,7,11,2.01E-06,,,,,
11,7,5,2.01E-06,,,,,
4,6,10,2.01E-06,,,,,
10,6,4,2.01E-06,,,,,
2,11,8,1.86E-06,,,,,
8,11,2,1.86E-06,,,,,
1,8,11,1.86E-06,,,,,
11,8,1,1.86E-06,,,,,
0,9,10,1.86E-06,,,,,
10,9,0,1.86E-06,,,,,
9,10,3,1.86E-06,,,,,
3,10,9,1.86E-06,,,,,
0,9,11,1.74E-06,,,,,
11,9,0,1.74E-06,,,,,
1,8,10,1.74E-06,,,,,
10,8,1,1.74E-06,,,,,
9,11,2,1.74E-06,,,,,
2,11,9,1.74E-06,,,,,
3,10,8,1.74E-06,,,,,
8,10,3,1.74E-06,,,,,
6,5,11,1.24E-06,,,,,
11,5,6,1.24E-06,,,,,
10,4,7,1.24E-06,,,,,
7,4,10,1.24E-06,,,,,
4,7,9,1.24E-06,,,,,
9,7,4,1.24E-06,,,,,
8,6,5,1.24E-06,,,,,
5,6,8,1.24E-06,,,,,
2,9,11,1.07E-06,,,,,
11,9,2,1.07E-06,,,,,
3,8,10,1.07E-06,,,,,
10,8,3,1.07E-06,,,,,
1,10,8,1.07E-06,,,,,
8,10,1,1.07E-06,,,,,
0,11,9,1.07E-06,,,,,
9,11,0,1.07E-06,,,,,
4,5,6,1.00E-06,,,,,
6,5,4,1.00E-06,,,,,
5,6,7,1.00E-06,,,,,
6,7,4,1.00E-06,,,,,
7,6,5,1.00E-06,,,,,
4,7,6,1.00E-06,,,,,
5,4,7,1.00E-06,,,,,
7,4,5,1.00E-06,,,,,
6,4,2,9.61E-07,,,,,
2,4,6,9.61E-07,,,,,
5,7,1,9.61E-07,,,,,
1,7,5,9.61E-07,,,,,
4,6,0,9.61E-07,,,,,
0,6,4,9.61E-07,,,,,
7,5,3,9.61E-07,,,,,
3,5,7,9.61E-07,,,,,
8,9,4,9.28E-07,,,,,
4,9,8,9.28E-07,,,,,
7,10,11,9.28E-07,,,,,
6,11,10,9.28E-07,,,,,
11,10,7,9.28E-07,,,,,
5,8,9,9.28E-07,,,,,
9,8,5,9.28E-07,,,,,
10,11,6,9.28E-07,,,,,
0,3,11,8.37E-07,,,,,
11,3,0,8.37E-07,,,,,
10,2,1,8.37E-07,,,,,
1,2,10,8.37E-07,,,,,
8,0,3,8.37E-07,,,,,
3,0,8,8.37E-07,,,,,
9,1,2,8.37E-07,,,,,
2,1,9,8.37E-07,,,,,
11,5,8,6.12E-07,,,,,
8,5,11,6.12E-07,,,,,
11,6,8,6.12E-07,,,,,
8,6,11,6.12E-07,,,,,
10,4,9,6.12E-07,,,,,
10,7,9,6.12E-07,,,,,
9,7,10,6.12E-07,,,,,
9,4,10,6.12E-07,,,,,
2,4,0,5.65E-07,,,,,
1,5,3,5.65E-07,,,,,
0,4,2,5.65E-07,,,,,
3,5,1,5.65E-07,,,,,
0,6,2,5.65E-07,,,,,
2,6,0,5.65E-07,,,,,
3,7,1,5.65E-07,,,,,
1,7,3,5.65E-07,,,,,
0,9,8,4.92E-07,,,,,
8,9,0,4.92E-07,,,,,
1,8,9,4.92E-07,,,,,
9,8,1,4.92E-07,,,,,
11,10,3,4.92E-07,,,,,
3,10,11,4.92E-07,,,,,
10,11,2,4.92E-07,,,,,
2,11,10,4.92E-07,,,,,
10,3,6,4.39E-07,,,,,
6,3,10,4.39E-07,,,,,
11,2,7,4.39E-07,,,,,
7,2,11,4.39E-07,,,,,
5,0,9,4.39E-07,,,,,
9,0,5,4.39E-07,,,,,
8,1,4,4.39E-07,,,,,
4,1,8,4.39E-07,,,,,
8,6,1,3.95E-07,,,,,
1,6,8,3.95E-07,,,,,
9,7,0,3.95E-07,,,,,
0,7,9,3.95E-07,,,,,
3,4,10,3.95E-07,,,,,
10,4,3,3.95E-07,,,,,
2,5,11,3.95E-07,,,,,
11,5,2,3.95E-07,,,,,
5,11,7,3.70E-07,,,,,
7,11,5,3.70E-07,,,,,
6,10,4,3.70E-07,,,,,
4,10,6,3.70E-07,,,,,
5,9,7,3.70E-07,,,,,
7,9,5,3.70E-07,,,,,
4,8,6,3.70E-07,,,,,
6,8,4,3.70E-07,,,,,
8,10,9,2.88E-07,,,,,
9,10,8,2.88E-07,,,,,
9,11,8,2.88E-07,,,,,
8,11,9,2.88E-07,,,,,
10,8,11,2.88E-07,,,,,
11,8,10,2.88E-07,,,,,
10,9,11,2.88E-07,,,,,
11,9,10,2.88E-07,,,,,
10,2,9,2.73E-07,,,,,
9,2,10,2.73E-07,,,,,
11,3,8,2.73E-07,,,,,
8,3,11,2.73E-07,,,,,
11,0,8,2.73E-07,,,,,
8,0,11,2.73E-07,,,,,
9,1,10,2.73E-07,,,,,
10,1,9,2.73E-07,,,,,
9,2,5,2.63E-07,,,,,
5,2,9,2.63E-07,,,,,
4,3,8,2.63E-07,,,,,
8,3,4,2.63E-07,,,,,
7,0,11,2.63E-07,,,,,
11,0,7,2.63E-07,,,,,
6,1,10,2.63E-07,,,,,
10,1,6,2.63E-07,,,,,
1,11,8,2.42E-07,,,,,
3,9,10,2.42E-07,,,,,
8,11,1,2.42E-07,,,,,
0,10,9,2.42E-07,,,,,
9,10,0,2.42E-07,,,,,
10,9,3,2.42E-07,,,,,
2,8,11,2.42E-07,,,,,
11,8,2,2.42E-07,,,,,
1,0,6,2.31E-07,,,,,
6,0,1,2.31E-07,,,,,
0,1,7,2.31E-07,,,,,
7,1,0,2.31E-07,,,,,
4,2,3,2.31E-07,,,,,
3,2,4,2.31E-07,,,,,
5,3,2,2.31E-07,,,,,
2,3,5,2.31E-07,,,,,
4,2,7,2.27E-07,,,,,
7,2,4,2.27E-07,,,,,
6,3,5,2.27E-07,,,,,
5,3,6,2.27E-07,,,,,
7,1,4,2.27E-07,,,,,
4,1,7,2.27E-07,,,,,
5,0,6,2.27E-07,,,,,
6,0,5,2.27E-07,,,,,
2,3,7,2.21E-07,,,,,
7,3,2,2.21E-07,,,,,
4,0,1,2.21E-07,,,,,
1,0,4,2.21E-07,,,,,
3,2,6,2.21E-07,,,,,
6,2,3,2.21E-07,,,,,
5,1,0,2.21E-07,,,,,
0,1,5,2.21E-07,,,,,
4,3,6,2.04E-07,,,,,
6,3,4,2.04E-07,,,,,
6,1,4,2.04E-07,,,,,
4,1,6,2.04E-07,,,,,
7,0,5,2.04E-07,,,,,
5,0,7,2.04E-07,,,,,
5,2,7,2.04E-07,,,,,
7,2,5,2.04E-07,,,,,
10,4,2,1.85E-07,,,,,
2,4,10,1.85E-07,,,,,
8,6,0,1.85E-07,,,,,
0,6,8,1.85E-07,,,,,
9,7,1,1.85E-07,,,,,
1,7,9,1.85E-07,,,,,
3,5,11,1.85E-07,,,,,
11,5,3,1.85E-07,,,,,
7,10,2,1.47E-07,,,,,
2,10,7,1.47E-07,,,,,
6,11,3,1.47E-07,,,,,
3,11,6,1.47E-07,,,,,
0,8,5,1.47E-07,,,,,
5,8,0,1.47E-07,,,,,
4,9,1,1.47E-07,,,,,
1,9,4,1.47E-07,,,,,
7,6,8,1.30E-07,,,,,
6,7,9,1.30E-07,,,,,
8,6,7,1.30E-07,,,,,
9,7,6,1.30E-07,,,,,
11,5,4,1.30E-07,,,,,
4,5,11,1.30E-07,,,,,
5,4,10,1.30E-07,,,,,
10,4,5,1.30E-07,,,,,
0,10,1,1.17E-07,,,,,
1,10,0,1.17E-07,,,,,
0,11,1,1.17E-07,,,,,
1,11,0,1.17E-07,,,,,
3,9,2,1.17E-07,,,,,
2,9,3,1.17E-07,,,,,
2,8,3,1.17E-07,,,,,
3,8,2,1.17E-07,,,,,
2,1,8,1.13E-07,,,,,
8,1,2,1.13E-07,,,,,
9,0,3,1.13E-07,,,,,
3,0,9,1.13E-07,,,,,
10,3,0,1.13E-07,,,,,
0,3,10,1.13E-07,,,,,
11,2,1,1.13E-07,,,,,
1,2,11,1.13E-07,,,,,
10,5,11,1.08E-07,,,,,
11,5,10,1.08E-07,,,,,
10,4,11,1.08E-07,,,,,
11,4,10,1.08E-07,,,,,
9,7,8,1.08E-07,,,,,
8,6,9,1.08E-07,,,,,
9,6,8,1.08E-07,,,,,
8,7,9,1.08E-07,,,,,
10,5,8,1.06E-07,,,,,
8,5,10,1.06E-07,,,,,
9,4,11,1.06E-07,,,,,
9,6,11,1.06E-07,,,,,
11,4,9,1.06E-07,,,,,
11,6,9,1.06E-07,,,,,
10,7,8,1.06E-07,,,,,
8,7,10,1.06E-07,,,,,
8,5,6,1.06E-07,,,,,
6,5,8,1.06E-07,,,,,
11,6,5,1.06E-07,,,,,
5,6,11,1.06E-07,,,,,
4,7,10,1.06E-07,,,,,
10,7,4,1.06E-07,,,,,
7,4,9,1.06E-07,,,,,
9,4,7,1.06E-07,,,,,
4,6,9,9.30E-08,,,,,
9,6,4,9.30E-08,,,,,
5,7,8,9.30E-08,,,,,
8,7,5,9.30E-08,,,,,
7,5,10,9.30E-08,,,,,
10,5,7,9.30E-08,,,,,
11,4,6,9.30E-08,,,,,
6,4,11,9.30E-08,,,,,
8,10,7,9.14E-08,,,,,
7,10,8,9.14E-08,,,,,
6,11,9,9.14E-08,,,,,
9,11,6,9.14E-08,,,,,
4,9,11,9.14E-08,,,,,
11,9,4,9.14E-08,,,,,
5,8,10,9.14E-08,,,,,
10,8,5,9.14E-08,,,,,
2,5,0,8.16E-08,,,,,
3,4,1,8.16E-08,,,,,
1,4,3,8.16E-08,,,,,
0,5,2,8.16E-08,,,,,
3,6,1,8.16E-08,,,,,
1,6,3,8.16E-08,,,,,
2,7,0,8.16E-08,,,,,
0,7,2,8.16E-08,,,,,
10,7,1,8.15E-08,,,,,
1,7,10,8.15E-08,,,,,
11,6,0,8.15E-08,,,,,
0,6,11,8.15E-08,,,,,
9,4,2,8.15E-08,,,,,
2,4,9,8.15E-08,,,,,
3,5,8,8.15E-08,,,,,
8,5,3,8.15E-08,,,,,
3,5,4,7.92E-08,,,,,
4,5,3,7.92E-08,,,,,
0,6,7,7.92E-08,,,,,
1,7,6,7.92E-08,,,,,
7,6,0,7.92E-08,,,,,
6,7,1,7.92E-08,,,,,
2,4,5,7.92E-08,,,,,
5,4,2,7.92E-08,,,,,
8,11,6,7.60E-08,,,,,
6,11,8,7.60E-08,,,,,
7,10,9,7.60E-08,,,,,
9,10,7,7.60E-08,,,,,
11,8,5,7.60E-08,,,,,
5,8,11,7.60E-08,,,,,
4,9,10,7.60E-08,,,,,
10,9,4,7.60E-08,,,,,
7,1,9,6.62E-08,,,,,
9,1,7,6.62E-08,,,,,
6,0,8,6.62E-08,,,,,
8,0,6,6.62E-08,,,,,
10,2,4,6.62E-08,,,,,
4,2,10,6.62E-08,,,,,
5,3,11,6.62E-08,,,,,
11,3,5,6.62E-08,,,,,
6,0,3,6.57E-08,,,,,
3,0,6,6.57E-08,,,,,
2,1,7,6.57E-08,,,,,
7,1,2,6.57E-08,,,,,
0,3,5,6.57E-08,,,,,
5,3,0,6.57E-08,,,,,
1,2,4,6.57E-08,,,,,
4,2,1,6.57E-08,,,,,
5,8,3,6.52E-08,,,,,
6,11,0,6.52E-08,,,,,
0,11,6,6.52E-08,,,,,
3,8,5,6.52E-08,,,,,
7,10,1,6.52E-08,,,,,
1,10,7,6.52E-08,,,,,
4,9,2,6.52E-08,,,,,
2,9,4,6.52E-08,,,,,
9,1,3,6.14E-08,,,,,
3,1,9,6.14E-08,,,,,
1,3,11,6.14E-08,,,,,
11,3,1,6.14E-08,,,,,
8,0,2,6.14E-08,,,,,
2,0,8,6.14E-08,,,,,
0,2,10,6.14E-08,,,,,
10,2,0,6.14E-08,,,,,
11,5,0,6.11E-08,,,,,
0,5,11,6.11E-08,,,,,
1,4,10,6.11E-08,,,,,
10,4,1,6.11E-08,,,,,
9,7,2,6.11E-08,,,,,
2,7,9,6.11E-08,,,,,
8,6,3,6.11E-08,,,,,
3,6,8,6.11E-08,,,,,
2,8,5,5.71E-08,,,,,
5,8,2,5.71E-08,,,,,
3,9,4,5.71E-08,,,,,
4,9,3,5.71E-08,,,,,
1,11,6,5.71E-08,,,,,
6,11,1,5.71E-08,,,,,
7,10,0,5.71E-08,,,,,
0,10,7,5.71E-08,,,,,
9,2,11,4.86E-08,,,,,
11,2,9,4.86E-08,,,,,
10,3,8,4.86E-08,,,,,
8,3,10,4.86E-08,,,,,
10,1,8,4.86E-08,,,,,
8,1,10,4.86E-08,,,,,
11,0,9,4.86E-08,,,,,
9,0,11,4.86E-08,,,,,
6,5,3,4.56E-08,,,,,
3,5,6,4.56E-08,,,,,
2,4,7,4.56E-08,,,,,
7,4,2,4.56E-08,,,,,
0,6,5,4.56E-08,,,,,
5,6,0,4.56E-08,,,,,
1,7,4,4.56E-08,,,,,
4,7,1,4.56E-08,,,,,
0,8,9,4.22E-08,,,,,
9,8,0,4.22E-08,,,,,
10,11,3,4.22E-08,,,,,
3,11,10,4.22E-08,,,,,
11,10,2,4.22E-08,,,,,
1,9,8,4.22E-08,,,,,
2,10,11,4.22E-08,,,,,
8,9,1,4.22E-08,,,,,
3,1,6,3.74E-08,,,,,
6,1,3,3.74E-08,,,,,
2,0,7,3.74E-08,,,,,
7,0,2,3.74E-08,,,,,
0,2,5,3.74E-08,,,,,
5,2,0,3.74E-08,,,,,
1,3,4,3.74E-08,,,,,
4,3,1,3.74E-08,,,,,
1,3,5,3.29E-08,,,,,
5,3,1,3.29E-08,,,,,
0,2,4,3.29E-08,,,,,
4,2,0,3.29E-08,,,,,
2,0,6,3.29E-08,,,,,
6,0,2,3.29E-08,,,,,
3,1,7,3.29E-08,,,,,
7,1,3,3.29E-08,,,,,
7,9,1,3.12E-08,,,,,
1,9,7,3.12E-08,,,,,
6,8,0,3.12E-08,,,,,
0,8,6,3.12E-08,,,,,
2,10,4,3.12E-08,,,,,
4,10,2,3.12E-08,,,,,
5,11,3,3.12E-08,,,,,
3,11,5,3.12E-08,,,,,
11,10,5,3.03E-08,,,,,
5,10,11,3.03E-08,,,,,
4,11,10,3.03E-08,,,,,
10,11,4,3.03E-08,,,,,
7,8,9,3.03E-08,,,,,
9,8,7,3.03E-08,,,,,
8,9,6,3.03E-08,,,,,
6,9,8,3.03E-08,,,,,
9,8,11,2.65E-08,,,,,
11,8,9,2.65E-08,,,,,
8,11,10,2.65E-08,,,,,
10,11,8,2.65E-08,,,,,
10,9,8,2.65E-08,,,,,
8,9,10,2.65E-08,,,,,
11,10,9,2.65E-08,,,,,
9,10,11,2.65E-08,,,,,
11,0,6,2.02E-08,,,,,
6,0,11,2.02E-08,,,,,
7,1,10,2.02E-08,,,,,
10,1,7,2.02E-08,,,,,
9,2,4,2.02E-08,,,,,
4,2,9,2.02E-08,,,,,
5,3,8,2.02E-08,,,,,
8,3,5,2.02E-08,,,,,
0,3,2,1.90E-08,,,,,
2,3,0,1.90E-08,,,,,
3,0,1,1.90E-08,,,,,
1,0,3,1.90E-08,,,,,
1,2,3,1.90E-08,,,,,
2,1,0,1.90E-08,,,,,
0,1,2,1.90E-08,,,,,
3,2,1,1.90E-08,,,,,
1,7,2,1.50E-08,,,,,
2,7,1,1.50E-08,,,,,
2,4,1,1.50E-08,,,,,
3,5,0,1.50E-08,,,,,
0,5,3,1.50E-08,,,,,
3,6,0,1.50E-08,,,,,
0,6,3,1.50E-08,,,,,
1,4,2,1.50E-08,,,,,
7,9,4,1.02E-08,,,,,
4,9,7,1.02E-08,,,,,
5,11,6,1.02E-08,,,,,
6,11,5,1.02E-08,,,,,
5,8,6,1.02E-08,,,,,
6,8,5,1.02E-08,,,,,
4,10,7,1.02E-08,,,,,
7,10,4,1.02E-08,,,,,
3,8,1,6.22E-09,,,,,
2,9,0,6.22E-09,,,,,
1,8,3,6.22E-09,,,,,
0,11,2,6.22E-09,,,,,
0,9,2,6.22E-09,,,,,
2,11,0,6.22E-09,,,,,
1,10,3,6.22E-09,,,,,
3,10,1,6.22E-09,,,,,
2,3,1,4.86E-09,,,,,
1,3,2,4.86E-09,,,,,
3,2,0,4.86E-09,,,,,
0,2,3,4.86E-09,,,,,
1,0,2,4.86E-09,,,,,
2,0,1,4.86E-09,,,,,
3,1,0,4.86E-09,,,,,
0,1,3,4.86E-09,,,,,
11,2,3,4.21E-09,,,,,
3,2,11,4.21E-09,,,,,
9,0,1,4.21E-09,,,,,
1,0,9,4.21E-09,,,,,
2,3,10,4.21E-09,,,,,
10,3,2,4.21E-09,,,,,
8,1,0,4.21E-09,,,,,
0,1,8,4.21E-09,,,,,
3,6,4,1.87E-09,,,,,
4,6,3,1.87E-09,,,,,
5,7,2,1.87E-09,,,,,
2,7,5,1.87E-09,,,,,
1,4,6,1.87E-09,,,,,
6,4,1,1.87E-09,,,,,
7,5,0,1.87E-09,,,,,
0,5,7,1.87E-09,,,,,
8,9,3,1.69E-09,,,,,
11,10,0,1.69E-09,,,,,
3,9,8,1.69E-09,,,,,
10,11,1,1.69E-09,,,,,
0,10,11,1.69E-09,,,,,
1,11,10,1.69E-09,,,,,
9,8,2,1.69E-09,,,,,
2,8,9,1.69E-09,,,,,
7,2,0,-1.51E-09,,,,,
0,2,7,-1.51E-09,,,,,
6,3,1,-1.51E-09,,,,,
1,3,6,-1.51E-09,,,,,
2,0,5,-1.51E-09,,,,,
5,0,2,-1.51E-09,,,,,
3,1,4,-1.51E-09,,,,,
4,1,3,-1.51E-09,,,,,
0,2,1,-2.28E-09,,,,,
1,2,0,-2.28E-09,,,,,
1,3,0,-2.28E-09,,,,,
0,3,1,-2.28E-09,,,,,
2,1,3,-2.28E-09,,,,,
3,1,2,-2.28E-09,,,,,
3,0,2,-2.28E-09,,,,,
2,0,3,-2.28E-09,,,,,
10,11,5,-3.96E-09,,,,,
5,11,10,-3.96E-09,,,,,
11,10,4,-3.96E-09,,,,,
4,10,11,-3.96E-09,,,,,
9,8,6,-3.96E-09,,,,,
6,8,9,-3.96E-09,,,,,
8,9,7,-3.96E-09,,,,,
7,9,8,-3.96E-09,,,,,
3,5,10,-4.60E-09,,,,,
10,5,3,-4.60E-09,,,,,
2,4,11,-4.60E-09,,,,,
11,4,2,-4.60E-09,,,,,
9,6,0,-4.60E-09,,,,,
0,6,9,-4.60E-09,,,,,
1,7,8,-4.60E-09,,,,,
8,7,1,-4.60E-09,,,,,
2,11,5,-5.41E-09,,,,,
5,11,2,-5.41E-09,,,,,
4,10,3,-5.41E-09,,,,,
3,10,4,-5.41E-09,,,,,
6,8,1,-5.41E-09,,,,,
7,9,0,-5.41E-09,,,,,
1,8,6,-5.41E-09,,,,,
0,9,7,-5.41E-09,,,,,
4,1,10,-5.50E-09,,,,,
5,0,11,-5.50E-09,,,,,
10,1,4,-5.50E-09,,,,,
11,0,5,-5.50E-09,,,,,
9,2,7,-5.50E-09,,,,,
7,2,9,-5.50E-09,,,,,
8,3,6,-5.50E-09,,,,,
6,3,8,-5.50E-09,,,,,
1,3,10,-6.85E-09,,,,,
10,3,1,-6.85E-09,,,,,
11,2,0,-6.85E-09,,,,,
0,2,11,-6.85E-09,,,,,
2,0,9,-6.85E-09,,,,,
3,1,8,-6.85E-09,,,,,
8,1,3,-6.85E-09,,,,,
9,0,2,-6.85E-09,,,,,
10,8,9,-1.52E-08,,,,,
9,8,10,-1.52E-08,,,,,
11,9,8,-1.52E-08,,,,,
10,11,9,-1.52E-08,,,,,
8,9,11,-1.52E-08,,,,,
9,11,10,-1.52E-08,,,,,
11,10,8,-1.52E-08,,,,,
8,10,11,-1.52E-08,,,,,
2,9,8,-1.54E-08,,,,,
8,9,2,-1.54E-08,,,,,
9,8,3,-1.54E-08,,,,,
3,8,9,-1.54E-08,,,,,
1,10,11,-1.54E-08,,,,,
11,10,1,-1.54E-08,,,,,
0,11,10,-1.54E-08,,,,,
10,11,0,-1.54E-08,,,,,
0,2,9,-1.99E-08,,,,,
9,2,0,-1.99E-08,,,,,
8,3,1,-1.99E-08,,,,,
1,3,8,-1.99E-08,,,,,
10,1,3,-1.99E-08,,,,,
3,1,10,-1.99E-08,,,,,
11,0,2,-1.99E-08,,,,,
2,0,11,-1.99E-08,,,,,
0,1,6,-2.29E-08,,,,,
6,1,0,-2.29E-08,,,,,
1,0,7,-2.29E-08,,,,,
7,0,1,-2.29E-08,,,,,
4,3,2,-2.29E-08,,,,,
2,3,4,-2.29E-08,,,,,
5,2,3,-2.29E-08,,,,,
3,2,5,-2.29E-08,,,,,
4,5,7,-2.36E-08,,,,,
7,5,4,-2.36E-08,,,,,
6,7,5,-2.36E-08,,,,,
5,7,6,-2.36E-08,,,,,
5,4,6,-2.36E-08,,,,,
4,6,7,-2.36E-08,,,,,
7,6,4,-2.36E-08,,,,,
6,4,5,-2.36E-08,,,,,
2,5,7,-2.49E-08,,,,,
7,5,2,-2.49E-08,,,,,
3,4,6,-2.49E-08,,,,,
6,4,3,-2.49E-08,,,,,
0,7,5,-2.49E-08,,,,,
1,6,4,-2.49E-08,,,,,
5,7,0,-2.49E-08,,,,,
4,6,1,-2.49E-08,,,,,
1,7,0,-3.13E-08,,,,,
0,7,1,-3.13E-08,,,,,
0,6,1,-3.13E-08,,,,,
1,6,0,-3.13E-08,,,,,
3,4,2,-3.13E-08,,,,,
2,4,3,-3.13E-08,,,,,
2,5,3,-3.13E-08,,,,,
3,5,2,-3.13E-08,,,,,
11,1,3,-3.51E-08,,,,,
3,1,11,-3.51E-08,,,,,
2,0,10,-3.51E-08,,,,,
10,0,2,-3.51E-08,,,,,
1,3,9,-3.51E-08,,,,,
9,3,1,-3.51E-08,,,,,
8,2,0,-3.51E-08,,,,,
0,2,8,-3.51E-08,,,,,
2,3,8,-5.14E-08,,,,,
8,3,2,-5.14E-08,,,,,
3,2,9,-5.14E-08,,,,,
9,2,3,-5.14E-08,,,,,
11,0,1,-5.14E-08,,,,,
1,0,11,-5.14E-08,,,,,
10,1,0,-5.14E-08,,,,,
0,1,10,-5.14E-08,,,,,
9,0,8,-7.11E-08,,,,,
9,1,8,-7.11E-08,,,,,
8,1,9,-7.11E-08,,,,,
8,0,9,-7.11E-08,,,,,
11,3,10,-7.11E-08,,,,,
10,3,11,-7.11E-08,,,,,
10,2,11,-7.11E-08,,,,,
11,2,10,-7.11E-08,,,,,
3,6,9,-8.08E-08,,,,,
2,7,8,-8.08E-08,,,,,
9,6,3,-8.08E-08,,,,,
8,7,2,-8.08E-08,,,,,
10,5,0,-8.08E-08,,,,,
0,5,10,-8.08E-08,,,,,
1,4,11,-8.08E-08,,,,,
11,4,1,-8.08E-08,,,,,
7,0,6,-9.87E-08,,,,,
6,0,7,-9.87E-08,,,,,
6,1,7,-9.87E-08,,,,,
7,1,6,-9.87E-08,,,,,
4,2,5,-9.87E-08,,,,,
5,2,4,-9.87E-08,,,,,
4,3,5,-9.87E-08,,,,,
5,3,4,-9.87E-08,,,,,
3,4,9,-1.45E-07,,,,,
8,5,2,-1.45E-07,,,,,
2,5,8,-1.45E-07,,,,,
9,4,3,-1.45E-07,,,,,
11,6,1,-1.45E-07,,,,,
1,6,11,-1.45E-07,,,,,
10,7,0,-1.45E-07,,,,,
0,7,10,-1.45E-07,,,,,
7,9,3,-1.47E-07,,,,,
3,9,7,-1.47E-07,,,,,
4,10,0,-1.47E-07,,,,,
0,10,4,-1.47E-07,,,,,
5,11,1,-1.47E-07,,,,,
1,11,5,-1.47E-07,,,,,
2,8,6,-1.47E-07,,,,,
6,8,2,-1.47E-07,,,,,
8,7,6,-1.52E-07,,,,,
6,7,8,-1.52E-07,,,,,
7,6,9,-1.52E-07,,,,,
9,6,7,-1.52E-07,,,,,
5,4,11,-1.52E-07,,,,,
4,5,10,-1.52E-07,,,,,
11,4,5,-1.52E-07,,,,,
10,5,4,-1.52E-07,,,,,
7,2,1,-1.63E-07,,,,,
1,2,7,-1.63E-07,,,,,
2,1,4,-1.63E-07,,,,,
4,1,2,-1.63E-07,,,,,
5,0,3,-1.63E-07,,,,,
3,0,5,-1.63E-07,,,,,
6,3,0,-1.63E-07,,,,,
0,3,6,-1.63E-07,,,,,
0,8,2,-1.69E-07,,,,,
2,8,0,-1.69E-07,,,,,
1,9,3,-1.69E-07,,,,,
3,9,1,-1.69E-07,,,,,
2,10,0,-1.69E-07,,,,,
0,10,2,-1.69E-07,,,,,
3,11,1,-1.69E-07,,,,,
1,11,3,-1.69E-07,,,,,
7,4,6,-1.77E-07,,,,,
6,4,7,-1.77E-07,,,,,
6,5,7,-1.77E-07,,,,,
7,5,6,-1.77E-07,,,,,
4,6,5,-1.77E-07,,,,,
5,6,4,-1.77E-07,,,,,
4,7,5,-1.77E-07,,,,,
5,7,4,-1.77E-07,,,,,
5,2,11,-1.83E-07,,,,,
11,2,5,-1.83E-07,,,,,
10,3,4,-1.83E-07,,,,,
4,3,10,-1.83E-07,,,,,
8,1,6,-1.83E-07,,,,,
9,0,7,-1.83E-07,,,,,
7,0,9,-1.83E-07,,,,,
6,1,8,-1.83E-07,,,,,
7,9,10,-2.19E-07,,,,,
10,9,7,-2.19E-07,,,,,
4,10,9,-2.19E-07,,,,,
8,11,5,-2.19E-07,,,,,
9,10,4,-2.19E-07,,,,,
5,11,8,-2.19E-07,,,,,
6,8,11,-2.19E-07,,,,,
11,8,6,-2.19E-07,,,,,
1,11,2,-2.21E-07,,,,,
2,11,1,-2.21E-07,,,,,
0,10,3,-2.21E-07,,,,,
3,10,0,-2.21E-07,,,,,
0,9,3,-2.21E-07,,,,,
3,9,0,-2.21E-07,,,,,
1,8,2,-2.21E-07,,,,,
2,8,1,-2.21E-07,,,,,
4,0,6,-2.77E-07,,,,,
6,0,4,-2.77E-07,,,,,
7,1,5,-2.77E-07,,,,,
5,1,7,-2.77E-07,,,,,
4,2,6,-2.77E-07,,,,,
5,3,7,-2.77E-07,,,,,
6,2,4,-2.77E-07,,,,,
7,3,5,-2.77E-07,,,,,
11,1,10,-2.86E-07,,,,,
10,1,11,-2.86E-07,,,,,
10,0,11,-2.86E-07,,,,,
11,0,10,-2.86E-07,,,,,
9,3,8,-2.86E-07,,,,,
8,3,9,-2.86E-07,,,,,
8,2,9,-2.86E-07,,,,,
9,2,8,-2.86E-07,,,,,
5,4,3,-2.87E-07,,,,,
3,4,5,-2.87E-07,,,,,
7,6,1,-2.87E-07,,,,,
1,6,7,-2.87E-07,,,,,
6,7,0,-2.87E-07,,,,,
0,7,6,-2.87E-07,,,,,
2,5,4,-2.87E-07,,,,,
4,5,2,-2.87E-07,,,,,
1,11,9,-2.92E-07,,,,,
9,11,1,-2.92E-07,,,,,
8,10,0,-2.92E-07,,,,,
0,10,8,-2.92E-07,,,,,
2,8,10,-2.92E-07,,,,,
10,8,2,-2.92E-07,,,,,
11,9,3,-2.92E-07,,,,,
3,9,11,-2.92E-07,,,,,
5,1,3,-3.40E-07,,,,,
3,1,5,-3.40E-07,,,,,
2,0,4,-3.40E-07,,,,,
4,0,2,-3.40E-07,,,,,
7,3,1,-3.40E-07,,,,,
1,3,7,-3.40E-07,,,,,
6,2,0,-3.40E-07,,,,,
0,2,6,-3.40E-07,,,,,
4,6,11,-3.51E-07,,,,,
11,6,4,-3.51E-07,,,,,
9,4,6,-3.51E-07,,,,,
5,7,10,-3.51E-07,,,,,
6,4,9,-3.51E-07,,,,,
10,7,5,-3.51E-07,,,,,
8,5,7,-3.51E-07,,,,,
7,5,8,-3.51E-07,,,,,
8,9,5,-4.09E-07,,,,,
5,9,8,-4.09E-07,,,,,
6,10,11,-4.09E-07,,,,,
10,11,7,-4.09E-07,,,,,
7,11,10,-4.09E-07,,,,,
11,10,6,-4.09E-07,,,,,
9,8,4,-4.09E-07,,,,,
4,8,9,-4.09E-07,,,,,
4,1,9,-4.81E-07,,,,,
9,1,4,-4.81E-07,,,,,
8,0,5,-4.81E-07,,,,,
5,0,8,-4.81E-07,,,,,
10,2,7,-4.81E-07,,,,,
6,3,11,-4.81E-07,,,,,
7,2,10,-4.81E-07,,,,,
11,3,6,-4.81E-07,,,,,
4,1,5,-5.42E-07,,,,,
5,1,4,-5.42E-07,,,,,
4,0,5,-5.42E-07,,,,,
5,0,4,-5.42E-07,,,,,
6,2,7,-5.42E-07,,,,,
7,2,6,-5.42E-07,,,,,
6,3,7,-5.42E-07,,,,,
7,3,6,-5.42E-07,,,,,
3,2,10,-5.67E-07,,,,,
10,2,3,-5.67E-07,,,,,
1,0,8,-5.67E-07,,,,,
8,0,1,-5.67E-07,,,,,
0,1,9,-5.67E-07,,,,,
9,1,0,-5.67E-07,,,,,
11,3,2,-5.67E-07,,,,,
2,3,11,-5.67E-07,,,,,
11,7,10,-5.73E-07,,,,,
10,7,11,-5.73E-07,,,,,
11,6,10,-5.73E-07,,,,,
10,6,11,-5.73E-07,,,,,
8,4,9,-5.73E-07,,,,,
9,4,8,-5.73E-07,,,,,
9,5,8,-5.73E-07,,,,,
8,5,9,-5.73E-07,,,,,
8,10,4,-6.09E-07,,,,,
4,10,8,-6.09E-07,,,,,
5,11,9,-6.09E-07,,,,,
9,11,5,-6.09E-07,,,,,
10,8,6,-6.09E-07,,,,,
6,8,10,-6.09E-07,,,,,
7,9,11,-6.09E-07,,,,,
11,9,7,-6.09E-07,,,,,
4,9,6,-6.80E-07,,,,,
6,9,4,-6.80E-07,,,,,
5,8,7,-6.80E-07,,,,,
7,8,5,-6.80E-07,,,,,
4,11,6,-6.80E-07,,,,,
6,11,4,-6.80E-07,,,,,
5,10,7,-6.80E-07,,,,,
7,10,5,-6.80E-07,,,,,
5,11,0,-6.85E-07,,,,,
0,11,5,-6.85E-07,,,,,
1,10,4,-6.85E-07,,,,,
4,10,1,-6.85E-07,,,,,
3,8,6,-6.85E-07,,,,,
6,8,3,-6.85E-07,,,,,
2,9,7,-6.85E-07,,,,,
7,9,2,-6.85E-07,,,,,
8,3,0,-9.35E-07,,,,,
0,3,8,-9.35E-07,,,,,
3,0,11,-9.35E-07,,,,,
11,0,3,-9.35E-07,,,,,
9,2,1,-9.35E-07,,,,,
1,2,9,-9.35E-07,,,,,
10,1,2,-9.35E-07,,,,,
2,1,10,-9.35E-07,,,,,
2,8,7,-1.16E-06,,,,,
7,8,2,-1.16E-06,,,,,
6,9,3,-1.16E-06,,,,,
3,9,6,-1.16E-06,,,,,
5,10,0,-1.16E-06,,,,,
0,10,5,-1.16E-06,,,,,
4,11,1,-1.16E-06,,,,,
1,11,4,-1.16E-06,,,,,
0,5,8,-1.19E-06,,,,,
8,5,0,-1.19E-06,,,,,
9,4,1,-1.19E-06,,,,,
1,4,9,-1.19E-06,,,,,
2,7,10,-1.19E-06,,,,,
10,7,2,-1.19E-06,,,,,
3,6,11,-1.19E-06,,,,,
11,6,3,-1.19E-06,,,,,
6,1,11,-1.21E-06,,,,,
11,1,6,-1.21E-06,,,,,
10,0,7,-1.21E-06,,,,,
7,0,10,-1.21E-06,,,,,
5,2,8,-1.21E-06,,,,,
8,2,5,-1.21E-06,,,,,
4,3,9,-1.21E-06,,,,,
9,3,4,-1.21E-06,,,,,
3,2,7,-1.26E-06,,,,,
7,2,3,-1.26E-06,,,,,
4,1,0,-1.26E-06,,,,,
0,1,4,-1.26E-06,,,,,
5,0,1,-1.26E-06,,,,,
1,0,5,-1.26E-06,,,,,
6,3,2,-1.26E-06,,,,,
2,3,6,-1.26E-06,,,,,
2,1,11,-1.31E-06,,,,,
11,1,2,-1.31E-06,,,,,
10,0,3,-1.31E-06,,,,,
3,0,10,-1.31E-06,,,,,
8,2,1,-1.31E-06,,,,,
1,2,8,-1.31E-06,,,,,
0,3,9,-1.31E-06,,,,,
9,3,0,-1.31E-06,,,,,
10,0,9,-1.58E-06,,,,,
8,1,11,-1.58E-06,,,,,
11,1,8,-1.58E-06,,,,,
9,0,10,-1.58E-06,,,,,
10,3,9,-1.58E-06,,,,,
9,3,10,-1.58E-06,,,,,
11,2,8,-1.58E-06,,,,,
8,2,11,-1.58E-06,,,,,
11,1,4,-1.76E-06,,,,,
4,1,11,-1.76E-06,,,,,
10,0,5,-1.76E-06,,,,,
5,0,10,-1.76E-06,,,,,
8,2,7,-1.76E-06,,,,,
7,2,8,-1.76E-06,,,,,
9,3,6,-1.76E-06,,,,,
6,3,9,-1.76E-06,,,,,
4,7,2,-2.16E-06,,,,,
2,7,4,-2.16E-06,,,,,
5,6,3,-2.16E-06,,,,,
3,6,5,-2.16E-06,,,,,
7,4,1,-2.16E-06,,,,,
1,4,7,-2.16E-06,,,,,
6,5,0,-2.16E-06,,,,,
0,5,6,-2.16E-06,,,,,
3,2,8,-2.16E-06,,,,,
8,2,3,-2.16E-06,,,,,
0,1,11,-2.16E-06,,,,,
11,1,0,-2.16E-06,,,,,
10,0,1,-2.16E-06,,,,,
1,0,10,-2.16E-06,,,,,
9,3,2,-2.16E-06,,,,,
2,3,9,-2.16E-06,,,,,
5,9,3,-3.57E-06,,,,,
3,9,5,-3.57E-06,,,,,
2,8,4,-3.57E-06,,,,,
4,8,2,-3.57E-06,,,,,
6,10,0,-3.57E-06,,,,,
0,10,6,-3.57E-06,,,,,
7,11,1,-3.57E-06,,,,,
1,11,7,-3.57E-06,,,,,
10,6,9,-3.91E-06,,,,,
9,6,10,-3.91E-06,,,,,
8,7,11,-3.91E-06,,,,,
11,7,8,-3.91E-06,,,,,
8,4,11,-3.91E-06,,,,,
11,4,8,-3.91E-06,,,,,
9,5,10,-3.91E-06,,,,,
10,5,9,-3.91E-06,,,,,
2,7,6,-4.46E-06,,,,,
6,7,2,-4.46E-06,,,,,
7,6,3,-4.46E-06,,,,,
3,6,7,-4.46E-06,,,,,
5,4,1,-4.46E-06,,,,,
1,4,5,-4.46E-06,,,,,
4,5,0,-4.46E-06,,,,,
0,5,4,-4.46E-06,,,,,
0,4,5,-4.89E-06,,,,,
5,4,0,-4.89E-06,,,,,
7,6,2,-4.89E-06,,,,,
2,6,7,-4.89E-06,,,,,
3,7,6,-4.89E-06,,,,,
6,7,3,-4.89E-06,,,,,
1,5,4,-4.89E-06,,,,,
4,5,1,-4.89E-06,,,,,
7,3,10,-5.68E-06,,,,,
6,2,11,-5.68E-06,,,,,
11,2,6,-5.68E-06,,,,,
10,3,7,-5.68E-06,,,,,
5,1,8,-5.68E-06,,,,,
8,1,5,-5.68E-06,,,,,
9,0,4,-5.68E-06,,,,,
4,0,9,-5.68E-06,,,,,
3,8,11,-6.65E-06,,,,,
2,9,10,-6.65E-06,,,,,
10,9,2,-6.65E-06,,,,,
11,8,3,-6.65E-06,,,,,
1,10,9,-6.65E-06,,,,,
9,10,1,-6.65E-06,,,,,
8,11,0,-6.65E-06,,,,,
0,11,8,-6.65E-06,,,,,
6,4,10,-6.92E-06,,,,,
10,4,6,-6.92E-06,,,,,
7,5,11,-6.92E-06,,,,,
11,5,7,-6.92E-06,,,,,
5,7,9,-6.92E-06,,,,,
9,7,5,-6.92E-06,,,,,
8,6,4,-6.92E-06,,,,,
4,6,8,-6.92E-06,,,,,
5,2,1,-8.35E-06,,,,,
1,2,5,-8.35E-06,,,,,
4,3,0,-8.35E-06,,,,,
7,0,3,-8.35E-06,,,,,
0,3,4,-8.35E-06,,,,,
3,0,7,-8.35E-06,,,,,
6,1,2,-8.35E-06,,,,,
2,1,6,-8.35E-06,,,,,
7,3,0,-1.01E-05,,,,,
0,3,7,-1.01E-05,,,,,
6,2,1,-1.01E-05,,,,,
3,0,4,-1.01E-05,,,,,
1,2,6,-1.01E-05,,,,,
4,0,3,-1.01E-05,,,,,
2,1,5,-1.01E-05,,,,,
5,1,2,-1.01E-05,,,,,
9,6,5,-1.15E-05,,,,,
5,6,9,-1.15E-05,,,,,
4,7,8,-1.15E-05,,,,,
8,7,4,-1.15E-05,,,,,
6,5,10,-1.15E-05,,,,,
10,5,6,-1.15E-05,,,,,
7,4,11,-1.15E-05,,,,,
11,4,7,-1.15E-05,,,,,
8,4,5,-1.29E-05,,,,,
5,4,8,-1.29E-05,,,,,
11,7,6,-1.29E-05,,,,,
6,7,11,-1.29E-05,,,,,
10,6,7,-1.29E-05,,,,,
7,6,10,-1.29E-05,,,,,
9,5,4,-1.29E-05,,,,,
4,5,9,-1.29E-05,,,,,
9,6,1,-1.56E-05,,,,,
0,7,8,-1.56E-05,,,,,
8,7,0,-1.56E-05,,,,,
1,6,9,-1.56E-05,,,,,
3,4,11,-1.56E-05,,,,,
11,4,3,-1.56E-05,,,,,
2,5,10,-1.56E-05,,,,,
10,5,2,-1.56E-05,,,,,
9,11,7,-1.71E-05,,,,,
7,11,9,-1.71E-05,,,,,
11,9,5,-1.71E-05,,,,,
5,9,11,-1.71E-05,,,,,
4,8,10,-1.71E-05,,,,,
10,8,4,-1.71E-05,,,,,
6,10,8,-1.71E-05,,,,,
8,10,6,-1.71E-05,,,,,
1,8,7,-1.85E-05,,,,,
0,9,6,-1.85E-05,,,,,
7,8,1,-1.85E-05,,,,,
6,9,0,-1.85E-05,,,,,
4,11,2,-1.85E-05,,,,,
5,10,3,-1.85E-05,,,,,
3,10,5,-1.85E-05,,,,,
2,11,4,-1.85E-05,,,,,
5,6,1,-3.66E-05,,,,,
1,6,5,-3.66E-05,,,,,
0,7,4,-3.66E-05,,,,,
4,7,0,-3.66E-05,,,,,
6,5,2,-3.66E-05,,,,,
2,5,6,-3.66E-05,,,,,
3,4,7,-3.66E-05,,,,,
7,4,3,-3.66E-05,,,,,
0,4,11,-5.00E-05,,,,,
11,4,0,-5.00E-05,,,,,
3,7,8,-5.00E-05,,,,,
1,5,10,-5.00E-05,,,,,
2,6,9,-5.00E-05,,,,,
8,7,3,-5.00E-05,,,,,
10,5,1,-5.00E-05,,,,,
9,6,2,-5.00E-05,,,,,
7,0,4,-6.27E-05,,,,,
4,0,7,-6.27E-05,,,,,
6,1,5,-6.27E-05,,,,,
5,1,6,-6.27E-05,,,,,
6,2,5,-6.27E-05,,,,,
5,2,6,-6.27E-05,,,,,
7,3,4,-6.27E-05,,,,,
4,3,7,-6.27E-05,,,,,
7,1,11,-7.50E-05,,,,,
6,0,10,-7.50E-05,,,,,
11,1,7,-7.50E-05,,,,,
10,0,6,-7.50E-05,,,,,
8,2,4,-7.50E-05,,,,,
4,2,8,-7.50E-05,,,,,
5,3,9,-7.50E-05,,,,,
9,3,5,-7.50E-05,,,,,
1,10,5,-0.000153965,,,,,
5,10,1,-0.000153965,,,,,
7,8,3,-0.000153965,,,,,
3,8,7,-0.000153965,,,,,
2,9,6,-0.000153965,,,,,
6,9,2,-0.000153965,,,,,
4,11,0,-0.000153965,,,,,
0,11,4,-0.000153965,,,,,
6,10,2,-0.000171245,,,,,
2,10,6,-0.000171245,,,,,
1,9,5,-0.000171245,,,,,
7,11,3,-0.000171245,,,,,
3,11,7,-0.000171245,,,,,
5,9,1,-0.000171245,,,,,
4,8,0,-0.000171245,,,,,
0,8,4,-0.000171245,,,,,
5,1,9,-0.000186928,,,,,
9,1,5,-0.000186928,,,,,
8,0,4,-0.000186928,,,,,
4,0,8,-0.000186928,,,,,
10,2,6,-0.000186928,,,,,
6,2,10,-0.000186928,,,,,
11,3,7,-0.000186928,,,,,
7,3,11,-0.000186928,,,,,