,a,b,c,abbc
0,2,6,2,0.02059687370038282
1,3,7,3,0.020596873700382816
2,1,5,1,0.020596873700382733
3,0,4,0,0.020596873700382653
4,8,4,8,0.019156067938840265
5,9,5,9,0.019156067938840157
6,10,6,10,0.019156067938840126
7,11,7,11,0.019156067938840126
8,3,7,11,0.015215875357892025
9,2,6,10,0.015215875357892025
10,10,6,2,0.015215875357892024
11,11,7,3,0.015215875357892022
12,0,4,8,0.015215875357892015
13,8,4,0,0.015215875357892013
14,1,5,9,0.015215875357892004
15,9,5,1,0.015215875357892004
16,4,8,4,0.0037678125514995467
17,5,9,5,0.003767812551499521
18,6,10,6,0.003767812551499521
19,7,11,7,0.0037678125514995203
20,4,11,4,0.0028025405803418176
21,5,10,5,0.002802540580341816
22,6,9,6,0.0028025405803418094
23,7,8,7,0.002802540580341809
24,7,3,7,0.0023407775173820075
25,6,2,6,0.0023407775173820075
26,5,1,5,0.0023407775173819975
27,4,0,4,0.0023407775173819863
28,7,8,4,0.0008083197826942489
29,4,8,7,0.0008083197826942489
30,4,11,7,0.0008083197826942478
31,7,11,4,0.0008083197826942478
32,5,10,6,0.000808319782694247
33,6,10,5,0.000808319782694247
34,6,9,5,0.0008083197826942467
35,5,9,6,0.0008083197826942466
36,9,3,9,0.0007514619986880354
37,8,2,8,0.0007514619986880339
38,10,0,10,0.0007514619986880296
39,11,1,11,0.0007514619986880296
40,3,7,4,0.000580472446190525
41,4,7,3,0.0005804724461905249
42,2,6,5,0.0005804724461905245
43,5,6,2,0.0005804724461905245
44,6,5,1,0.0005804724461905231
45,1,5,6,0.000580472446190523
46,7,4,0,0.0005804724461905214
47,0,4,7,0.0005804724461905213
48,4,7,4,0.0004422103640989776
49,5,6,5,0.0004422103640989774
50,7,4,7,0.0004422103640989764
51,6,5,6,0.0004422103640989762
52,7,4,8,0.00037311835047332834
53,8,4,7,0.00037311835047332834
54,9,5,6,0.0003731183504733267
55,11,7,4,0.00037311835047332666
56,6,5,9,0.00037311835047332666
57,4,7,11,0.0003731183504733266
58,10,6,5,0.0003731183504733264
59,5,6,10,0.00037311835047332633
60,1,8,1,0.00018323727569017853
61,0,9,0,0.00018323727569017853
62,2,11,2,0.00018323727569017828
63,3,10,3,0.00018323727569017825
64,1,9,1,0.00017995088261884204
65,0,8,0,0.00017995088261884196
66,3,11,3,0.00017995088261884152
67,2,10,2,0.00017995088261884106
68,11,4,11,0.00016912255557755787
69,10,5,10,0.00016912255557755722
70,8,7,8,0.00016912255557755625
71,9,6,9,0.00016912255557755625
72,9,1,9,0.00016439985617426687
73,8,0,8,0.00016439985617426673
74,10,2,10,0.0001643998561742665
75,11,3,11,0.00016439985617426635
76,3,11,4,0.00013820047461964122
77,4,11,3,0.00013820047461964122
78,6,9,1,0.00013820047461964103
79,1,9,6,0.00013820047461964103
80,7,8,0,0.000138200474619641
81,0,8,7,0.000138200474619641
82,2,10,5,0.00013820047461964084
83,5,10,2,0.00013820047461964084
84,3,8,3,0.00013411831129905147
85,2,9,2,0.00013411831129905147
86,1,10,1,0.00013411831129905096
87,0,11,0,0.0001341183112990509
88,10,4,8,9.64824562496093e-05
89,8,4,10,9.648245624960928e-05
90,11,7,9,9.648245624960915e-05
91,10,6,8,9.648245624960914e-05
92,9,7,11,9.648245624960914e-05
93,8,6,10,9.648245624960914e-05
94,11,5,9,9.648245624960903e-05
95,9,5,11,9.6482456249609e-05
96,5,3,5,8.851969989988871e-05
97,4,2,4,8.851969989988868e-05
98,6,0,6,8.851969989988835e-05
99,7,1,7,8.851969989988835e-05
100,8,6,8,8.606057601519386e-05
101,9,7,9,8.606057601519385e-05
102,10,4,10,8.606057601519382e-05
103,11,5,11,8.606057601519367e-05
104,8,11,4,8.385092505548526e-05
105,4,11,8,8.385092505548523e-05
106,5,10,9,8.385092505548509e-05
107,9,10,5,8.385092505548507e-05
108,7,8,11,8.385092505548494e-05
109,11,8,7,8.385092505548492e-05
110,10,9,6,8.385092505548477e-05
111,6,9,10,8.385092505548477e-05
112,9,3,7,7.427559584465017e-05
113,7,3,9,7.427559584465015e-05
114,6,2,8,7.427559584465013e-05
115,8,2,6,7.427559584465011e-05
116,11,1,5,7.427559584464934e-05
117,5,1,11,7.427559584464931e-05
118,4,0,10,7.427559584464911e-05
119,10,0,4,7.42755958446491e-05
120,8,6,2,7.357575569648747e-05
121,2,6,8,7.357575569648747e-05
122,3,7,9,7.357575569648744e-05
123,9,7,3,7.357575569648743e-05
124,0,4,10,7.35757556964872e-05
125,10,4,0,7.357575569648718e-05
126,1,5,11,7.357575569648717e-05
127,11,5,1,7.357575569648716e-05
128,4,3,4,6.983182324358246e-05
129,6,1,6,6.983182324358229e-05
130,7,0,7,6.983182324358228e-05
131,5,2,5,6.983182324358226e-05
132,1,5,2,6.699876673588706e-05
133,2,5,1,6.699876673588706e-05
134,3,4,0,6.699876673588696e-05
135,0,4,3,6.699876673588696e-05
136,2,6,1,6.699876673588687e-05
137,3,7,0,6.699876673588687e-05
138,0,7,3,6.699876673588687e-05
139,1,6,2,6.699876673588687e-05
140,3,4,8,5.696360753616054e-05
141,8,4,3,5.6963607536160536e-05
142,1,6,10,5.6963607536160455e-05
143,10,6,1,5.696360753616045e-05
144,9,5,2,5.696360753616042e-05
145,2,5,9,5.696360753616042e-05
146,0,7,11,5.696360753616038e-05
147,11,7,0,5.696360753616038e-05
148,10,7,10,5.6464184347954586e-05
149,11,6,11,5.646418434795454e-05
150,9,4,9,5.6464184347954294e-05
151,8,5,8,5.646418434795418e-05
152,4,5,4,4.496326005229835e-05
153,7,6,7,4.496326005229788e-05
154,6,7,6,4.4963260052297855e-05
155,5,4,5,4.4963260052297794e-05
156,3,4,3,4.480749186302614e-05
157,2,5,2,4.480749186302609e-05
158,0,7,0,4.480749186302591e-05
159,1,6,1,4.480749186302589e-05
160,3,8,4,4.118390936585965e-05
161,4,8,3,4.118390936585964e-05
162,5,9,2,4.118390936585939e-05
163,2,9,5,4.118390936585939e-05
164,1,10,6,4.11839093658593e-05
165,6,10,1,4.11839093658593e-05
166,7,11,0,4.118390936585928e-05
167,0,11,7,4.118390936585928e-05
168,2,4,2,3.930082978100662e-05
169,3,5,3,3.9300829781006574e-05
170,0,6,0,3.930082978100606e-05
171,1,7,1,3.930082978100605e-05
172,11,8,4,3.4569654907315465e-05
173,4,8,11,3.456965490731546e-05
174,7,11,8,3.4569654907315153e-05
175,8,11,7,3.456965490731515e-05
176,10,9,5,3.456965490731515e-05
177,5,9,10,3.456965490731514e-05
178,9,10,6,3.456965490731506e-05
179,6,10,9,3.456965490731505e-05
180,11,2,11,3.341778300040608e-05
181,10,3,10,3.341778300040607e-05
182,8,1,8,3.34177830004058e-05
183,9,0,9,3.3417783000405773e-05
184,1,11,1,3.310244814703595e-05
185,0,10,0,3.3102448147035875e-05
186,3,9,3,3.310244814703574e-05
187,2,8,2,3.3102448147035604e-05
188,8,11,8,2.5184075521405984e-05
189,9,10,9,2.5184075521405937e-05
190,11,8,11,2.5184075521405913e-05
191,10,9,10,2.5184075521405855e-05
192,7,11,2,2.3925013178785275e-05
193,2,11,7,2.392501317878527e-05
194,3,10,6,2.392501317878526e-05
195,6,10,3,2.392501317878526e-05
196,0,9,5,2.3925013178785187e-05
197,5,9,0,2.3925013178785187e-05
198,4,8,1,2.3925013178785163e-05
199,1,8,4,2.3925013178785163e-05
200,8,10,8,2.1193077274088318e-05
201,10,8,10,2.1193077274088233e-05
202,9,11,9,2.1193077274088212e-05
203,11,9,11,2.119307727408821e-05
204,6,11,6,1.9444547374741774e-05
205,7,10,7,1.9444547374741757e-05
206,4,9,4,1.9444547374741642e-05
207,5,8,5,1.944454737474153e-05
208,9,3,11,1.5446130241761272e-05
209,11,3,9,1.544613024176127e-05
210,8,2,10,1.5446130241761245e-05
211,10,2,8,1.5446130241761245e-05
212,8,0,10,1.5446130241761157e-05
213,10,0,8,1.5446130241761157e-05
214,9,1,11,1.544613024176115e-05
215,11,1,9,1.5446130241761146e-05
216,2,1,2,1.4987073151600206e-05
217,3,0,3,1.4987073151600151e-05
218,1,2,1,1.498707315160014e-05
219,0,3,0,1.4987073151600102e-05
220,7,10,3,1.3436195876422495e-05
221,3,10,7,1.3436195876422492e-05
222,2,11,6,1.3436195876422476e-05
223,6,11,2,1.3436195876422473e-05
224,0,9,4,1.3436195876422466e-05
225,4,9,0,1.3436195876422465e-05
226,1,8,5,1.3436195876422437e-05
227,5,8,1,1.3436195876422432e-05
228,0,5,1,1.2410798123528996e-05
229,1,5,0,1.2410798123528992e-05
230,1,4,0,1.2410798123528943e-05
231,0,4,1,1.241079812352894e-05
232,3,7,2,1.2410798123528882e-05
233,2,7,3,1.241079812352888e-05
234,3,6,2,1.2410798123528877e-05
235,2,6,3,1.2410798123528874e-05
236,1,4,1,1.1831621894605653e-05
237,0,5,0,1.1831621894605632e-05
238,3,6,3,1.1831621894605492e-05
239,2,7,2,1.1831621894605488e-05
240,8,4,1,1.021314672800627e-05
241,1,4,8,1.0213146728006268e-05
242,9,5,0,1.021314672800623e-05
243,0,5,9,1.0213146728006229e-05
244,2,7,11,1.0213146728006095e-05
245,11,7,2,1.0213146728006095e-05
246,3,6,10,1.0213146728006075e-05
247,10,6,3,1.021314672800607e-05
248,8,0,7,1.017860377468616e-05
249,9,1,6,1.017860377468616e-05
250,7,0,8,1.0178603774686158e-05
251,6,1,9,1.0178603774686158e-05
252,11,3,4,1.0178603774686104e-05
253,4,3,11,1.0178603774686104e-05
254,5,2,10,1.0178603774686087e-05
255,10,2,5,1.0178603774686085e-05
256,9,2,9,9.655986113782643e-06
257,8,3,8,9.655986113782627e-06
258,11,0,11,9.655986113782558e-06
259,10,1,10,9.65598611378252e-06
260,2,9,1,9.231115696743525e-06
261,1,9,2,9.231115696743524e-06
262,3,8,0,9.231115696743515e-06
263,0,8,3,9.231115696743515e-06
264,0,11,3,9.231115696743476e-06
265,3,11,0,9.231115696743476e-06
266,2,10,1,9.23111569674345e-06
267,1,10,2,9.23111569674345e-06
268,10,7,6,8.485050369984782e-06
269,6,7,10,8.485050369984775e-06
270,11,6,7,8.485050369984765e-06
271,4,5,8,8.485050369984761e-06
272,7,6,11,8.485050369984755e-06
273,8,5,4,8.485050369984751e-06
274,5,4,9,8.485050369984738e-06
275,9,4,5,8.485050369984731e-06
276,1,1,1,8.417163619999396e-06
277,3,3,3,8.417163619999395e-06
278,2,2,2,8.417163619999393e-06
279,0,0,0,8.41716361999939e-06
280,2,3,2,7.312303181228399e-06
281,1,0,1,7.312303181228366e-06
282,0,1,0,7.312303181228363e-06
283,3,2,3,7.3123031812283184e-06
284,4,6,4,6.243623554144508e-06
285,5,7,5,6.243623554144508e-06
286,7,5,7,6.243623554144507e-06
287,6,4,6,6.243623554144476e-06
288,8,10,5,5.4487844211847e-06
289,5,10,8,5.448784421184699e-06
290,7,8,10,5.448784421184691e-06
291,10,8,7,5.448784421184691e-06
292,6,9,11,5.448784421184689e-06
293,11,9,6,5.448784421184688e-06
294,9,11,4,5.4487844211846874e-06
295,4,11,9,5.4487844211846874e-06
296,10,7,3,5.314435893887559e-06
297,3,7,10,5.314435893887554e-06
298,2,6,11,5.314435893887551e-06
299,11,6,2,5.31443589388755e-06
300,9,4,0,5.314435893887227e-06
301,0,4,9,5.314435893887227e-06
302,1,5,8,5.314435893887093e-06
303,8,5,1,5.3144358938870925e-06
304,3,11,8,4.544541203276364e-06
305,8,11,3,4.544541203276363e-06
306,9,10,2,4.544541203276343e-06
307,2,10,9,4.544541203276341e-06
308,1,9,10,4.544541203276336e-06
309,11,8,0,4.544541203276336e-06
310,0,8,11,4.544541203276334e-06
311,10,9,1,4.544541203276334e-06
312,6,3,6,4.265779168163214e-06
313,5,0,5,4.265779168163179e-06
314,7,2,7,4.265779168163174e-06
315,4,1,4,4.265779168163171e-06
316,1,5,7,3.9325997997994094e-06
317,7,5,1,3.932599799799408e-06
318,3,7,5,3.932599799799406e-06
319,5,7,3,3.932599799799404e-06
320,2,6,4,3.932599799799403e-06
321,4,6,2,3.932599799799402e-06
322,0,4,6,3.93259979979937e-06
323,6,4,0,3.93259979979937e-06
324,3,10,2,3.7830150839426937e-06
325,2,10,3,3.7830150839426933e-06
326,2,11,3,3.7830150839426933e-06
327,3,11,2,3.7830150839426933e-06
328,0,8,1,3.7830150839426907e-06
329,1,8,0,3.78301508394269e-06
330,1,9,0,3.783015083942688e-06
331,0,9,1,3.7830150839426873e-06
332,6,2,9,3.694357624031491e-06
333,9,2,6,3.69435762403149e-06
334,7,3,8,3.6943576240314742e-06
335,8,3,7,3.694357624031469e-06
336,4,0,11,3.694357624031408e-06
337,11,0,4,3.6943576240314073e-06
338,10,1,5,3.6943576240314073e-06
339,5,1,10,3.694357624031406e-06
340,4,10,4,3.3954508810871236e-06
341,6,8,6,3.3954508810871232e-06
342,5,11,5,3.3954508810871215e-06
343,7,9,7,3.395450881087121e-06
344,11,9,1,3.2658343899767766e-06
345,1,9,11,3.265834389976776e-06
346,8,10,2,3.265834389976774e-06
347,9,11,3,3.2658343899767737e-06
348,2,10,8,3.2658343899767737e-06
349,3,11,9,3.2658343899767732e-06
350,10,8,0,3.265834389976772e-06
351,0,8,10,3.2658343899767716e-06
352,6,9,7,3.040153756033661e-06
353,7,9,6,3.0401537560336608e-06
354,4,11,5,3.0401537560336603e-06
355,4,10,5,3.0401537560336603e-06
356,5,10,4,3.0401537560336603e-06
357,5,11,4,3.04015375603366e-06
358,7,8,6,3.0401537560336565e-06
359,6,8,7,3.0401537560336557e-06
360,7,10,6,2.3894194950572963e-06
361,7,11,6,2.3894194950572963e-06
362,6,10,7,2.389419495057296e-06
363,6,11,7,2.3894194950572955e-06
364,5,9,4,2.3894194950572946e-06
365,4,9,5,2.389419495057293e-06
366,5,8,4,2.3894194950572857e-06
367,4,8,5,2.389419495057284e-06
368,3,5,9,2.2453636389800113e-06
369,9,5,3,2.245363638980009e-06
370,8,4,2,2.2453636389799995e-06
371,2,4,8,2.2453636389799986e-06
372,10,6,0,2.2453636389798707e-06
373,11,7,1,2.24536363897987e-06
374,0,6,10,2.245363638979868e-06
375,1,7,11,2.2453636389798657e-06
376,8,1,7,2.0375626322141542e-06
377,7,1,8,2.0375626322141542e-06
378,9,0,6,2.0375626322141534e-06
379,6,0,9,2.037562632214153e-06
380,4,2,11,2.0375626322141403e-06
381,11,2,4,2.03756263221414e-06
382,10,3,5,2.037562632214139e-06
383,5,3,10,2.0375626322141386e-06
384,7,5,9,2.0089080120263675e-06
385,9,5,7,2.0089080120263662e-06
386,6,4,8,2.0089080120263633e-06
387,8,4,6,2.0089080120263633e-06
388,5,7,11,2.0089080120263366e-06
389,11,7,5,2.008908012026336e-06
390,4,6,10,2.008908012026334e-06
391,10,6,4,2.0089080120263336e-06
392,2,11,8,1.8593857953421913e-06
393,8,11,2,1.859385795342191e-06
394,1,8,11,1.859385795342188e-06
395,0,9,10,1.8593857953421875e-06
396,11,8,1,1.8593857953421875e-06
397,10,9,0,1.859385795342187e-06
398,9,10,3,1.8593857953421867e-06
399,3,10,9,1.8593857953421862e-06
400,0,9,11,1.7435091997582708e-06
401,11,9,0,1.7435091997582704e-06
402,1,8,10,1.7435091997582702e-06
403,10,8,1,1.74350919975827e-06
404,9,11,2,1.7435091997582496e-06
405,2,11,9,1.7435091997582494e-06
406,8,10,3,1.7435091997582488e-06
407,3,10,8,1.7435091997582488e-06
408,11,5,6,1.2373438178823108e-06
409,6,5,11,1.2373438178823108e-06
410,7,4,10,1.2373438178823074e-06
411,10,4,7,1.2373438178823074e-06
412,9,7,4,1.237343817882292e-06
413,4,7,9,1.237343817882292e-06
414,5,6,8,1.2373438178822907e-06
415,8,6,5,1.2373438178822907e-06
416,2,9,11,1.0650743351007806e-06
417,11,9,2,1.0650743351007803e-06
418,10,8,3,1.06507433510078e-06
419,3,8,10,1.06507433510078e-06
420,8,10,1,1.0650743351007734e-06
421,1,10,8,1.0650743351007734e-06
422,0,11,9,1.0650743351007719e-06
423,9,11,0,1.0650743351007717e-06
424,4,5,6,1.0031384468274134e-06
425,6,5,4,1.0031384468274132e-06
426,5,6,7,1.0031384468274e-06
427,6,7,4,1.0031384468274e-06
428,7,6,5,1.0031384468273999e-06
429,4,7,6,1.0031384468273997e-06
430,7,4,5,1.0031384468273971e-06
431,5,4,7,1.0031384468273971e-06
432,6,4,2,9.608639878796824e-07
433,2,4,6,9.608639878796821e-07
434,5,7,1,9.608639878796773e-07
435,1,7,5,9.60863987879677e-07
436,4,6,0,9.60863987879677e-07
437,0,6,4,9.608639878796769e-07
438,7,5,3,9.608639878796756e-07
439,3,5,7,9.608639878796754e-07
440,8,8,7,9.345216513070851e-07
441,7,8,8,9.34521651307085e-07
442,9,9,6,9.345216513070849e-07
443,6,9,9,9.345216513070847e-07
444,11,11,4,9.345216513070727e-07
445,4,11,11,9.345216513070725e-07
446,10,10,5,9.345216513070723e-07
447,5,10,10,9.345216513070722e-07
448,8,9,4,9.280323952717397e-07
449,4,9,8,9.280323952717389e-07
450,7,10,11,9.280323952717342e-07
451,6,11,10,9.280323952717339e-07
452,11,10,7,9.280323952717338e-07
453,5,8,9,9.280323952717336e-07
454,9,8,5,9.280323952717334e-07
455,10,11,6,9.280323952717334e-07
456,0,3,11,8.371032402989338e-07
457,11,3,0,8.371032402989337e-07
458,10,2,1,8.37103240298923e-07
459,1,2,10,8.371032402989227e-07
460,8,0,3,8.37103240298915e-07
461,3,0,8,8.371032402989149e-07
462,9,1,2,8.371032402989115e-07
463,2,1,9,8.371032402989113e-07
464,11,10,11,7.193068839923022e-07
465,10,11,10,7.193068839923016e-07
466,9,8,9,7.193068839922995e-07
467,8,9,8,7.193068839922976e-07
468,0,2,0,7.176907177380215e-07
469,2,0,2,7.17690717738021e-07
470,1,3,1,7.176907177380209e-07
471,3,1,3,7.17690717738017e-07
472,11,5,8,6.12186998507396e-07
473,8,5,11,6.121869985073959e-07
474,11,6,8,6.121869985073916e-07
475,8,6,11,6.121869985073909e-07
476,10,4,9,6.121869985073898e-07
477,10,7,9,6.121869985073898e-07
478,9,7,10,6.121869985073892e-07
479,9,4,10,6.12186998507389e-07
480,2,4,0,5.645677476025878e-07
481,0,4,2,5.645677476025867e-07
482,1,5,3,5.645677476025867e-07
483,3,5,1,5.645677476025866e-07
484,0,6,2,5.645677476025296e-07
485,2,6,0,5.645677476025295e-07
486,3,7,1,5.645677476025286e-07
487,1,7,3,5.645677476025285e-07
488,0,9,8,4.92307358805322e-07
489,8,9,0,4.923073588053215e-07
490,1,8,9,4.923073588053134e-07
491,9,8,1,4.923073588053133e-07
492,11,10,3,4.923073588053014e-07
493,3,10,11,4.923073588053012e-07
494,2,11,10,4.923073588053008e-07
495,10,11,2,4.923073588053008e-07
496,10,3,6,4.3930618629632385e-07
497,6,3,10,4.3930618629632195e-07
498,11,2,7,4.393061862963178e-07
499,7,2,11,4.393061862963177e-07
500,5,0,9,4.3930618629628446e-07
501,9,0,5,4.3930618629628436e-07
502,8,1,4,4.3930618629628277e-07
503,4,1,8,4.393061862962813e-07
504,8,6,1,3.945692058702321e-07
505,9,7,0,3.9456920587023196e-07
506,1,6,8,3.9456920587023196e-07
507,0,7,9,3.9456920587023185e-07
508,3,4,10,3.945692058702197e-07
509,10,4,3,3.9456920587021957e-07
510,2,5,11,3.945692058702181e-07
511,11,5,2,3.945692058702181e-07
512,5,11,7,3.7008566757936265e-07
513,7,11,5,3.700856675793623e-07
514,6,10,4,3.7008566757936107e-07
515,4,10,6,3.7008566757936075e-07
516,5,9,7,3.700856675793542e-07
517,7,9,5,3.7008566757935376e-07
518,4,8,6,3.70085667579349e-07
519,6,8,4,3.70085667579349e-07
520,8,10,9,2.883141574559141e-07
521,9,10,8,2.8831415745591406e-07
522,9,11,8,2.883141574559139e-07
523,8,11,9,2.8831415745591385e-07
524,10,8,11,2.8831415745591364e-07
525,11,8,10,2.8831415745591354e-07
526,10,9,11,2.8831415745591306e-07
527,11,9,10,2.8831415745591295e-07
528,10,2,9,2.734773916281136e-07
529,9,2,10,2.734773916281132e-07
530,11,3,8,2.734773916281118e-07
531,8,3,11,2.734773916281116e-07
532,11,0,8,2.7347739162810955e-07
533,8,0,11,2.7347739162810944e-07
534,9,1,10,2.734773916281091e-07
535,10,1,9,2.73477391628109e-07
536,9,2,5,2.628762772080678e-07
537,5,2,9,2.628762772080664e-07
538,4,3,8,2.628762772080621e-07
539,8,3,4,2.628762772080611e-07
540,7,0,11,2.628762772080511e-07
541,11,0,7,2.6287627720805064e-07
542,6,1,10,2.6287627720804906e-07
543,10,1,6,2.6287627720804853e-07
544,1,11,8,2.418307015167878e-07
545,3,9,10,2.418307015167873e-07
546,8,11,1,2.418307015167872e-07
547,0,10,9,2.418307015167869e-07
548,9,10,0,2.4183070151678686e-07
549,10,9,3,2.4183070151678676e-07
550,2,8,11,2.418307015167863e-07
551,11,8,2,2.4183070151678586e-07
552,1,0,6,2.3119952252992344e-07
553,6,0,1,2.311995225299234e-07
554,0,1,7,2.3119952252992334e-07
555,7,1,0,2.311995225299233e-07
556,4,2,3,2.3119952252992228e-07
557,3,2,4,2.3119952252992223e-07
558,5,3,2,2.3119952252992112e-07
559,2,3,5,2.3119952252992112e-07
560,4,2,7,2.2668010024534003e-07
561,7,2,4,2.2668010024533998e-07
562,6,3,5,2.2668010024533992e-07
563,5,3,6,2.266801002453397e-07
564,7,1,4,2.2668010024533908e-07
565,4,1,7,2.2668010024533902e-07
566,5,0,6,2.2668010024533865e-07
567,6,0,5,2.266801002453385e-07
568,2,3,7,2.2131562299270586e-07
569,7,3,2,2.213156229927057e-07
570,4,0,1,2.2131562299269384e-07
571,1,0,4,2.2131562299269358e-07
572,3,2,6,2.213156229926824e-07
573,6,2,3,2.213156229926822e-07
574,5,1,0,2.2131562299267648e-07
575,0,1,5,2.2131562299267632e-07
576,4,3,6,2.0356026454645596e-07
577,6,3,4,2.035602645464559e-07
578,6,1,4,2.0356026454645466e-07
579,4,1,6,2.0356026454645466e-07
580,7,0,5,2.0356026454645463e-07
581,5,0,7,2.035602645464546e-07
582,5,2,7,2.0356026454645437e-07
583,7,2,5,2.0356026454645432e-07
584,10,4,2,1.8540493337066832e-07
585,2,4,10,1.8540493337066824e-07
586,8,6,0,1.8540493337066692e-07
587,0,6,8,1.854049333706668e-07
588,9,7,1,1.854049333706664e-07
589,1,7,9,1.8540493337066636e-07
590,3,5,11,1.854049333706645e-07
591,11,5,3,1.854049333706644e-07
592,7,10,2,1.4705096945018163e-07
593,2,10,7,1.470509694501816e-07
594,6,11,3,1.4705096945018158e-07
595,3,11,6,1.4705096945018155e-07
596,0,8,5,1.4705096945018102e-07
597,5,8,0,1.470509694501808e-07
598,4,9,1,1.4705096945017996e-07
599,1,9,4,1.4705096945017978e-07
600,7,6,8,1.3025751613474155e-07
601,6,7,9,1.3025751613474128e-07
602,8,6,7,1.302575161347411e-07
603,9,7,6,1.3025751613474096e-07
604,11,5,4,1.3025751613473186e-07
605,4,5,11,1.3025751613473167e-07
606,5,4,10,1.3025751613472596e-07
607,10,4,5,1.3025751613472577e-07
608,0,10,1,1.1721731634220496e-07
609,1,10,0,1.1721731634220493e-07
610,0,11,1,1.1721731634220456e-07
611,1,11,0,1.1721731634220408e-07
612,3,9,2,1.1721731634219385e-07
613,2,9,3,1.1721731634219369e-07
614,2,8,3,1.1721731634219312e-07
615,3,8,2,1.1721731634219308e-07
616,9,9,5,1.15889171734422e-07
617,5,9,9,1.1588917173442181e-07
618,10,10,6,1.1588917173440845e-07
619,6,10,10,1.1588917173440804e-07
620,11,11,7,1.1588917173440792e-07
621,7,11,11,1.1588917173440783e-07
622,4,8,8,1.1588917173440709e-07
623,8,8,4,1.1588917173440602e-07
624,2,1,8,1.132292310257259e-07
625,8,1,2,1.1322923102572569e-07
626,9,0,3,1.132292310257249e-07
627,3,0,9,1.1322923102572485e-07
628,10,3,0,1.1322923102572223e-07
629,0,3,10,1.1322923102572215e-07
630,11,2,1,1.1322923102572204e-07
631,1,2,11,1.1322923102572193e-07
632,10,5,11,1.0822180264789775e-07
633,11,5,10,1.082218026478976e-07
634,10,4,11,1.0822180264789517e-07
635,11,4,10,1.0822180264789473e-07
636,9,7,8,1.0822180264785004e-07
637,9,6,8,1.082218026478496e-07
638,8,6,9,1.082218026478496e-07
639,8,7,9,1.082218026478488e-07
640,4,2,2,1.0739841190043045e-07
641,5,3,3,1.0739841190043042e-07
642,2,2,4,1.0739841190043038e-07
643,3,3,5,1.0739841190043036e-07
644,7,1,1,1.0739841190042437e-07
645,1,1,7,1.0739841190042424e-07
646,6,0,0,1.07398411900424e-07
647,0,0,6,1.0739841190042384e-07
648,10,5,8,1.0625600193953388e-07
649,8,5,10,1.062560019395338e-07
650,9,4,11,1.0625600193950962e-07
651,9,6,11,1.0625600193950946e-07
652,11,4,9,1.0625600193950934e-07
653,11,6,9,1.0625600193950921e-07
654,10,7,8,1.0625600193950863e-07
655,8,7,10,1.0625600193950854e-07
656,8,5,6,1.0620394425928558e-07
657,6,5,8,1.0620394425928536e-07
658,11,6,5,1.0620394425928057e-07
659,5,6,11,1.0620394425928038e-07
660,4,7,10,1.0620394425927898e-07
661,10,7,4,1.0620394425927893e-07
662,7,4,9,1.0620394425927594e-07
663,9,4,7,1.0620394425927575e-07
664,4,6,9,9.304084772073916e-08
665,9,6,4,9.304084772073912e-08
666,5,7,8,9.304084772073885e-08
667,8,7,5,9.304084772073883e-08
668,7,5,10,9.304084772073166e-08
669,10,5,7,9.304084772073157e-08
670,11,4,6,9.304084772073118e-08
671,6,4,11,9.3040847720731e-08
672,2,11,11,9.18608432321551e-08
673,11,11,2,9.18608432321551e-08
674,3,10,10,9.186084323215507e-08
675,10,10,3,9.186084323215505e-08
676,0,9,9,9.186084323215453e-08
677,9,9,0,9.186084323215452e-08
678,8,8,1,9.186084323215449e-08
679,1,8,8,9.186084323215449e-08
680,8,10,7,9.144761347728716e-08
681,7,10,8,9.144761347728713e-08
682,6,11,9,9.144761347728677e-08
683,9,11,6,9.14476134772867e-08
684,4,9,11,9.144761347728213e-08
685,11,9,4,9.144761347728205e-08
686,5,8,10,9.144761347728173e-08
687,10,8,5,9.144761347728158e-08
688,2,5,0,8.156054787261392e-08
689,1,4,3,8.15605478726139e-08
690,3,4,1,8.15605478726139e-08
691,0,5,2,8.156054787261384e-08
692,3,6,1,8.156054787261348e-08
693,1,6,3,8.156054787261347e-08
694,0,7,2,8.156054787261338e-08
695,2,7,0,8.156054787261338e-08
696,10,7,1,8.145625305834874e-08
697,1,7,10,8.14562530583482e-08
698,11,6,0,8.145625305834781e-08
699,0,6,11,8.145625305834752e-08
700,9,4,2,8.145625305834551e-08
701,2,4,9,8.145625305834531e-08
702,3,5,8,8.145625305834297e-08
703,8,5,3,8.145625305834268e-08
704,3,5,4,7.923825245720512e-08
705,4,5,3,7.923825245720476e-08
706,0,6,7,7.923825245720345e-08
707,1,7,6,7.923825245720297e-08
708,7,6,0,7.92382524572029e-08
709,6,7,1,7.923825245720285e-08
710,2,4,5,7.92382524572013e-08
711,5,4,2,7.9238252457201e-08
712,8,11,6,7.604988488250698e-08
713,6,11,8,7.604988488250698e-08
714,7,10,9,7.604988488250687e-08
715,9,10,7,7.604988488250686e-08
716,11,8,5,7.604988488250546e-08
717,5,8,11,7.604988488250546e-08
718,4,9,10,7.604988488250512e-08
719,10,9,4,7.60498848825051e-08
720,2,2,10,7.008916051691952e-08
721,10,2,2,7.008916051691944e-08
722,3,3,11,7.008916051690978e-08
723,11,3,3,7.008916051690977e-08
724,8,0,0,7.008916051690364e-08
725,0,0,8,7.008916051690361e-08
726,1,1,9,7.008916051690269e-08
727,9,1,1,7.008916051690237e-08
728,7,1,9,6.623334326118638e-08
729,9,1,7,6.623334326118636e-08
730,6,0,8,6.623334326118614e-08
731,8,0,6,6.623334326118612e-08
732,4,2,10,6.623334326118495e-08
733,10,2,4,6.623334326118495e-08
734,5,3,11,6.623334326118361e-08
735,11,3,5,6.623334326118357e-08
736,6,0,3,6.567305969154904e-08
737,3,0,6,6.567305969154902e-08
738,2,1,7,6.567305969154898e-08
739,7,1,2,6.567305969154897e-08
740,0,3,5,6.567305969154896e-08
741,5,3,0,6.567305969154893e-08
742,4,2,1,6.567305969154873e-08
743,1,2,4,6.567305969154873e-08
744,5,8,3,6.522965312005735e-08
745,6,11,0,6.522965312005733e-08
746,0,11,6,6.52296531200573e-08
747,3,8,5,6.522965312005724e-08
748,7,10,1,6.52296531200568e-08
749,1,10,7,6.522965312005678e-08
750,4,9,2,6.522965312005548e-08
751,2,9,4,6.522965312005533e-08
752,9,1,3,6.143461689366783e-08
753,3,1,9,6.143461689366778e-08
754,1,3,11,6.143461689366742e-08
755,11,3,1,6.143461689366741e-08
756,8,0,2,6.143461689366726e-08
757,2,0,8,6.143461689366718e-08
758,0,2,10,6.143461689366704e-08
759,10,2,0,6.143461689366703e-08
760,11,5,0,6.113127294994282e-08
761,0,5,11,6.113127294994275e-08
762,1,4,10,6.113127294993882e-08
763,10,4,1,6.113127294993877e-08
764,9,7,2,6.113127294993678e-08
765,2,7,9,6.11312729499367e-08
766,8,6,3,6.113127294993565e-08
767,3,6,8,6.11312729499356e-08
768,2,8,5,5.712408615731458e-08
769,5,8,2,5.7124086157314265e-08
770,3,9,4,5.712408615731342e-08
771,4,9,3,5.712408615731331e-08
772,1,11,6,5.712408615731011e-08
773,6,11,1,5.712408615731e-08
774,7,10,0,5.7124086157308415e-08
775,0,10,7,5.712408615730828e-08
776,9,2,11,4.8600982253757803e-08
777,11,2,9,4.860098225375774e-08
778,10,3,8,4.8600982253757234e-08
779,8,3,10,4.86009822537572e-08
780,10,1,8,4.860098225375199e-08
781,8,1,10,4.8600982253751894e-08
782,11,0,9,4.8600982253751676e-08
783,9,0,11,4.860098225375156e-08
784,6,5,3,4.557954546539736e-08
785,3,5,6,4.55795454653973e-08
786,2,4,7,4.557954546539712e-08
787,7,4,2,4.55795454653971e-08
788,0,6,5,4.557954546536428e-08
789,5,6,0,4.557954546536425e-08
790,1,7,4,4.5579545465363844e-08
791,4,7,1,4.5579545465363824e-08
792,5,5,10,4.534395542132325e-08
793,10,5,5,4.534395542132323e-08
794,4,4,11,4.5343955421323023e-08
795,11,4,4,4.5343955421323004e-08
796,6,6,9,4.534395542131807e-08
797,7,7,8,4.534395542131804e-08
798,8,7,7,4.534395542131802e-08
799,9,6,6,4.534395542131802e-08
800,0,8,9,4.215137727189904e-08
801,9,8,0,4.215137727189902e-08
802,10,11,3,4.215137727189892e-08
803,3,11,10,4.2151377271898856e-08
804,11,10,2,4.2151377271898194e-08
805,1,9,8,4.2151377271898194e-08
806,2,10,11,4.215137727189817e-08
807,8,9,1,4.2151377271898115e-08
808,3,1,6,3.73526200880585e-08
809,6,1,3,3.735262008805849e-08
810,2,0,7,3.735262008805821e-08
811,7,0,2,3.7352620088058195e-08
812,0,2,5,3.7352620088057196e-08
813,5,2,0,3.735262008805718e-08
814,1,3,4,3.735262008805673e-08
815,4,3,1,3.735262008805671e-08
816,8,8,8,3.499819646810927e-08
817,9,9,9,3.4998196468109254e-08
818,11,11,11,3.499819646810851e-08
819,10,10,10,3.49981964681085e-08
820,1,3,5,3.2859968470664075e-08
821,5,3,1,3.285996847066367e-08
822,0,2,4,3.285996847066265e-08
823,4,2,0,3.2859968470662335e-08
824,2,0,6,3.285996847066055e-08
825,6,0,2,3.2859968470660244e-08
826,3,1,7,3.2859968470657716e-08
827,7,1,3,3.285996847065701e-08
828,7,9,1,3.1230534871769394e-08
829,1,9,7,3.123053487176933e-08
830,6,8,0,3.12305348717686e-08
831,0,8,6,3.123053487176856e-08
832,2,10,4,3.1230534871765754e-08
833,4,10,2,3.123053487176575e-08
834,5,11,3,3.1230534871765185e-08
835,3,11,5,3.1230534871765145e-08
836,11,10,5,3.027860693972511e-08
837,5,10,11,3.027860693972505e-08
838,4,11,10,3.0278606939724745e-08
839,10,11,4,3.027860693972469e-08
840,7,8,9,3.0278606939722475e-08
841,9,8,7,3.027860693972243e-08
842,8,9,6,3.0278606939719246e-08
843,6,9,8,3.027860693971917e-08
844,2,2,11,2.6723849708846685e-08
845,11,2,2,2.672384970884654e-08
846,3,3,10,2.672384970884597e-08
847,10,3,3,2.6723849708845772e-08
848,1,1,8,2.6723849708839194e-08
849,0,0,9,2.6723849708839022e-08
850,8,1,1,2.6723849708838837e-08
851,9,0,0,2.67238497088386e-08
852,9,8,11,2.646264515475931e-08
853,11,8,9,2.6462645154759308e-08
854,8,11,10,2.6462645154759245e-08
855,10,11,8,2.6462645154759242e-08
856,10,9,8,2.6462645154759126e-08
857,8,9,10,2.646264515475912e-08
858,11,10,9,2.6462645154759113e-08
859,9,10,11,2.64626451547591e-08
860,2,2,0,2.311850349541948e-08
861,0,2,2,2.311850349541947e-08
862,0,0,2,2.3118503495419414e-08
863,2,0,0,2.31185034954194e-08
864,1,3,3,2.311850349541933e-08
865,3,3,1,2.311850349541933e-08
866,1,1,3,2.3118503495419278e-08
867,3,1,1,2.3118503495419275e-08
868,2,2,1,2.2818236929864222e-08
869,1,2,2,2.281823692986422e-08
870,0,3,3,2.2818236929864076e-08
871,3,3,0,2.2818236929864073e-08
872,1,1,2,2.281823692986231e-08
873,2,1,1,2.2818236929862306e-08
874,0,0,3,2.281823692986217e-08
875,3,0,0,2.281823692986217e-08
876,11,0,6,2.0235178650431517e-08
877,6,0,11,2.0235178650431498e-08
878,7,1,10,2.023517865043091e-08
879,10,1,7,2.023517865043089e-08
880,9,2,4,2.0235178650428546e-08
881,4,2,9,2.023517865042854e-08
882,5,3,8,2.0235178650428434e-08
883,8,3,5,2.0235178650428414e-08
884,8,4,4,1.901692549007261e-08
885,4,4,8,1.9016925490072504e-08
886,5,5,9,1.901692549006938e-08
887,9,5,5,1.9016925490069275e-08
888,7,7,11,1.9016925490051653e-08
889,6,6,10,1.9016925490051653e-08
890,11,7,7,1.901692549005165e-08
891,10,6,6,1.9016925490051438e-08
892,0,3,2,1.8971539599631155e-08
893,2,3,0,1.8971539599631135e-08
894,3,0,1,1.8971539599631026e-08
895,1,0,3,1.8971539599631023e-08
896,1,2,3,1.8971539599630953e-08
897,2,1,0,1.8971539599630943e-08
898,3,2,1,1.8971539599630937e-08
899,0,1,2,1.8971539599630937e-08
900,4,1,1,1.8597955592861482e-08
901,1,1,4,1.859795559286147e-08
902,0,0,5,1.8597955592861406e-08
903,5,0,0,1.8597955592861386e-08
904,6,3,3,1.8597955592861333e-08
905,3,3,6,1.8597955592861323e-08
906,2,2,7,1.859795559286091e-08
907,7,2,2,1.859795559286089e-08
908,0,8,8,1.829635251808678e-08
909,8,8,0,1.8296352518086753e-08
910,1,9,9,1.8296352518086303e-08
911,9,9,1,1.8296352518086276e-08
912,10,10,2,1.82963525180723e-08
913,2,10,10,1.829635251807222e-08
914,11,11,3,1.8296352518071612e-08
915,3,11,11,1.8296352518071586e-08
916,1,7,2,1.503128937954769e-08
917,2,7,1,1.5031289379547662e-08
918,2,4,1,1.503128937954763e-08
919,3,5,0,1.503128937954763e-08
920,0,5,3,1.5031289379547596e-08
921,3,6,0,1.503128937954758e-08
922,0,6,3,1.5031289379547563e-08
923,1,4,2,1.503128937954755e-08
924,10,9,9,1.4242831318402348e-08
925,9,9,10,1.4242831318402345e-08
926,8,8,11,1.424283131840233e-08
927,11,8,8,1.4242831318402328e-08
928,11,11,8,1.424283131840115e-08
929,8,11,11,1.4242831318401147e-08
930,9,10,10,1.4242831318401135e-08
931,10,10,9,1.4242831318401134e-08
932,7,4,4,1.201626276296988e-08
933,4,4,7,1.2016262762969878e-08
934,5,5,6,1.2016262762969871e-08
935,6,5,5,1.2016262762969866e-08
936,7,7,4,1.2016262762960809e-08
937,4,7,7,1.20162627629608e-08
938,6,6,5,1.2016262762960785e-08
939,5,6,6,1.201626276296078e-08
940,7,9,4,1.0177694518191029e-08
941,4,9,7,1.0177694518191026e-08
942,5,11,6,1.017769451819098e-08
943,6,11,5,1.0177694518190964e-08
944,5,8,6,1.0177694518190859e-08
945,6,8,5,1.0177694518190849e-08
946,4,10,7,1.0177694518190748e-08
947,7,10,4,1.017769451819074e-08
948,3,8,1,6.222354998203369e-09
949,1,8,3,6.22235499820321e-09
950,2,9,0,6.22235499820321e-09
951,0,11,2,6.222354998202998e-09
952,0,9,2,6.222354998202892e-09
953,2,11,0,6.222354998202522e-09
954,1,10,3,6.222354998202363e-09
955,3,10,1,6.222354998201992e-09
956,2,3,1,4.859302135025421e-09
957,1,3,2,4.8593021350254206e-09
958,3,2,0,4.859302135025401e-09
959,0,2,3,4.859302135025398e-09
960,2,0,1,4.859302135025369e-09
961,1,0,2,4.859302135025369e-09
962,3,1,0,4.859302135025346e-09
963,0,1,3,4.8593021350253445e-09
964,6,6,3,4.844000038681041e-09
965,3,6,6,4.84400003868104e-09
966,7,7,2,4.844000038681038e-09
967,2,7,7,4.844000038681037e-09
968,1,4,4,4.844000038680577e-09
969,4,4,1,4.844000038680576e-09
970,5,5,0,4.844000038680575e-09
971,0,5,5,4.8440000386805745e-09
972,11,2,3,4.214982472707611e-09
973,3,2,11,4.214982472707484e-09
974,9,0,1,4.214982472702935e-09
975,1,0,9,4.214982472702931e-09
976,2,3,10,4.214982472702854e-09
977,10,3,2,4.214982472702853e-09
978,8,1,0,4.214982472702685e-09
979,0,1,8,4.2149824727025685e-09
980,10,7,7,3.879345335876208e-09
981,7,7,10,3.879345335876208e-09
982,6,6,11,3.8793453358762075e-09
983,11,6,6,3.879345335876206e-09
984,4,4,9,3.879345335875944e-09
985,9,4,4,3.879345335875944e-09
986,5,5,8,3.879345335875909e-09
987,8,5,5,3.879345335875908e-09
988,7,7,7,2.40410403330667e-09
989,6,6,6,2.4041040333066693e-09
990,5,5,5,2.404104033303067e-09
991,4,4,4,2.4041040333030666e-09
992,3,6,4,1.865017366844904e-09
993,4,6,3,1.865017366844885e-09
994,5,7,2,1.865017366844807e-09
995,2,7,5,1.865017366844807e-09
996,1,4,6,1.8650173668444556e-09
997,6,4,1,1.8650173668444523e-09
998,7,5,0,1.865017366844202e-09
999,0,5,7,1.865017366844199e-09
1000,8,9,3,1.6921553913143586e-09
1001,11,10,0,1.6921553913143108e-09
1002,3,9,8,1.692155391314253e-09
1003,10,11,1,1.6921553913142335e-09
1004,0,10,11,1.6921553913142014e-09
1005,1,11,10,1.6921553913141445e-09
1006,9,8,2,1.692155391313634e-09
1007,2,8,9,1.6921553913136005e-09
1008,11,11,10,1.518005117820906e-09
1009,10,11,11,1.5180051178209052e-09
1010,11,10,10,1.5180051178209047e-09
1011,10,10,11,1.5180051178209043e-09
1012,8,8,9,1.5180051178208932e-09
1013,9,8,8,1.518005117820893e-09
1014,8,9,9,1.5180051178208733e-09
1015,9,9,8,1.5180051178208725e-09
1016,7,7,5,1.2342009053068575e-09
1017,5,7,7,1.2342009053068575e-09
1018,4,6,6,1.2342009053068558e-09
1019,6,6,4,1.2342009053068558e-09
1020,5,5,7,1.2342009053066664e-09
1021,7,5,5,1.234200905306666e-09
1022,6,4,4,1.234200905306663e-09
1023,4,4,6,1.234200905306663e-09
1024,10,10,4,2.1024457989053011e-10
1025,4,10,10,2.1024457989052887e-10
1026,5,11,11,2.1024457989052308e-10
1027,11,11,5,2.1024457989052267e-10
1028,9,9,7,2.1024457989044553e-10
1029,7,9,9,2.102445798904445e-10
1030,8,8,6,2.1024457989043892e-10
1031,6,8,8,2.102445798904383e-10
1032,7,7,1,-1.3151639286756364e-09
1033,1,7,7,-1.3151639286756367e-09
1034,0,6,6,-1.315163928675638e-09
1035,6,6,0,-1.315163928675638e-09
1036,4,4,2,-1.3151639286758368e-09
1037,2,4,4,-1.315163928675837e-09
1038,3,5,5,-1.3151639286758383e-09
1039,5,5,3,-1.3151639286758385e-09
1040,7,2,0,-1.5078250147476762e-09
1041,0,2,7,-1.5078250147476927e-09
1042,6,3,1,-1.5078250147476979e-09
1043,1,3,6,-1.507825014747708e-09
1044,2,0,5,-1.507825014747712e-09
1045,5,0,2,-1.507825014747721e-09
1046,3,1,4,-1.5078250147477264e-09
1047,4,1,3,-1.5078250147477302e-09
1048,0,2,1,-2.2783181175595864e-09
1049,1,2,0,-2.2783181175595963e-09
1050,1,3,0,-2.2783181175596376e-09
1051,0,3,1,-2.278318117559641e-09
1052,2,1,3,-2.2783181175603358e-09
1053,3,1,2,-2.27831811756035e-09
1054,3,0,2,-2.2783181175604053e-09
1055,2,0,3,-2.2783181175604077e-09
1056,9,9,11,-3.45820726457136e-09
1057,11,9,9,-3.458207264571362e-09
1058,8,8,10,-3.4582072645714145e-09
1059,10,8,8,-3.458207264571419e-09
1060,10,10,8,-3.4582072645717586e-09
1061,8,10,10,-3.4582072645717602e-09
1062,9,11,11,-3.4582072645717615e-09
1063,11,11,9,-3.458207264571762e-09
1064,2,3,3,-3.4820624344332668e-09
1065,3,3,2,-3.4820624344332784e-09
1066,2,2,3,-3.4820624344336903e-09
1067,3,2,2,-3.482062434433715e-09
1068,0,0,1,-3.482062434434246e-09
1069,1,0,0,-3.482062434434261e-09
1070,1,1,0,-3.4820624344342677e-09
1071,0,1,1,-3.4820624344342693e-09
1072,10,11,5,-3.964243611504012e-09
1073,5,11,10,-3.964243611504012e-09
1074,11,10,4,-3.9642436115040556e-09
1075,4,10,11,-3.9642436115040605e-09
1076,9,8,6,-3.964243611504097e-09
1077,6,8,9,-3.9642436115041e-09
1078,8,9,7,-3.964243611504143e-09
1079,7,9,8,-3.964243611504144e-09
1080,3,5,10,-4.598655736957955e-09
1081,10,5,3,-4.5986557369586e-09
1082,2,4,11,-4.598655736959649e-09
1083,11,4,2,-4.598655736959976e-09
1084,9,6,0,-4.598655736960876e-09
1085,0,6,9,-4.598655736961085e-09
1086,1,7,8,-4.598655736962246e-09
1087,8,7,1,-4.598655736962835e-09
1088,2,11,5,-5.406610972544302e-09
1089,5,11,2,-5.406610972544317e-09
1090,4,10,3,-5.4066109725445504e-09
1091,3,10,4,-5.406610972544558e-09
1092,6,8,1,-5.406610972544709e-09
1093,7,9,0,-5.406610972544719e-09
1094,1,8,6,-5.4066109725447655e-09
1095,0,9,7,-5.406610972544811e-09
1096,4,1,10,-5.49518710432199e-09
1097,5,0,11,-5.495187104322013e-09
1098,11,0,5,-5.495187104322074e-09
1099,10,1,4,-5.495187104322074e-09
1100,9,2,7,-5.495187104322994e-09
1101,7,2,9,-5.49518710432302e-09
1102,8,3,6,-5.495187104323285e-09
1103,6,3,8,-5.495187104323327e-09
1104,7,7,9,-5.941513917905846e-09
1105,9,7,7,-5.9415139179058465e-09
1106,8,6,6,-5.9415139179058514e-09
1107,6,6,8,-5.9415139179058514e-09
1108,10,4,4,-5.94151391790659e-09
1109,4,4,10,-5.941513917906591e-09
1110,11,5,5,-5.9415139179065926e-09
1111,5,5,11,-5.941513917906593e-09
1112,1,3,10,-6.848298727793728e-09
1113,10,3,1,-6.8482987277938315e-09
1114,11,2,0,-6.848298727793952e-09
1115,0,2,11,-6.848298727793985e-09
1116,2,0,9,-6.848298727794334e-09
1117,3,1,8,-6.848298727794391e-09
1118,8,1,3,-6.848298727794589e-09
1119,9,0,2,-6.848298727794682e-09
1120,5,4,4,-7.834495636355632e-09
1121,4,4,5,-7.834495636355632e-09
1122,4,5,5,-7.834495636355799e-09
1123,5,5,4,-7.834495636355806e-09
1124,6,7,7,-7.834495636356628e-09
1125,7,7,6,-7.83449563635663e-09
1126,7,6,6,-7.834495636356641e-09
1127,6,6,7,-7.834495636356644e-09
1128,8,8,5,-8.577326026828631e-09
1129,5,8,8,-8.577326026828633e-09
1130,4,9,9,-8.57732602682865e-09
1131,9,9,4,-8.577326026828651e-09
1132,11,11,6,-8.577326026828704e-09
1133,6,11,11,-8.577326026828706e-09
1134,10,10,7,-8.577326026828706e-09
1135,7,10,10,-8.577326026828706e-09
1136,10,8,9,-1.518547544940238e-08
1137,9,8,10,-1.5185475449402402e-08
1138,11,9,8,-1.518547544940251e-08
1139,10,11,9,-1.5185475449402514e-08
1140,8,9,11,-1.5185475449402524e-08
1141,9,11,10,-1.518547544940253e-08
1142,11,10,8,-1.5185475449402538e-08
1143,8,10,11,-1.5185475449402538e-08
1144,2,9,8,-1.5406307632902083e-08
1145,8,9,2,-1.5406307632902083e-08
1146,9,8,3,-1.540630763290223e-08
1147,3,8,9,-1.540630763290224e-08
1148,1,10,11,-1.540630763290329e-08
1149,11,10,1,-1.5406307632903297e-08
1150,0,11,10,-1.5406307632903618e-08
1151,10,11,0,-1.540630763290362e-08
1152,2,6,6,-1.55753006693367e-08
1153,5,5,1,-1.5575300669336716e-08
1154,7,7,3,-1.557530066933672e-08
1155,3,7,7,-1.5575300669336756e-08
1156,6,6,2,-1.5575300669336878e-08
1157,1,5,5,-1.5575300669336888e-08
1158,0,4,4,-1.5575300669341838e-08
1159,4,4,0,-1.5575300669341878e-08
1160,0,2,9,-1.989176083524218e-08
1161,9,2,0,-1.9891760835242186e-08
1162,8,3,1,-1.9891760835242212e-08
1163,1,3,8,-1.9891760835242212e-08
1164,10,1,3,-1.9891760835242553e-08
1165,3,1,10,-1.9891760835242563e-08
1166,11,0,2,-1.9891760835242725e-08
1167,2,0,11,-1.989176083524273e-08
1168,0,1,6,-2.28949956156764e-08
1169,6,1,0,-2.2894995615676412e-08
1170,1,0,7,-2.2894995615676912e-08
1171,7,0,1,-2.2894995615676988e-08
1172,4,3,2,-2.2894995615677037e-08
1173,2,3,4,-2.289499561567707e-08
1174,5,2,3,-2.2894995615678477e-08
1175,3,2,5,-2.289499561567849e-08
1176,4,5,7,-2.3599643440790557e-08
1177,7,5,4,-2.3599643440790614e-08
1178,6,7,5,-2.3599643440790945e-08
1179,5,7,6,-2.3599643440791054e-08
1180,5,4,6,-2.3599643440791262e-08
1181,4,6,7,-2.3599643440791305e-08
1182,7,6,4,-2.359964344079136e-08
1183,6,4,5,-2.3599643440791457e-08
1184,2,5,7,-2.4853860132427024e-08
1185,7,5,2,-2.4853860132427064e-08
1186,3,4,6,-2.48538601324274e-08
1187,6,4,3,-2.4853860132427418e-08
1188,0,7,5,-2.48538601324285e-08
1189,1,6,4,-2.4853860132428506e-08
1190,5,7,0,-2.485386013242852e-08
1191,4,6,1,-2.4853860132428553e-08
1192,3,3,4,-2.8172594591106204e-08
1193,4,3,3,-2.817259459110621e-08
1194,5,2,2,-2.817259459110626e-08
1195,2,2,5,-2.8172594591106267e-08
1196,0,0,7,-2.8172594591118198e-08
1197,7,0,0,-2.8172594591118204e-08
1198,1,1,6,-2.8172594591118257e-08
1199,6,1,1,-2.8172594591118284e-08
1200,1,7,0,-3.1337585143315085e-08
1201,0,7,1,-3.133758514331512e-08
1202,0,6,1,-3.1337585143315145e-08
1203,1,6,0,-3.133758514331515e-08
1204,3,4,2,-3.133758514332352e-08
1205,2,4,3,-3.133758514332356e-08
1206,2,5,3,-3.133758514332368e-08
1207,3,5,2,-3.133758514332376e-08
1208,4,4,3,-3.249869574868176e-08
1209,3,4,4,-3.249869574868177e-08
1210,5,5,2,-3.249869574868185e-08
1211,2,5,5,-3.249869574868185e-08
1212,7,7,0,-3.249869574868253e-08
1213,1,6,6,-3.249869574868254e-08
1214,6,6,1,-3.249869574868254e-08
1215,0,7,7,-3.2498695748682546e-08
1216,11,1,3,-3.508567430675008e-08
1217,3,1,11,-3.508567430675057e-08
1218,2,0,10,-3.508567430675141e-08
1219,10,0,2,-3.5085674306751714e-08
1220,1,3,9,-3.508567430676633e-08
1221,9,3,1,-3.508567430676643e-08
1222,8,2,0,-3.508567430676751e-08
1223,0,2,8,-3.5085674306767854e-08
1224,8,8,2,-4.014711317149047e-08
1225,2,8,8,-4.01471131714905e-08
1226,9,9,3,-4.014711317149079e-08
1227,3,9,9,-4.0147113171490815e-08
1228,11,11,1,-4.014711317149224e-08
1229,0,10,10,-4.0147113171492264e-08
1230,1,11,11,-4.014711317149227e-08
1231,10,10,0,-4.0147113171492284e-08
1232,2,3,8,-5.1400846717230464e-08
1233,8,3,2,-5.1400846717230596e-08
1234,3,2,9,-5.140084671723221e-08
1235,9,2,3,-5.140084671723234e-08
1236,11,0,1,-5.140084671723462e-08
1237,1,0,11,-5.1400846717234964e-08
1238,10,1,0,-5.140084671723547e-08
1239,0,1,10,-5.140084671723557e-08
1240,9,0,8,-7.109467415026322e-08
1241,9,1,8,-7.109467415026322e-08
1242,8,1,9,-7.109467415026412e-08
1243,8,0,9,-7.109467415026449e-08
1244,11,3,10,-7.109467415027169e-08
1245,10,3,11,-7.109467415027211e-08
1246,10,2,11,-7.10946741502772e-08
1247,11,2,10,-7.109467415027746e-08
1248,3,6,9,-8.081693446827408e-08
1249,2,7,8,-8.081693446827445e-08
1250,9,6,3,-8.081693446827446e-08
1251,8,7,2,-8.081693446827471e-08
1252,10,5,0,-8.081693446828268e-08
1253,0,5,10,-8.081693446828314e-08
1254,1,4,11,-8.081693446828434e-08
1255,11,4,1,-8.081693446828435e-08
1256,7,0,6,-9.87100192340598e-08
1257,6,0,7,-9.871001923405981e-08
1258,6,1,7,-9.87100192340599e-08
1259,7,1,6,-9.871001923405992e-08
1260,4,2,5,-9.871001923406177e-08
1261,5,2,4,-9.871001923406178e-08
1262,4,3,5,-9.871001923406206e-08
1263,5,3,4,-9.871001923406207e-08
1264,8,5,2,-1.4514635226828567e-07
1265,2,5,8,-1.4514635226828567e-07
1266,3,4,9,-1.4514635226828567e-07
1267,9,4,3,-1.4514635226828588e-07
1268,11,6,1,-1.4514635226829843e-07
1269,1,6,11,-1.4514635226829864e-07
1270,10,7,0,-1.4514635226829883e-07
1271,0,7,10,-1.4514635226829896e-07
1272,7,9,3,-1.4663019123704338e-07
1273,3,9,7,-1.4663019123704353e-07
1274,4,10,0,-1.466301912370583e-07
1275,0,10,4,-1.466301912370587e-07
1276,5,11,1,-1.466301912370607e-07
1277,1,11,5,-1.4663019123706114e-07
1278,2,8,6,-1.466301912370641e-07
1279,6,8,2,-1.4663019123706431e-07
1280,8,7,6,-1.5237620477390805e-07
1281,6,7,8,-1.523762047739089e-07
1282,7,6,9,-1.52376204773909e-07
1283,9,6,7,-1.5237620477390996e-07
1284,5,4,11,-1.5237620477391176e-07
1285,4,5,10,-1.5237620477391525e-07
1286,11,4,5,-1.5237620477391546e-07
1287,10,5,4,-1.523762047739161e-07
1288,7,2,1,-1.6254466329577697e-07
1289,1,2,7,-1.62544663295777e-07
1290,2,1,4,-1.6254466329577803e-07
1291,4,1,2,-1.6254466329577813e-07
1292,5,0,3,-1.6254466329577888e-07
1293,3,0,5,-1.6254466329577888e-07
1294,6,3,0,-1.625446632957791e-07
1295,0,3,6,-1.6254466329577911e-07
1296,0,8,2,-1.6920089362558065e-07
1297,2,8,0,-1.692008936255807e-07
1298,1,9,3,-1.6920089362558462e-07
1299,3,9,1,-1.6920089362558488e-07
1300,2,10,0,-1.6920089362558906e-07
1301,0,10,2,-1.6920089362558912e-07
1302,3,11,1,-1.6920089362559097e-07
1303,1,11,3,-1.692008936255913e-07
1304,9,2,2,-1.7417618303538164e-07
1305,2,2,9,-1.7417618303538164e-07
1306,0,0,11,-1.7417618303538172e-07
1307,3,3,8,-1.7417618303538172e-07
1308,8,3,3,-1.7417618303538174e-07
1309,11,0,0,-1.7417618303538182e-07
1310,10,1,1,-1.7417618303538185e-07
1311,1,1,10,-1.7417618303538188e-07
1312,7,4,6,-1.7669257488095847e-07
1313,6,4,7,-1.7669257488095852e-07
1314,6,5,7,-1.7669257488095974e-07
1315,7,5,6,-1.766925748809598e-07
1316,4,6,5,-1.7669257488096053e-07
1317,5,6,4,-1.7669257488096056e-07
1318,4,7,5,-1.7669257488096106e-07
1319,5,7,4,-1.766925748809611e-07
1320,5,2,11,-1.8330461171870823e-07
1321,11,2,5,-1.833046117187085e-07
1322,10,3,4,-1.8330461171870905e-07
1323,4,3,10,-1.8330461171870926e-07
1324,7,0,9,-1.8330461171871053e-07
1325,9,0,7,-1.8330461171871053e-07
1326,8,1,6,-1.8330461171871053e-07
1327,6,1,8,-1.8330461171871056e-07
1328,7,9,10,-2.1884649819827748e-07
1329,10,9,7,-2.188464981982775e-07
1330,4,10,9,-2.188464981982776e-07
1331,8,11,5,-2.1884649819827763e-07
1332,9,10,4,-2.1884649819827766e-07
1333,5,11,8,-2.188464981982777e-07
1334,6,8,11,-2.1884649819827774e-07
1335,11,8,6,-2.1884649819827782e-07
1336,1,11,2,-2.2062286023951532e-07
1337,2,11,1,-2.206228602395157e-07
1338,0,10,3,-2.206228602395166e-07
1339,3,10,0,-2.2062286023951693e-07
1340,0,9,3,-2.20622860239522e-07
1341,3,9,0,-2.2062286023952204e-07
1342,1,8,2,-2.2062286023952305e-07
1343,2,8,1,-2.2062286023952315e-07
1344,4,0,6,-2.7735885847029543e-07
1345,6,0,4,-2.7735885847029575e-07
1346,7,1,5,-2.773588584702972e-07
1347,5,1,7,-2.773588584702974e-07
1348,4,2,6,-2.773588584702995e-07
1349,5,3,7,-2.773588584702996e-07
1350,6,2,4,-2.773588584702998e-07
1351,7,3,5,-2.7735885847029993e-07
1352,11,1,10,-2.863220553561499e-07
1353,10,1,11,-2.8632205535615007e-07
1354,10,0,11,-2.863220553561512e-07
1355,11,0,10,-2.863220553561512e-07
1356,9,3,8,-2.863220553561533e-07
1357,8,3,9,-2.8632205535615367e-07
1358,8,2,9,-2.8632205535615626e-07
1359,9,2,8,-2.863220553561564e-07
1360,5,4,3,-2.86951653458527e-07
1361,3,4,5,-2.8695165345852744e-07
1362,7,6,1,-2.869516534585325e-07
1363,1,6,7,-2.8695165345853327e-07
1364,6,7,0,-2.869516534585346e-07
1365,0,7,6,-2.869516534585349e-07
1366,2,5,4,-2.869516534585377e-07
1367,4,5,2,-2.8695165345853866e-07
1368,9,11,1,-2.917095360936528e-07
1369,1,11,9,-2.917095360936528e-07
1370,8,10,0,-2.917095360936541e-07
1371,0,10,8,-2.917095360936542e-07
1372,2,8,10,-2.917095360936736e-07
1373,10,8,2,-2.9170953609367376e-07
1374,11,9,3,-2.9170953609368107e-07
1375,3,9,11,-2.9170953609368123e-07
1376,1,10,10,-3.07372889357717e-07
1377,10,10,1,-3.073728893577171e-07
1378,0,11,11,-3.0737288935771713e-07
1379,11,11,0,-3.0737288935771713e-07
1380,8,8,3,-3.073728893577172e-07
1381,2,9,9,-3.073728893577172e-07
1382,3,8,8,-3.073728893577172e-07
1383,9,9,2,-3.073728893577172e-07
1384,5,1,3,-3.3990050452548695e-07
1385,3,1,5,-3.399005045254872e-07
1386,2,0,4,-3.399005045254876e-07
1387,4,0,2,-3.3990050452548764e-07
1388,7,3,1,-3.3990050452549373e-07
1389,1,3,7,-3.3990050452549415e-07
1390,6,2,0,-3.399005045254946e-07
1391,0,2,6,-3.3990050452549463e-07
1392,4,6,11,-3.5115686209921607e-07
1393,11,6,4,-3.511568620992162e-07
1394,9,4,6,-3.5115686209921676e-07
1395,5,7,10,-3.5115686209921676e-07
1396,6,4,9,-3.511568620992168e-07
1397,10,7,5,-3.511568620992168e-07
1398,8,5,7,-3.511568620992205e-07
1399,7,5,8,-3.5115686209922057e-07
1400,8,9,5,-4.092476767973031e-07
1401,5,9,8,-4.092476767973032e-07
1402,6,10,11,-4.0924767679730447e-07
1403,10,11,7,-4.0924767679730515e-07
1404,7,11,10,-4.092476767973052e-07
1405,11,10,6,-4.0924767679730547e-07
1406,9,8,4,-4.0924767679731267e-07
1407,4,8,9,-4.092476767973127e-07
1408,9,1,4,-4.806396854565124e-07
1409,4,1,9,-4.806396854565124e-07
1410,8,0,5,-4.806396854565128e-07
1411,5,0,8,-4.80639685456513e-07
1412,10,2,7,-4.806396854565135e-07
1413,7,2,10,-4.806396854565137e-07
1414,6,3,11,-4.806396854565137e-07
1415,11,3,6,-4.806396854565138e-07
1416,4,1,5,-5.420080199306283e-07
1417,5,1,4,-5.420080199306288e-07
1418,4,0,5,-5.42008019930636e-07
1419,5,0,4,-5.42008019930637e-07
1420,6,2,7,-5.420080199306559e-07
1421,6,3,7,-5.42008019930658e-07
1422,7,2,6,-5.42008019930658e-07
1423,7,3,6,-5.420080199306593e-07
1424,3,2,10,-5.666136002779909e-07
1425,10,2,3,-5.66613600277991e-07
1426,1,0,8,-5.666136002779965e-07
1427,8,0,1,-5.666136002779966e-07
1428,0,1,9,-5.666136002779982e-07
1429,9,1,0,-5.666136002779983e-07
1430,11,3,2,-5.666136002780037e-07
1431,2,3,11,-5.666136002780038e-07
1432,11,7,10,-5.729360954974584e-07
1433,10,7,11,-5.729360954974585e-07
1434,11,6,10,-5.729360954974594e-07
1435,10,6,11,-5.729360954974606e-07
1436,8,4,9,-5.72936095497494e-07
1437,9,4,8,-5.729360954974945e-07
1438,9,5,8,-5.729360954975131e-07
1439,8,5,9,-5.729360954975161e-07
1440,8,10,4,-6.087205548830189e-07
1441,4,10,8,-6.087205548830192e-07
1442,5,11,9,-6.087205548830194e-07
1443,9,11,5,-6.087205548830194e-07
1444,10,8,6,-6.087205548830195e-07
1445,6,8,10,-6.087205548830198e-07
1446,7,9,11,-6.087205548830199e-07
1447,11,9,7,-6.0872055488302e-07
1448,4,9,6,-6.804850152187007e-07
1449,6,9,4,-6.804850152187007e-07
1450,5,8,7,-6.80485015218702e-07
1451,7,8,5,-6.80485015218702e-07
1452,4,11,6,-6.804850152187057e-07
1453,6,11,4,-6.804850152187057e-07
1454,5,10,7,-6.804850152187061e-07
1455,7,10,5,-6.804850152187063e-07
1456,5,11,0,-6.854843222924164e-07
1457,0,11,5,-6.854843222924166e-07
1458,1,10,4,-6.854843222924173e-07
1459,4,10,1,-6.854843222924174e-07
1460,6,8,3,-6.854843222924181e-07
1461,3,8,6,-6.854843222924181e-07
1462,2,9,7,-6.854843222924186e-07
1463,7,9,2,-6.854843222924186e-07
1464,8,3,0,-9.345447327735314e-07
1465,0,3,8,-9.345447327735323e-07
1466,3,0,11,-9.345447327735396e-07
1467,11,0,3,-9.345447327735399e-07
1468,9,2,1,-9.34544732773543e-07
1469,1,2,9,-9.345447327735431e-07
1470,10,1,2,-9.34544732773553e-07
1471,2,1,10,-9.345447327735532e-07
1472,2,8,7,-1.1606843399394142e-06
1473,7,8,2,-1.1606843399394144e-06
1474,6,9,3,-1.1606843399394201e-06
1475,3,9,6,-1.1606843399394207e-06
1476,5,10,0,-1.1606843399395336e-06
1477,0,10,5,-1.1606843399395349e-06
1478,1,11,4,-1.1606843399395391e-06
1479,4,11,1,-1.1606843399395391e-06
1480,8,5,0,-1.1854122583271744e-06
1481,0,5,8,-1.1854122583271744e-06
1482,9,4,1,-1.185412258327188e-06
1483,1,4,9,-1.1854122583271884e-06
1484,2,7,10,-1.185412258327211e-06
1485,10,7,2,-1.1854122583272113e-06
1486,11,6,3,-1.1854122583272117e-06
1487,3,6,11,-1.1854122583272117e-06
1488,11,1,6,-1.2050705059670626e-06
1489,6,1,11,-1.2050705059670626e-06
1490,10,0,7,-1.2050705059670655e-06
1491,7,0,10,-1.205070505967066e-06
1492,5,2,8,-1.2050705059670897e-06
1493,8,2,5,-1.2050705059670899e-06
1494,4,3,9,-1.2050705059671024e-06
1495,9,3,4,-1.205070505967103e-06
1496,3,2,7,-1.2579482858817998e-06
1497,7,2,3,-1.2579482858818e-06
1498,4,1,0,-1.257948285881804e-06
1499,0,1,4,-1.2579482858818047e-06
1500,5,0,1,-1.2579482858818055e-06
1501,1,0,5,-1.257948285881806e-06
1502,2,3,6,-1.2579482858818195e-06
1503,6,3,2,-1.2579482858818195e-06
1504,11,1,2,-1.308230042036533e-06
1505,2,1,11,-1.308230042036533e-06
1506,3,0,10,-1.3082300420365384e-06
1507,10,0,3,-1.3082300420365384e-06
1508,8,2,1,-1.3082300420365477e-06
1509,1,2,8,-1.3082300420365482e-06
1510,0,3,9,-1.3082300420365596e-06
1511,9,3,0,-1.3082300420365598e-06
1512,10,0,9,-1.5841192604870636e-06
1513,8,1,11,-1.5841192604870638e-06
1514,11,1,8,-1.584119260487064e-06
1515,9,0,10,-1.5841192604870645e-06
1516,10,3,9,-1.5841192604870647e-06
1517,9,3,10,-1.584119260487066e-06
1518,11,2,8,-1.5841192604870687e-06
1519,8,2,11,-1.5841192604870691e-06
1520,4,1,11,-1.7586248388720269e-06
1521,11,1,4,-1.7586248388720269e-06
1522,10,0,5,-1.758624838872028e-06
1523,5,0,10,-1.7586248388720281e-06
1524,7,2,8,-1.7586248388720377e-06
1525,8,2,7,-1.7586248388720377e-06
1526,9,3,6,-1.758624838872046e-06
1527,6,3,9,-1.7586248388720463e-06
1528,1,1,5,-1.9001293932177864e-06
1529,5,1,1,-1.900129393217787e-06
1530,3,3,7,-1.9001293932177887e-06
1531,2,2,6,-1.9001293932177891e-06
1532,7,3,3,-1.9001293932177894e-06
1533,6,2,2,-1.9001293932177898e-06
1534,0,0,4,-1.9001293932178016e-06
1535,4,0,0,-1.9001293932178025e-06
1536,2,7,4,-2.156113933892788e-06
1537,4,7,2,-2.156113933892788e-06
1538,5,6,3,-2.1561139338927884e-06
1539,3,6,5,-2.156113933892789e-06
1540,7,4,1,-2.1561139338928032e-06
1541,1,4,7,-2.1561139338928032e-06
1542,6,5,0,-2.156113933892805e-06
1543,0,5,6,-2.156113933892805e-06
1544,3,2,8,-2.156200420150483e-06
1545,0,1,11,-2.1562004201504835e-06
1546,8,2,3,-2.1562004201504835e-06
1547,11,1,0,-2.156200420150484e-06
1548,10,0,1,-2.1562004201504856e-06
1549,1,0,10,-2.1562004201504856e-06
1550,9,3,2,-2.156200420150486e-06
1551,2,3,9,-2.1562004201504865e-06
1552,10,0,0,-2.1590089658097095e-06
1553,0,0,10,-2.15900896580971e-06
1554,11,1,1,-2.1590089658097104e-06
1555,1,1,11,-2.1590089658097108e-06
1556,2,2,8,-2.1590089658097184e-06
1557,8,2,2,-2.159008965809719e-06
1558,9,3,3,-2.1590089658097222e-06
1559,3,3,9,-2.1590089658097222e-06
1560,5,9,3,-3.5701485376352604e-06
1561,3,9,5,-3.570148537635263e-06
1562,2,8,4,-3.5701485376352765e-06
1563,4,8,2,-3.570148537635286e-06
1564,6,10,0,-3.570148537635374e-06
1565,0,10,6,-3.5701485376353756e-06
1566,7,11,1,-3.5701485376353824e-06
1567,1,11,7,-3.570148537635384e-06
1568,10,6,9,-3.9060313936703506e-06
1569,9,6,10,-3.906031393670378e-06
1570,8,7,11,-3.906031393670432e-06
1571,11,7,8,-3.906031393670486e-06
1572,8,4,11,-3.9060313936705945e-06
1573,11,4,8,-3.906031393670608e-06
1574,9,5,10,-3.906031393670757e-06
1575,10,5,9,-3.906031393670784e-06
1576,2,7,6,-4.458242163843165e-06
1577,7,6,3,-4.458242163843166e-06
1578,6,7,2,-4.458242163843166e-06
1579,3,6,7,-4.458242163843169e-06
1580,5,4,1,-4.458242163843173e-06
1581,1,4,5,-4.4582421638431735e-06
1582,4,5,0,-4.458242163843251e-06
1583,0,5,4,-4.458242163843251e-06
1584,0,4,5,-4.890299092264328e-06
1585,5,4,0,-4.890299092264335e-06
1586,7,6,2,-4.890299092264375e-06
1587,2,6,7,-4.890299092264382e-06
1588,3,7,6,-4.890299092264402e-06
1589,6,7,3,-4.890299092264405e-06
1590,1,5,4,-4.89029909226448e-06
1591,4,5,1,-4.890299092264491e-06
1592,7,3,10,-5.677106841852473e-06
1593,6,2,11,-5.67710684185248e-06
1594,11,2,6,-5.677106841852484e-06
1595,10,3,7,-5.677106841852486e-06
1596,5,1,8,-5.6771068418525175e-06
1597,8,1,5,-5.677106841852518e-06
1598,9,0,4,-5.677106841852533e-06
1599,4,0,9,-5.677106841852534e-06
1600,3,8,11,-6.649977227979774e-06
1601,11,8,3,-6.649977227979775e-06
1602,2,9,10,-6.649977227979775e-06
1603,10,9,2,-6.649977227979775e-06
1604,1,10,9,-6.649977227979776e-06
1605,9,10,1,-6.649977227979777e-06
1606,8,11,0,-6.64997722797978e-06
1607,0,11,8,-6.649977227979782e-06
1608,6,4,10,-6.9188196192566136e-06
1609,10,4,6,-6.918819619256614e-06
1610,7,5,11,-6.9188196192566305e-06
1611,11,5,7,-6.918819619256631e-06
1612,5,7,9,-6.918819619256634e-06
1613,9,7,5,-6.918819619256635e-06
1614,8,6,4,-6.9188196192566364e-06
1615,4,6,8,-6.918819619256637e-06
1616,5,2,1,-8.348671084893217e-06
1617,1,2,5,-8.348671084893219e-06
1618,4,3,0,-8.348671084893228e-06
1619,0,3,4,-8.34867108489323e-06
1620,7,0,3,-8.34867108489323e-06
1621,3,0,7,-8.348671084893231e-06
1622,2,1,6,-8.348671084893236e-06
1623,6,1,2,-8.348671084893236e-06
1624,7,3,0,-1.0125379006458415e-05
1625,0,3,7,-1.0125379006458418e-05
1626,6,2,1,-1.0125379006458474e-05
1627,3,0,4,-1.0125379006458476e-05
1628,1,2,6,-1.0125379006458478e-05
1629,4,0,3,-1.0125379006458483e-05
1630,2,1,5,-1.0125379006458544e-05
1631,5,1,2,-1.0125379006458549e-05
1632,9,6,5,-1.1520390145950158e-05
1633,5,6,9,-1.1520390145950172e-05
1634,4,7,8,-1.1520390145950307e-05
1635,8,7,4,-1.1520390145950321e-05
1636,6,5,10,-1.1520390145950741e-05
1637,10,5,6,-1.1520390145950755e-05
1638,7,4,11,-1.1520390145950958e-05
1639,11,4,7,-1.1520390145951026e-05
1640,8,4,5,-1.286086666327958e-05
1641,5,4,8,-1.2860866663279586e-05
1642,11,7,6,-1.2860866663279691e-05
1643,6,7,11,-1.2860866663279693e-05
1644,10,6,7,-1.2860866663279701e-05
1645,7,6,10,-1.2860866663279715e-05
1646,9,5,4,-1.2860866663279782e-05
1647,4,5,9,-1.2860866663279784e-05
1648,9,6,1,-1.561659365313064e-05
1649,0,7,8,-1.5616593653130642e-05
1650,8,7,0,-1.5616593653130656e-05
1651,1,6,9,-1.561659365313066e-05
1652,3,4,11,-1.5616593653130663e-05
1653,11,4,3,-1.5616593653130676e-05
1654,2,5,10,-1.5616593653130924e-05
1655,10,5,2,-1.5616593653130924e-05
1656,9,11,7,-1.713422660965337e-05
1657,7,11,9,-1.7134226609653374e-05
1658,11,9,5,-1.7134226609653394e-05
1659,5,9,11,-1.7134226609653394e-05
1660,4,8,10,-1.713422660965341e-05
1661,10,8,4,-1.7134226609653414e-05
1662,6,10,8,-1.713422660965343e-05
1663,8,10,6,-1.7134226609653435e-05
1664,1,8,7,-1.854226194508137e-05
1665,0,9,6,-1.8542261945081372e-05
1666,6,9,0,-1.8542261945081372e-05
1667,7,8,1,-1.8542261945081372e-05
1668,4,11,2,-1.8542261945081433e-05
1669,3,10,5,-1.8542261945081436e-05
1670,5,10,3,-1.8542261945081436e-05
1671,2,11,4,-1.8542261945081436e-05
1672,5,6,1,-3.6607715116381696e-05
1673,1,6,5,-3.66077151163817e-05
1674,0,7,4,-3.6607715116381784e-05
1675,4,7,0,-3.660771511638179e-05
1676,2,5,6,-3.660771511638186e-05
1677,6,5,2,-3.660771511638186e-05
1678,7,4,3,-3.6607715116381933e-05
1679,3,4,7,-3.6607715116381933e-05
1680,0,4,11,-5.003465892887243e-05
1681,11,4,0,-5.00346589288725e-05
1682,3,7,8,-5.003465892887288e-05
1683,1,5,10,-5.0034658928872934e-05
1684,2,6,9,-5.003465892887296e-05
1685,8,7,3,-5.0034658928872975e-05
1686,10,5,1,-5.003465892887299e-05
1687,9,6,2,-5.0034658928873e-05
1688,7,0,4,-6.270953646700598e-05
1689,4,0,7,-6.270953646700599e-05
1690,6,1,5,-6.27095364670063e-05
1691,5,1,6,-6.270953646700631e-05
1692,5,2,6,-6.270953646700665e-05
1693,6,2,5,-6.270953646700665e-05
1694,4,3,7,-6.270953646700671e-05
1695,7,3,4,-6.270953646700671e-05
1696,7,1,11,-7.499911876618443e-05
1697,6,0,10,-7.499911876618445e-05
1698,10,0,6,-7.499911876618446e-05
1699,11,1,7,-7.499911876618446e-05
1700,4,2,8,-7.499911876618462e-05
1701,8,2,4,-7.499911876618462e-05
1702,9,3,5,-7.49991187661847e-05
1703,5,3,9,-7.49991187661847e-05
1704,1,10,5,-0.00015396477967400638
1705,3,8,7,-0.00015396477967400643
1706,5,10,1,-0.00015396477967400643
1707,7,8,3,-0.00015396477967400643
1708,6,9,2,-0.00015396477967400646
1709,2,9,6,-0.00015396477967400646
1710,4,11,0,-0.00015396477967400651
1711,0,11,4,-0.00015396477967400651
1712,2,10,6,-0.0001712453038169705
1713,6,10,2,-0.0001712453038169705
1714,1,9,5,-0.00017124530381697051
1715,5,9,1,-0.00017124530381697054
1716,7,11,3,-0.00017124530381697054
1717,3,11,7,-0.00017124530381697054
1718,4,8,0,-0.0001712453038169711
1719,0,8,4,-0.0001712453038169712
1720,5,1,9,-0.00018692771405527377
1721,9,1,5,-0.00018692771405527387
1722,8,0,4,-0.00018692771405527393
1723,4,0,8,-0.00018692771405527393
1724,10,2,6,-0.0001869277140552743
1725,6,2,10,-0.00018692771405527436
1726,11,3,7,-0.00018692771405527463
1727,7,3,11,-0.00018692771405527466
