mode_index_1based,eigenvalue,eigenvalue_fraction,restricted_metric_weight
1.000000000000000000e+00,5.938049320403313014e-02,1.737907004404682376e-01,3.531954526129930946e-24
2.000000000000000000e+00,5.936657473753831349e-02,1.737499648400938901e-01,5.872797260030024891e-01
3.000000000000000000e+00,5.927608726977318804e-02,1.734851324085081303e-01,2.375206408982608587e-27
4.000000000000000000e+00,5.927520013003945154e-02,1.734825359895935115e-01,4.093483092913213202e-27
5.000000000000000000e+00,1.705457659962476141e-02,4.991414946285922805e-02,1.672227232213713190e-03
6.000000000000000000e+00,1.705004103260184325e-02,4.990087508052799131e-02,4.397295846361853269e-27
7.000000000000000000e+00,1.703443808818892388e-02,4.985520946725769537e-02,2.646094667980897126e-29
8.000000000000000000e+00,1.703022349199843910e-02,4.984287448005067511e-02,2.149819347323379794e-28
9.000000000000000000e+00,5.128363412780790817e-03,1.500933760448977181e-02,1.452613574867239157e-29
1.000000000000000000e+01,5.125698994404271312e-03,1.500153956996805142e-02,1.700313234714461800e-31
1.100000000000000000e+01,5.073767196492918151e-03,1.484954919321021874e-02,3.029778035434347411e-26
1.200000000000000000e+01,5.069261173426097521e-03,1.483636127807632342e-02,1.625206944613137583e-02
1.300000000000000000e+01,1.735166035701566278e-03,5.078363355604530865e-03,1.879266202361419026e-29
1.400000000000000000e+01,1.734382177862174449e-03,5.076069214959966387e-03,7.100771870452758409e-31
1.500000000000000000e+01,1.640719505659373866e-03,4.801943815709407495e-03,1.305509121965193351e-21
1.600000000000000000e+01,1.640696525512009857e-03,4.801876559011270494e-03,1.021999050283830049e-02
1.700000000000000000e+01,5.511441421077865237e-04,1.613050369444683817e-03,2.125652423409406807e-27
1.800000000000000000e+01,5.505160473682866196e-04,1.611212105415020350e-03,6.271283551850858305e-03
1.900000000000000000e+01,5.237794477578160005e-04,1.532961283924968391e-03,1.859501680211286280e-29
2.000000000000000000e+01,5.231423420762857952e-04,1.531096647296449750e-03,8.822063201672728514e-31
2.100000000000000000e+01,4.773808374917989602e-04,1.397165056199333290e-03,1.928465671288599167e-33
2.200000000000000000e+01,4.771215626530063815e-04,1.396406228621301570e-03,2.593609356135835085e-34
2.300000000000000000e+01,4.769277904174174811e-04,1.395839109509757663e-03,3.602184306088551922e-33
2.400000000000000000e+01,4.768033124647698602e-04,1.395474796089427949e-03,4.012565531076951066e-33
2.500000000000000000e+01,2.773004957771471103e-04,8.115838180732099210e-04,2.255863056076788724e-06
2.600000000000000000e+01,2.749310302382811859e-04,8.046490310168926676e-04,9.735875311487643396e-31
2.700000000000000000e+01,2.224188177542368275e-04,6.509599372277404027e-04,5.709689225730221376e-30
2.800000000000000000e+01,2.222665843575094731e-04,6.505143911027398609e-04,2.520643605012454096e-30
2.900000000000000000e+01,2.219343633635348920e-04,6.495420697876324017e-04,7.049096334838048919e-05
3.000000000000000000e+01,2.219053792827023019e-04,6.494572411943061582e-04,7.888926686882275410e-28
3.100000000000000000e+01,2.062587664437125494e-04,6.036638222096325692e-04,3.680944440858955879e-31
3.200000000000000000e+01,2.028111131718787763e-04,5.935734702327788393e-04,2.747494693289974487e-31
3.300000000000000000e+01,1.531726881953976991e-04,4.482951779864902684e-04,1.302962648733943475e-03
3.400000000000000000e+01,1.520074363872541692e-04,4.448847999818657901e-04,3.389707082211872325e-28
3.500000000000000000e+01,1.349450627552585124e-04,3.949478307065735550e-04,5.832274140108433876e-32
3.600000000000000000e+01,1.333660498423496453e-04,3.903264854577884191e-04,1.380864553136910257e-30
3.700000000000000000e+01,1.003193881477233533e-04,2.936078128224083213e-04,3.091261646633736972e-26
3.800000000000000000e+01,1.002961911745114189e-04,2.935399215334500225e-04,1.378773165013104819e-25
3.900000000000000000e+01,1.001983512241437410e-04,2.932535703667961033e-04,8.627348432265274603e-26
4.000000000000000000e+01,1.001820511941719594e-04,2.932058645719610567e-04,1.316208148902454694e-25
4.100000000000000000e+01,9.965671850935785541e-05,2.916683573817729653e-04,5.172707472085126329e-04
4.200000000000000000e+01,9.923079705580941236e-05,2.904218000739636945e-04,1.083425115111703971e-27
4.300000000000000000e+01,9.828295012876703686e-05,2.876477075652499136e-04,4.458271052990101887e-28
4.400000000000000000e+01,9.744485791291746207e-05,2.851948375170720320e-04,1.572655305302260272e-27
4.500000000000000000e+01,7.196259998350672466e-05,2.106151360797626809e-04,3.256656778397553781e-31
4.600000000000000000e+01,7.103298968386312134e-05,2.078944172646356571e-04,1.265740529862333343e-31
4.700000000000000000e+01,7.004978347561333150e-05,2.050168376692283647e-04,1.257438608480327597e-29
4.800000000000000000e+01,7.001970614120092717e-05,2.049288094173081084e-04,3.204680196217025990e-31
4.900000000000000000e+01,6.997542439658465438e-05,2.047992086848395390e-04,7.707401974683851411e-32
5.000000000000000000e+01,6.991528396790970361e-05,2.046231938580798937e-04,9.562371769235101634e-32
5.100000000000000000e+01,6.984352309907436668e-05,2.044131691347038512e-04,4.807389085030694990e-31
5.200000000000000000e+01,6.924881211345628850e-05,2.026726103556604497e-04,4.808129157352438766e-04
5.300000000000000000e+01,6.354535657203448803e-05,1.859801330791759663e-04,2.042049202834439537e-30
5.400000000000000000e+01,6.349058562462921108e-05,1.858198332770061702e-04,4.124134325483393602e-28
5.500000000000000000e+01,6.346521600687479779e-05,1.857455832430043125e-04,3.050719926632139097e-04
5.600000000000000000e+01,6.334919146988991670e-05,1.854060106921061562e-04,1.635747873857005912e-29
5.700000000000000000e+01,4.335450680644443907e-05,1.268869572917470298e-04,6.821683320905331164e-26
5.800000000000000000e+01,4.329637786532833523e-05,1.267168295469720191e-04,8.989614212262015845e-05
5.900000000000000000e+01,4.324574377772553611e-05,1.265686372185516589e-04,4.889649412838288045e-26
6.000000000000000000e+01,4.320457563717698511e-05,1.264481491660664680e-04,7.558066059645365903e-28
6.100000000000000000e+01,4.309795854225243221e-05,1.261361096627534872e-04,8.528051154432510041e-27
6.200000000000000000e+01,4.308062671997579606e-05,1.260853840899123105e-04,3.474622021550496043e-27
6.300000000000000000e+01,4.276169183787606329e-05,1.251519476436275180e-04,1.204883040362020694e-27
6.400000000000000000e+01,4.272925680282292041e-05,1.250570190373371149e-04,1.689625066007379519e-27
6.500000000000000000e+01,4.009241350667401939e-05,1.173396893443202422e-04,4.825240032838971948e-29
6.600000000000000000e+01,3.993322534634612158e-05,1.168737885005843147e-04,3.104271839544886384e-28
6.700000000000000000e+01,3.993205849586069895e-05,1.168703734436821439e-04,4.286227125445522464e-29
6.800000000000000000e+01,3.967268555536494063e-05,1.161112587484037253e-04,2.548532329975716835e-04
6.900000000000000000e+01,2.798737812628137965e-05,8.191151311839088491e-05,1.777823218796286336e-28
7.000000000000000000e+01,2.710595717876407756e-05,7.933183154980585016e-05,9.067337598758488843e-28
7.100000000000000000e+01,2.612468812432342815e-05,7.645992148153087184e-05,4.196339637186877365e-04
7.200000000000000000e+01,2.398491019453329197e-05,7.019736815568506120e-05,1.143261699827268206e-28
7.300000000000000000e+01,1.639459428724198529e-05,4.798255910113531869e-05,1.495150565371254256e-04
7.400000000000000000e+01,1.635544244610666364e-05,4.786797221363571568e-05,2.253845129602526035e-29
7.500000000000000000e+01,1.633675274896718725e-05,4.781327250702113052e-05,7.532931765720222574e-30
7.600000000000000000e+01,1.631161590653148832e-05,4.773970374364371391e-05,2.024007539327320123e-31
7.700000000000000000e+01,1.605140709868162804e-05,4.697814268988784913e-05,2.102370718260699852e-30
7.800000000000000000e+01,1.603959319714261104e-05,4.694356658395444371e-05,2.482924189808544552e-31
7.900000000000000000e+01,1.603515011372100884e-05,4.693056287619973765e-05,2.013602728071028073e-32
8.000000000000000000e+01,1.601018334085617303e-05,4.685749186062213256e-05,7.528113577361596379e-33
8.100000000000000000e+01,9.124570226361796623e-06,2.670515796170505921e-05,1.592161155494626857e-29
8.200000000000000000e+01,9.079892456717629859e-06,2.657439817070941294e-05,6.149817271194460317e-27
8.300000000000000000e+01,8.725943918905800127e-06,2.553848619040913177e-05,4.542363020963610629e-27
8.400000000000000000e+01,8.720986122704221785e-06,2.552397605706360940e-05,3.113458021807284404e-05
8.500000000000000000e+01,8.706675265112717596e-06,2.548209203369947954e-05,1.638957071798362218e-27
8.600000000000000000e+01,8.698934356012413645e-06,2.545943647895416409e-05,3.031500131258271972e-29
8.700000000000000000e+01,8.695219437728291930e-06,2.544856391431482513e-05,1.298730319774109265e-27
8.800000000000000000e+01,8.689005707281480695e-06,2.543037799991042404e-05,2.932710756710867439e-29
8.900000000000000000e+01,7.183606985488333510e-06,2.102448164934176580e-05,1.358456265236286882e-24
9.000000000000000000e+01,7.149000997966415242e-06,2.092319925025149031e-05,2.055947159247033477e-29
9.100000000000000000e+01,7.075840051996906742e-06,2.070907687842746348e-05,1.988090646076134144e-25
9.200000000000000000e+01,7.042717068228697209e-06,2.061213483165166418e-05,6.275218786928501416e-05
9.300000000000000000e+01,7.029246385258885023e-06,2.057270977297640099e-05,9.509992277819464552e-27
9.400000000000000000e+01,6.982163256217483703e-06,2.043491014327446478e-05,5.934129965845968791e-26
9.500000000000000000e+01,6.973184566309307338e-06,2.040863193768903489e-05,2.678018755917639900e-26
9.600000000000000000e+01,6.908564459849499665e-06,2.021950630133569949e-05,7.709049428620276727e-27
9.700000000000000000e+01,6.649953690295937435e-06,1.946262227499842053e-05,3.737888705055990647e-27
9.800000000000000000e+01,6.641558052143345877e-06,1.943805050476791530e-05,5.275202454675756235e-26
9.900000000000000000e+01,6.592214321106876001e-06,1.929363470226340280e-05,6.131541236698074995e-05
1.000000000000000000e+02,6.514777888882976912e-06,1.906699913442530729e-05,4.364107305894569581e-27
1.010000000000000000e+02,6.382951324009079931e-06,1.868117830657574507e-05,5.624201466029228991e-28
1.020000000000000000e+02,6.234314055152723876e-06,1.824615707868958503e-05,1.613187153270520524e-28
1.030000000000000000e+02,6.166564347230932432e-06,1.804787194229119521e-05,4.176671863769443340e-29
1.040000000000000000e+02,6.138737231561277321e-06,1.796642947419228032e-05,1.837691184836800359e-05
1.050000000000000000e+02,5.752486406042341915e-06,1.683597740330773439e-05,1.950044068558259488e-30
1.060000000000000000e+02,5.746879370091239323e-06,1.681956712018683347e-05,2.239545767566886026e-30
1.070000000000000000e+02,5.133247047945832060e-06,1.502363068846790521e-05,2.534182621845952110e-07
1.080000000000000000e+02,5.019797582985658896e-06,1.469159467939875595e-05,2.916113701925123560e-28
1.090000000000000000e+02,2.180192360083013174e-06,6.380835471539156366e-06,2.062915964812194344e-30
1.100000000000000000e+02,2.107248108293912325e-06,6.167347305181644717e-06,5.526528141043994661e-30
1.110000000000000000e+02,2.014001370283649525e-06,5.894439233217504684e-06,1.165637251735890440e-28
1.120000000000000000e+02,1.917868955092213964e-06,5.613085561840137380e-06,7.839738809898073613e-06
1.130000000000000000e+02,1.364693463323653342e-06,3.994089979391371338e-06,2.334338985589310960e-30
1.140000000000000000e+02,1.361354454481283440e-06,3.984317600379656699e-06,1.376142569467071701e-29
1.150000000000000000e+02,1.351430794358181004e-06,3.955273721646598613e-06,6.372983495570882962e-29
1.160000000000000000e+02,1.341774531762265545e-06,3.927012443411421033e-06,7.349516988082234090e-06
1.170000000000000000e+02,1.085630373164428356e-06,3.177347522584710514e-06,7.377399437760310360e-28
1.180000000000000000e+02,1.060435606292595919e-06,3.103609229993488482e-06,1.248485685868482277e-27
1.190000000000000000e+02,1.034958551467998338e-06,3.029044756641719643e-06,1.331306273997022782e-26
1.200000000000000000e+02,1.033297767565803789e-06,3.024184089744749036e-06,3.920911005361310395e-06
1.210000000000000000e+02,9.817017346208315277e-07,2.873176406554148901e-06,1.198057144635188130e-27
1.220000000000000000e+02,9.742296236712805109e-07,2.851307551554420429e-06,1.139145940183097629e-06
1.230000000000000000e+02,9.297331063873034778e-07,2.721078237369159638e-06,2.068695856957347498e-28
1.240000000000000000e+02,9.176552025245500727e-07,2.685729467783359602e-06,6.061997763715146354e-29
1.250000000000000000e+02,7.451343906071780906e-07,2.180807546022663634e-06,2.885457659491138113e-27
1.260000000000000000e+02,7.416003637455363409e-07,2.170464401826305784e-06,3.528323765927251045e-28
1.270000000000000000e+02,7.232206316542129902e-07,2.116671879371435118e-06,8.067904669385351967e-26
1.280000000000000000e+02,7.162843087470406705e-07,2.096371131575745603e-06,1.290713349611807683e-06
1.290000000000000000e+02,5.807973617485224549e-07,1.699837351728093513e-06,1.168972864098228057e-28
1.300000000000000000e+02,5.807918533355438432e-07,1.699821230087834086e-06,1.837172531223422247e-28
1.310000000000000000e+02,5.793600199714031495e-07,1.695630639713095636e-06,3.345321740857440085e-29
1.320000000000000000e+02,5.785756087183363358e-07,1.693334879375850488e-06,1.799057151552751159e-28
1.330000000000000000e+02,5.411572621716330988e-07,1.583821463356698085e-06,4.368468650565994841e-28
1.340000000000000000e+02,5.408474516175951679e-07,1.582914731359624660e-06,3.710506191304801416e-06
1.350000000000000000e+02,5.404272901815269351e-07,1.581685032070643132e-06,1.774991948959566476e-28
1.360000000000000000e+02,5.398478249428598504e-07,1.579989093484164503e-06,7.289782413906985161e-29
1.370000000000000000e+02,4.346107070787486224e-07,1.271988411120384402e-06,2.993808434601487345e-29
1.380000000000000000e+02,4.340837033659975027e-07,1.270446013281770262e-06,9.151717546442120116e-08
1.390000000000000000e+02,4.317050680070986608e-07,1.263484388633502470e-06,1.093007167767863092e-29
1.400000000000000000e+02,4.311256548252675167e-07,1.261788602403353155e-06,1.890552788979561424e-30
1.410000000000000000e+02,2.952628032671101608e-07,8.641546512167063411e-07,2.103373925295722247e-29
1.420000000000000000e+02,2.950620727686791126e-07,8.635671671450898517e-07,7.494878024237457167e-30
1.430000000000000000e+02,2.903467362812297825e-07,8.497666480394207367e-07,1.749086755422653930e-27
1.440000000000000000e+02,2.902307702813868989e-07,8.494272468109613269e-07,1.596366366326314619e-06
