pair_separation_A,cumulative_mode_weight_percent
0.000000000000000000e+00,0.000000000000000000e+00
0.000000000000000000e+00,3.935208540443996128e+01
1.541847860400000103e+00,7.917915163542066637e+01
2.517827012700000200e+00,8.710810994135282215e+01
2.952413875199999982e+00,8.905452228705695461e+01
3.560745109099999972e+00,8.915401733801256512e+01
3.880232023600000080e+00,9.473825835264094053e+01
4.361004310700000275e+00,9.569908687740412745e+01
4.625543581299999651e+00,9.591609226462985305e+01
5.035654025400000400e+00,9.712976901259928297e+01
5.266413038199999619e+00,9.746703429911036665e+01
5.630032356000000071e+00,9.753464225405205923e+01
5.837341788399999842e+00,9.797899386021599355e+01
6.167391441700000421e+00,9.802340149584139795e+01
6.357201587199999615e+00,9.881962860482472877e+01
6.661544119900000283e+00,9.903569288338091781e+01
6.837650538500000152e+00,9.909515584990916182e+01
7.121490218199999944e+00,9.909969273119249067e+01
7.286488712199999718e+00,9.910259223618191982e+01
7.553481038100000156e+00,9.932304728408527694e+01
7.709239302200000310e+00,9.941729555307566102e+01
7.962068114500000071e+00,9.942531717612291686e+01
8.109982952199999318e+00,9.959119380122635334e+01
8.350687488200000175e+00,9.961126733592858784e+01
8.491835864500000497e+00,9.962103581528735674e+01
8.722008621400000550e+00,9.963158108682910097e+01
8.857241625700000398e+00,9.973230505569993909e+01
9.078154397100000494e+00,9.976561209465299385e+01
9.208158452299999297e+00,9.977501048688910146e+01
9.546184313499999519e+00,9.977661027195719612e+01
9.751502088900000587e+00,9.978195352582295641e+01
9.872643405599999866e+00,9.981570544204004136e+01
1.007130805090000081e+01,9.985230466683474049e+01
1.018864763740000079e+01,9.988099137591797216e+01
1.038126672049999932e+01,9.988641986368961057e+01
1.049514142569999997e+01,9.990720159473276851e+01
1.068223532730000080e+01,9.991058955350241888e+01
1.079293502310000008e+01,9.991193195064589361e+01
1.097495350570000028e+01,9.991608484818387126e+01
1.108272977560000072e+01,9.991925783419183915e+01
1.126006471200000014e+01,9.991982137945063869e+01
1.136513757700000049e+01,9.993396553426325113e+01
1.153813287260000031e+01,9.993863340278237217e+01
1.164069607070000067e+01,9.994102001415031111e+01
1.180965550089999994e+01,9.994164589923552455e+01
1.190988068270000078e+01,9.995028260743184489e+01
1.207507415779999960e+01,9.995118859773077702e+01
1.217311425810000003e+01,9.995746013338636260e+01
1.233478288350000085e+01,9.995780661783108201e+01
1.243077485949999961e+01,9.996410857449836840e+01
1.258913506360000056e+01,9.997256874777473001e+01
1.268320213800000040e+01,9.997437346737741848e+01
1.283844906969999933e+01,9.997464053445705190e+01
1.293070258490000057e+01,9.997734202253099056e+01
1.308301293210000082e+01,9.997842637625832651e+01
1.317355389429999946e+01,9.997904150092141151e+01
1.332308823980000057e+01,9.997958971031447106e+01
1.341200861439999947e+01,9.998037171315581872e+01
1.355891341929999960e+01,9.998046577648757705e+01
1.364629722439999959e+01,9.998084189942868250e+01
1.387663074389999984e+01,9.998368081343561187e+01
1.401866751320000049e+01,9.998474630142733588e+01
1.410320295780000066e+01,9.998832222126678460e+01
1.424298043639999989e+01,9.998834102940286073e+01
1.432619232509999918e+01,9.998869931092551155e+01
1.446381500769999917e+01,9.998915348813562787e+01
1.454576362389999922e+01,9.999056728420411844e+01
1.468132819070000039e+01,9.999075300385035803e+01
1.476206937619999948e+01,9.999177602113203989e+01
1.489566548730000051e+01,9.999203328343138253e+01
1.497525108750000022e+01,9.999205702944273355e+01
1.510696207630000032e+01,9.999313153498142981e+01
1.518544032940000044e+01,9.999348651811254740e+01
1.531534381069999995e+01,9.999372631113757848e+01
1.539275968970000008e+01,9.999440058019908406e+01
1.552092809420000030e+01,9.999450960524379184e+01
1.559732360789999994e+01,9.999460037021613346e+01
1.572382465469999957e+01,9.999469535248707075e+01
1.579923911450000062e+01,9.999485964431718799e+01
1.592413622900000014e+01,9.999487891302243270e+01
1.599860648499999982e+01,9.999542561292444987e+01
1.612195917080000029e+01,9.999546983467438110e+01
1.619551982269999968e+01,9.999585931736825728e+01
1.631738399290000174e+01,9.999590302872626069e+01
1.639006757750000176e+01,9.999683103707124587e+01
1.651049585069999992e+01,9.999705087677986626e+01
1.658233301019999928e+01,9.999714499318973537e+01
1.670137497640000035e+01,9.999718901945912819e+01
1.677239460919999914e+01,9.999744735798218187e+01
1.689009706799999933e+01,9.999754906926415288e+01
1.696032646480000139e+01,9.999772725455251532e+01
1.714619860659999873e+01,9.999792772552092401e+01
1.726135234270000041e+01,9.999799242510877662e+01
1.733007730870000174e+01,9.999800216912457529e+01
1.744401724280000110e+01,9.999801318673516448e+01
1.751202536519999953e+01,9.999805310009610082e+01
1.762478908900000008e+01,9.999826071837681241e+01
1.769210234130000003e+01,9.999837575249915744e+01
1.780372554550000075e+01,9.999839582915639369e+01
1.787036480100000091e+01,9.999844404332912973e+01
1.798088140679999825e+01,9.999847817014612872e+01
1.804686651440000134e+01,9.999864479814630158e+01
1.815630879420000099e+01,9.999866800942102429e+01
1.822165864720000172e+01,9.999879860078310401e+01
1.833005733479999932e+01,9.999881397426510432e+01
1.839478993410000029e+01,9.999897912952761203e+01
1.850217432519999861e+01,9.999898640789002968e+01
1.856630683759999911e+01,9.999900772471964672e+01
1.867270488249999971e+01,9.999904498089057370e+01
1.873625369310000011e+01,9.999915546516203335e+01
1.890467284349999844e+01,9.999924610109792411e+01
1.900917708260000083e+01,9.999928515326045897e+01
1.907160476159999973e+01,9.999934515116069633e+01
1.917519924859999847e+01,9.999935833784252281e+01
1.923708816450000114e+01,9.999936888266499579e+01
1.933979625259999935e+01,9.999937804983292722e+01
1.940116011779999994e+01,9.999940472435577021e+01
1.950300417769999939e+01,9.999940789788547590e+01
1.956385613269999979e+01,9.999943631866887017e+01
1.966485760999999854e+01,9.999945476527256005e+01
1.972521025609999867e+01,9.999947406754120038e+01
1.988525515339999927e+01,9.999947972918278083e+01
1.998463235979999908e+01,9.999948879901042176e+01
2.004402218570000116e+01,9.999950984481662886e+01
2.014261610169999983e+01,9.999954163528990136e+01
2.020154148190000143e+01,9.999962112262312530e+01
2.029937034210000135e+01,9.999962565504419842e+01
2.035784200530000021e+01,9.999963430368501349e+01
2.045492334749999941e+01,9.999964072593274977e+01
2.051295161539999867e+01,9.999968619488666377e+01
2.060930231760000098e+01,9.999969808861357023e+01
2.066689712670000034e+01,9.999973881597547631e+01
2.076253344090000041e+01,9.999974291031460893e+01
2.081970436170000127e+01,9.999974729917963145e+01
2.091464194650000152e+01,9.999975329651694267e+01
2.097139820270000143e+01,9.999975491391884930e+01
2.106565215270000024e+01,9.999975662759580075e+01
2.112200263800000144e+01,9.999979250477638004e+01
2.121558751210000082e+01,9.999979500155006917e+01
2.127154080709999917e+01,9.999979711038817243e+01
2.136447065449999982e+01,9.999979915657138463e+01
2.142003504139999848e+01,9.999981642139623261e+01
2.151232342670000008e+01,9.999982632390086223e+01
2.156750690370000001e+01,9.999982804690226601e+01
2.165916692949999955e+01,9.999982830327792271e+01
2.171397722449999890e+01,9.999982892230532627e+01
2.180502155350000137e+01,9.999983185009141096e+01
2.185946613650000003e+01,9.999983799703457521e+01
2.194990701149999879e+01,9.999983913006101943e+01
2.200399310659999941e+01,9.999984618251950508e+01
2.209384237020000086e+01,9.999984935526036622e+01
2.214757696690000088e+01,9.999986206357606022e+01
2.229023594239999895e+01,9.999987187134857436e+01
2.237893599819999935e+01,9.999987374947455976e+01
2.243198767910000058e+01,9.999989147113200261e+01
2.252012942409999852e+01,9.999989163114580037e+01
2.257284926859999885e+01,9.999989218307203487e+01
2.266044311439999959e+01,9.999989968325321854e+01
2.271283727249999984e+01,9.999991036417242185e+01
2.279989331129999997e+01,9.999991238251286063e+01
2.285196774530000141e+01,9.999991966071924310e+01
2.293849576310000060e+01,9.999992237301928810e+01
2.299025625559999852e+01,9.999992913162452624e+01
2.307626574509999884e+01,9.999993038919842547e+01
2.312771790660000093e+01,9.999993224189528007e+01
2.321321807949999894e+01,9.999993406788162531e+01
2.326436735509999920e+01,9.999993643509402830e+01
2.334936715359999937e+01,9.999993671075263535e+01
2.340021883009999826e+01,9.999993918404427973e+01
2.348472693769999964e+01,9.999994033945607441e+01
2.353528615000000102e+01,9.999994344883430131e+01
2.361931100190000166e+01,9.999994353861212915e+01
2.366958273879999908e+01,9.999994409218258795e+01
2.375313253170000038e+01,9.999994469411875286e+01
2.380312164180000067e+01,9.999994628343374359e+01
2.388620434339999932e+01,9.999994697760592999e+01
2.393591554050000170e+01,9.999994848444673323e+01
2.401853889810000098e+01,9.999995030964680609e+01
2.406797676640000105e+01,9.999995199784940780e+01
2.415014831559999919e+01,9.999995219270351754e+01
2.419931731459999824e+01,9.999995459989750657e+01
2.428104438720000147e+01,9.999995541804851484e+01
2.432994885649999972e+01,9.999995823289144425e+01
2.445988275170000037e+01,9.999996186795824826e+01
2.454074208870000007e+01,9.999996257997419491e+01
2.458913005970000043e+01,9.999996286083013786e+01
2.466956576700000170e+01,9.999996290696897461e+01
2.471770155080000109e+01,9.999996498101410225e+01
2.479772021770000023e+01,9.999996590164988675e+01
2.484560771689999825e+01,9.999996699700321301e+01
2.492521576360000068e+01,9.999996710057357063e+01
2.497285878090000111e+01,9.999996850531907455e+01
2.505206246459999875e+01,9.999996882833525547e+01
2.509946470650000094e+01,9.999996917408077479e+01
2.517827012709999934e+01,9.999997044486373454e+01
2.522543520769999859e+01,9.999997130677627410e+01
2.530384831330000139e+01,9.999997159744916075e+01
2.535077975700000152e+01,9.999997255294273657e+01
2.542880634890000024e+01,9.999997277728201084e+01
2.547550759359999972e+01,9.999997356891410050e+01
2.555315333169999903e+01,9.999997424598451801e+01
2.559962773199999830e+01,9.999997434744852853e+01
2.567689813939999866e+01,9.999997445104284566e+01
2.572314896909999860e+01,9.999997475416746795e+01
2.580004943650000016e+01,9.999997488633512432e+01
2.584607989130000050e+01,9.999997496392289520e+01
2.592261568190000176e+01,9.999997510953775759e+01
2.596842888229999957e+01,9.999997555607795618e+01
2.604460513540000122e+01,9.999997561736985574e+01
2.609020412879999995e+01,9.999997585757725460e+01
2.616602586409999986e+01,9.999997596662136345e+01
2.621141362739999892e+01,9.999997634387356982e+01
2.628688574919999965e+01,9.999997649843970748e+01
2.633206519080000163e+01,9.999997715538822263e+01
2.645216645340000028e+01,9.999997737769417938e+01
2.652695361549999831e+01,9.999997781519299167e+01
2.657172487709999942e+01,9.999997820087159539e+01
2.664617647969999936e+01,9.999997823681796660e+01
2.669074775669999866e+01,9.999997864983797058e+01
2.676486827640000143e+01,9.999997879636228504e+01
2.680924222499999843e+01,9.999997886045352402e+01
2.688303603980000034e+01,9.999997888270763724e+01
2.692721525789999859e+01,9.999997896960800858e+01
2.700068665019999870e+01,9.999997915998895337e+01
2.704467367910000064e+01,9.999997949405216957e+01
2.711782683859999921e+01,9.999997950699827243e+01
2.716162416490000098e+01,9.999997957035759555e+01
2.723446319130000148e+01,9.999997971195311663e+01
2.727807324830000013e+01,9.999997988056068721e+01
2.735060215389999883e+01,9.999997991253670193e+01
2.739402732359999959e+01,9.999997999360358847e+01
2.746625003620000172e+01,9.999998002248226214e+01
2.750949265019999856e+01,9.999998003391161205e+01
2.762447535680000144e+01,9.999998012746667087e+01
2.769609713990000088e+01,9.999998035728290802e+01
2.773898144500000029e+01,9.999998054212137788e+01
2.781030833430000015e+01,9.999998058848915150e+01
2.785301679299999833e+01,9.999998065624714627e+01
2.792405240129999910e+01,9.999998072630341994e+01
2.796658715930000128e+01,9.999998075178554302e+01
2.803733502629999919e+01,9.999998081566377550e+01
2.807969818580000165e+01,9.999998087876821273e+01
2.815016178009999948e+01,9.999998093241212871e+01
2.819235540120000039e+01,9.999998094532519133e+01
2.830456422439999997e+01,9.999998105075216870e+01
2.837446940430000097e+01,9.999998109385150258e+01
2.841632996710000114e+01,9.999998120665833312e+01
2.848596087270000154e+01,9.999998120722530359e+01
2.852765783699999957e+01,9.999998130731424340e+01
2.859701767159999974e+01,9.999998132031741704e+01
2.863855294060000034e+01,9.999998137533580689e+01
2.870764484549999906e+01,9.999998139812194609e+01
2.874902028589999858e+01,9.999998147258301628e+01
2.881784734220000033e+01,9.999998148527741648e+01
2.885906478500000105e+01,9.999998153333456230e+01
2.892763001539999834e+01,9.999998154936594119e+01
2.896869125679999968e+01,9.999998164150959212e+01
2.903699762669999984e+01,9.999998172402241892e+01
2.907790442929999841e+01,9.999998174328011658e+01
2.914595484859999885e+01,9.999998174411723539e+01
2.918670894199999921e+01,9.999998176885243595e+01
2.925450626659999998e+01,9.999998180386462820e+01
2.929510934829999869e+01,9.999998184436705628e+01
2.936265638140000078e+01,9.999998184809119550e+01
2.940311011769999894e+01,9.999998191724414198e+01
2.947040961089999911e+01,9.999998194231018545e+01
2.951071563789999885e+01,9.999998195235086484e+01
2.957777029289999859e+01,9.999998195752300489e+01
2.961793021680000138e+01,9.999998199206986271e+01
2.968474268659999993e+01,9.999998201718247515e+01
2.972475808469999947e+01,9.999998203277858977e+01
2.979133097449999923e+01,9.999998203757623116e+01
2.983120339610000116e+01,9.999998205078460956e+01
2.989753926499999892e+01,9.999998205552151376e+01
2.993727023170000123e+01,9.999998205929995265e+01
3.004296260010000097e+01,9.999998208870283634e+01
3.010883192409999864e+01,9.999998209442941288e+01
3.014828443969999938e+01,9.999998211442382967e+01
3.021392415260000064e+01,9.999998213398343694e+01
3.025323962030000047e+01,9.999998214032730459e+01
3.031865210659999832e+01,9.999998215794371959e+01
3.035783194480000091e+01,9.999998218820252305e+01
3.042301954819999921e+01,9.999998219504666963e+01
3.046206515080000088e+01,9.999998221994060543e+01
3.052703017480000014e+01,9.999998223614720416e+01
3.056594291229999882e+01,9.999998227347623470e+01
3.063068762139999990e+01,9.999998227952767138e+01
3.066946884100000048e+01,9.999998228654915522e+01
3.073399546150000106e+01,9.999998228829311131e+01
3.077264648759999943e+01,9.999998231532302384e+01
3.083695720869999946e+01,9.999998232061442138e+01
3.087547934390000037e+01,9.999998234199213698e+01
3.093957631840000033e+01,9.999998234675668130e+01
3.097797084360000142e+01,9.999998237079424257e+01
3.104185618849999884e+01,9.999998237406848034e+01
3.108012436350000129e+01,9.999998238144398499e+01
3.114380016140000151e+01,9.999998239296785130e+01
3.118194322549999953e+01,9.999998240408561401e+01
3.124541152480000150e+01,9.999998240621887646e+01
3.128343069709999824e+01,9.999998242490110556e+01
3.134669351340000176e+01,9.999998242759028244e+01
3.138458999330000054e+01,9.999998243690477295e+01
3.144764930939999914e+01,9.999998243915850082e+01
3.148542427719999992e+01,9.999998245458692736e+01
3.154828204440000050e+01,9.999998247279741292e+01
3.158593666140000167e+01,9.999998248767063558e+01
3.168613020940000169e+01,9.999998249016358898e+01
3.174859060949999900e+01,9.999998249675896034e+01
3.178600793609999897e+01,9.999998251333863664e+01
3.184827245789999850e+01,9.999998251390115911e+01
3.188557280930000104e+01,9.999998252329650938e+01
3.194764328429999978e+01,9.999998254029449640e+01
3.198482775069999917e+01,9.999998255123671242e+01
3.204670598180000241e+01,9.999998255389874657e+01
3.208377563679999867e+01,9.999998256050082546e+01
3.214546339919999696e+01,9.999998257349857056e+01
3.218241929959999936e+01,9.999998257825033932e+01
3.224391834160000059e+01,9.999998257855071415e+01
3.228076152820000289e+01,9.999998257955813585e+01
3.234207357119999671e+01,9.999998257992737649e+01
3.237880506919999846e+01,9.999998258735114121e+01
3.243993180860000081e+01,9.999998258904452086e+01
3.247655262760000028e+01,9.999998260661526217e+01
3.253749573359999658e+01,9.999998260962880181e+01
3.257400686799999789e+01,9.999998262086310774e+01
3.263476798570000170e+01,9.999998262135477489e+01
3.267117041529999710e+01,9.999998263286012445e+01
3.273175116529999684e+01,9.999998263926541142e+01
3.276804585520000046e+01,9.999998265041318746e+01
3.282844783430000035e+01,9.999998265057961078e+01
3.286463573569999852e+01,9.999998266719249784e+01
3.292486051720000262e+01,9.999998267756251380e+01
3.296094256699999647e+01,9.999998268081560582e+01
3.302099170139999984e+01,9.999998269224028036e+01
3.305696882310000007e+01,9.999998271325605970e+01
3.311684383829999945e+01,9.999998271517783621e+01
3.315271694199999786e+01,9.999998271571985242e+01
3.324818932670000038e+01,9.999998272467534832e+01
3.330772059960000320e+01,9.999998273173622465e+01
3.334338834559999754e+01,9.999998275637237555e+01
3.340274995280000070e+01,9.999998275678748882e+01
3.343831633370000134e+01,9.999998275832714967e+01
3.349750971750000161e+01,9.999998276607406922e+01
3.353297559269999795e+01,9.999998279023448333e+01
3.359200217520000109e+01,9.999998280040395571e+01
3.362736839189999927e+01,9.999998281942862377e+01
3.368622957539999874e+01,9.999998281969061509e+01
3.372149696900000038e+01,9.999998282142004769e+01
3.378019413610000043e+01,9.999998282415710094e+01
3.381536353050000088e+01,9.999998282472742517e+01
3.387389804459999709e+01,9.999998283215974482e+01
3.390897025219999961e+01,9.999998284819749017e+01
3.396734345809999667e+01,9.999998284831079332e+01
3.400231928009999649e+01,9.999998285132608089e+01
3.406053250419999756e+01,9.999998285278030608e+01
3.409541273100000325e+01,9.999998285286662281e+01
3.418825269239999898e+01,9.999998288112146838e+01
3.424614985950000090e+01,9.999998288146646530e+01
3.428084122399999956e+01,9.999998288514483136e+01
3.433858228100000076e+01,9.999998288738252938e+01
3.437318035749999723e+01,9.999998292338636929e+01
3.443076656040000216e+01,9.999998295285075756e+01
3.446527209759999977e+01,9.999998295953341199e+01
3.452270468550000260e+01,9.999998296391737540e+01
3.455711842190000027e+01,9.999998296672950460e+01
3.461439861769999737e+01,9.999998297717404228e+01
3.464872128220000036e+01,9.999998298977644140e+01
3.474008260429999950e+01,9.999998300281967545e+01
3.479706162019999738e+01,9.999998300586007360e+01
3.483120428899999865e+01,9.999998301238900922e+01
3.488803448550000041e+01,9.999998301248164978e+01
3.492208821199999846e+01,9.999998304384405401e+01
3.497877074929999708e+01,9.999998304924571357e+01
3.501273622490000292e+01,9.999998310420301095e+01
3.506927224790000253e+01,9.999998310438489568e+01
3.510315015519999804e+01,9.999998310907720622e+01
3.515954079419999800e+01,9.999998312277826074e+01
3.519333180710000164e+01,9.999998312729100292e+01
3.524957817800000015e+01,9.999998312903466058e+01
3.528328296170000300e+01,9.999998316639444340e+01
3.533938616599999705e+01,9.999998317752546484e+01
3.537300537720000193e+01,9.999998320097762416e+01
3.542896650280000159e+01,9.999998320120009510e+01
3.546250078999999999e+01,9.999998320178565336e+01
3.551832091079999998e+01,9.999998320420925779e+01
3.555177091440000225e+01,9.999998322165660625e+01
3.560745109089999971e+01,9.999998322166234743e+01
3.564081744309999777e+01,9.999998322205506440e+01
3.569635872269999766e+01,9.999998322825048547e+01
3.572964204800000232e+01,9.999998324784743886e+01
3.578504546490000138e+01,9.999998325010461997e+01
3.581824638009999973e+01,9.999998330211516873e+01
3.587351295580000254e+01,9.999998330314490147e+01
3.590663207000000057e+01,9.999998334745703232e+01
3.596176281350000181e+01,9.999998335805055660e+01
3.599480072840000133e+01,9.999998344685376139e+01
3.604979663630000175e+01,9.999998346477499922e+01
3.608275394620000043e+01,9.999998346572024843e+01
3.617049329510000177e+01,9.999998346720678910e+01
3.622522247349999702e+01,9.999998347581008318e+01
3.625802032760000060e+01,9.999998350766848887e+01
3.631261758840000198e+01,9.999998351577691835e+01
3.634533657770000303e+01,9.999998353964232933e+01
3.639980287009999671e+01,9.999998354392604938e+01
3.643244356080000301e+01,9.999998354828559854e+01
3.648677982299999911e+01,9.999998354900770892e+01
3.651934277440000187e+01,9.999998355215568324e+01
3.657354993319999892e+01,9.999998355224178681e+01
3.660603569820000303e+01,9.999998369122764075e+01
3.666011466949999686e+01,9.999998369141512455e+01
3.669252379449999779e+01,9.999998371247127693e+01
3.674647548339999759e+01,9.999998371928219854e+01
3.677880850809999913e+01,9.999998381633592714e+01
3.683263380910000251e+01,9.999998382683025966e+01
3.686489126720000087e+01,9.999998384877208935e+01
3.691859106439999749e+01,9.999998386466816669e+01
3.695077348320000254e+01,9.999998386749631152e+01
3.700434865049999900e+01,9.999998386754592161e+01
3.703645655119999702e+01,9.999998387805355549e+01
3.708990795230000259e+01,9.999998387905424124e+01
3.712194185029999716e+01,9.999998393685581277e+01
3.717527033900000077e+01,9.999998394647691669e+01
3.720723074349999848e+01,9.999998396246796517e+01
3.726043716390000071e+01,9.999998396436745907e+01
3.729232457850000060e+01,9.999998400383982755e+01
3.734540976489999764e+01,9.999998400607708504e+01
3.737722468740000181e+01,9.999998409299416835e+01
3.743018946490000332e+01,9.999998409300357594e+01
3.746193238739999742e+01,9.999998422457419167e+01
3.754644898080000104e+01,9.999998425045988881e+01
3.759917537799999820e+01,9.999998428454513544e+01
3.763077575509999662e+01,9.999998430240806613e+01
3.771491398370000070e+01,9.999998446377568939e+01
3.776740519070000346e+01,9.999998448497279924e+01
3.779886492560000022e+01,9.999998448583320965e+01
3.785123971160000167e+01,9.999998448600715051e+01
3.788262982599999873e+01,9.999998456195929464e+01
3.793488896219999873e+01,9.999998456244485112e+01
3.796620991609999862e+01,9.999998457262783802e+01
3.801835416530000344e+01,9.999998457667892637e+01
3.804960641400000299e+01,9.999998457939068430e+01
3.810163653050000221e+01,9.999998459766088388e+01
3.813282052419999957e+01,9.999998462650742681e+01
3.818473725420000164e+01,9.999998462800327559e+01
3.821585343800000345e+01,9.999998467132741098e+01
3.829870633400000202e+01,9.999998483783132031e+01
3.835039849729999872e+01,9.999998484241633889e+01
3.838138037809999759e+01,9.999998508216759774e+01
3.843296134530000074e+01,9.999998508217971960e+01
3.846387672339999853e+01,9.999998508220645022e+01
3.854619651090000332e+01,9.999998508720034351e+01
3.859755722189999716e+01,9.999998511746535712e+01
3.862834086939999878e+01,9.999998527073839227e+01
3.867959250519999870e+01,9.999998527076519395e+01
3.871031091569999916e+01,9.999998529573036876e+01
3.876145416819999667e+01,9.999998531531488766e+01
3.879210775479999995e+01,9.999998532525810901e+01
3.887373247989999925e+01,9.999998533799059430e+01
3.892466101280000146e+01,9.999998533855023197e+01
3.895518617319999777e+01,9.999998533963974978e+01
3.900600835550000056e+01,9.999998533987826477e+01
3.903646990509999881e+01,9.999998577707067682e+01
3.908718640029999847e+01,9.999998578681163508e+01
3.911758473529999947e+01,9.999998584102910115e+01
3.916819619999999702e+01,9.999998584123643752e+01
3.919853171209999942e+01,9.999998608296981217e+01
3.924903879619999714e+01,9.999998611019569239e+01
3.927931187349999931e+01,9.999998614536373509e+01
3.932971522009999887e+01,9.999998617905215781e+01
3.935992624629999881e+01,9.999998618328646671e+01
3.941022649210000139e+01,9.999998618407009587e+01
3.944037584739999858e+01,9.999998618838998254e+01
3.949057362239999946e+01,9.999998618975853049e+01
3.952066168279999658e+01,9.999998636863131196e+01
3.957075761080000120e+01,9.999998639263372979e+01
3.960078474870000065e+01,9.999998655692994021e+01
3.968074603109999998e+01,9.999998655759452504e+01
3.973064011089999781e+01,9.999998655808360581e+01
3.976054650590000250e+01,9.999998655818257021e+01
3.981034057240000124e+01,9.999998656034459543e+01
3.984018713950000290e+01,9.999998663441412816e+01
3.988988179169999881e+01,9.999998664420724026e+01
3.991966888870000219e+01,9.999998664422831496e+01
3.996926471950000348e+01,9.999998665186744518e+01
3.999899270040000232e+01,9.999998668010299241e+01
4.004849029719999720e+01,9.999998668893653075e+01
4.007815951250000097e+01,9.999998712971490988e+01
4.015717025360000036e+01,9.999998713122218419e+01
4.020647312090000014e+01,9.999998713399575934e+01
4.023602584310000196e+01,9.999998743523111955e+01
4.031472719130000115e+01,9.999998744218309810e+01
4.036383760929999909e+01,9.999998746232593305e+01
4.039327519990000326e+01,9.999998746236123282e+01
4.044229023460000150e+01,9.999998749255834696e+01
4.047167076169999689e+01,9.999998749308389279e+01
4.052059096659999682e+01,9.999998749561083855e+01
4.054991476080000012e+01,9.999998763685972847e+01
4.062800807290000193e+01,9.999998765013631896e+01
4.067674025800000237e+01,9.999998766691929575e+01
4.070595156529999770e+01,9.999998805372442234e+01
4.075459054979999962e+01,9.999998805428265314e+01
4.078374609699999809e+01,9.999998861055055954e+01
4.083229241360000117e+01,9.999998861287676277e+01
4.086139251870000066e+01,9.999998861343152612e+01
4.090984669499999882e+01,9.999998861362504954e+01
4.093889167329999879e+01,9.999998862334665262e+01
4.098725423199999796e+01,9.999998868409112163e+01
4.101624439540000111e+01,9.999998901832329068e+01
4.106451585429999795e+01,9.999998902695182323e+01
4.109345151200000146e+01,9.999998906197063775e+01
4.114163238390000288e+01,9.999998909603917241e+01
4.117051384220000187e+01,9.999998909822053861e+01
4.121860463520000195e+01,9.999998909984361717e+01
4.124743219770000024e+01,9.999998910449274092e+01
4.129543341509999976e+01,9.999998910526512930e+01
4.132420738220000089e+01,9.999998912948086627e+01
4.140084019239999691e+01,9.999998935966473823e+01
4.144866375019999793e+01,9.999998937948159039e+01
4.147733141730000028e+01,9.999998938185687791e+01
4.152506688180000083e+01,9.999998938223825462e+01
4.155368183889999756e+01,9.999998948721916747e+01
4.160132969520000046e+01,9.999998949255525815e+01
4.162989223179999954e+01,9.999998950304672007e+01
4.170596336370000046e+01,9.999998951372479894e+01
4.175343744100000265e+01,9.999998951873335784e+01
4.182928389300000305e+01,9.999998952696269328e+01
4.185769088029999807e+01,9.999998980702103779e+01
4.190499306609999763e+01,9.999998981573777712e+01
4.193334876560000168e+01,9.999999028548724311e+01
4.198056570290000167e+01,9.999999028553615688e+01
4.200887039140000212e+01,9.999999028554681502e+01
4.205600253949999967e+01,9.999999029240940729e+01
4.215950779229999767e+01,9.999999055410367532e+01
4.220647172329999819e+01,9.999999058912115402e+01
4.223462501499999888e+01,9.999999059185297767e+01
4.228150551009999703e+01,9.999999059379710786e+01
4.230960887340000198e+01,9.999999061146507984e+01
4.235640637569999711e+01,9.999999064158956230e+01
4.238446007550000161e+01,9.999999064493168532e+01
4.243117502420000164e+01,9.999999064877872001e+01
4.245917932270000250e+01,9.999999145675802481e+01
4.250581215310000260e+01,9.999999146024849495e+01
4.253376731049999648e+01,9.999999154948736191e+01
4.260822472819999973e+01,9.999999209477692830e+01
4.265469461299999665e+01,9.999999210993114218e+01
4.268255225909999950e+01,9.999999211252382736e+01
4.272894130910000143e+01,9.999999213894798800e+01
4.275675058070000034e+01,9.999999214405775660e+01
4.280305921610000297e+01,9.999999220573945991e+01
4.283082036439999740e+01,9.999999221586239173e+01
4.290476227589999780e+01,9.999999247055910701e+01
4.295091132900000019e+01,9.999999247393633084e+01
4.297857697530000110e+01,9.999999250801931794e+01
4.302464685340000017e+01,9.999999254323888920e+01
4.305226511680000101e+01,9.999999256836287032e+01
4.309825622599999662e+01,9.999999257868161351e+01
4.312582734920000149e+01,9.999999260156236858e+01
4.317174009219999675e+01,9.999999260161938253e+01
4.319926431569999892e+01,9.999999260316234029e+01
4.324509909180000022e+01,9.999999260516186439e+01
4.327257665409999987e+01,9.999999267289035743e+01
4.334576499669999805e+01,9.999999283464860866e+01
4.339144502309999751e+01,9.999999285481267464e+01
4.341882997060000093e+01,9.999999287035436168e+01
4.346443320760000262e+01,9.999999287217947597e+01
4.349177219749999779e+01,9.999999287292195049e+01
4.356459229400000055e+01,9.999999294108609149e+01
4.361004310690000096e+01,9.999999294202153521e+01
4.363729087160000120e+01,9.999999294276011597e+01
4.368266604330000291e+01,9.999999295554691514e+01
4.370986853649999659e+01,9.999999340391977398e+01
4.378232589009999742e+01,9.999999340394907676e+01
4.382755090559999900e+01,9.999999341003899644e+01
4.385466352859999972e+01,9.999999375949137459e+01
4.389981402299999758e+01,9.999999376615070901e+01
4.392688204360000270e+01,9.999999379988526016e+01
4.399898202159999983e+01,9.999999379991734827e+01
4.404398457199999939e+01,9.999999381703129586e+01
4.407096404440000015e+01,9.999999381709223201e+01
4.411589316620000290e+01,9.999999385221009618e+01
4.414282868909999991e+01,9.999999398865426770e+01
4.421457652790000026e+01,9.999999439442864002e+01
4.428620812850000021e+01,9.999999517073619870e+01
4.433091910219999932e+01,9.999999519322926744e+01
4.435772405419999842e+01,9.999999519414679128e+01
4.440236301499999882e+01,9.999999519638500090e+01
4.442912486350000023e+01,9.999999520272250209e+01
4.450041111050000353e+01,9.999999561416224481e+01
4.454490708310000002e+01,9.999999568322418497e+01
4.457158334489999874e+01,9.999999571952999133e+01
4.464264211190000253e+01,9.999999572335693188e+01
4.468699646179999974e+01,9.999999579080352419e+01
4.471358795270000286e+01,9.999999579167815966e+01
4.478442140370000146e+01,9.999999579761612267e+01
4.485514299759999801e+01,9.999999591810494337e+01
4.492575326240000066e+01,9.999999593238884188e+01
4.496982837680000245e+01,9.999999595858076873e+01
4.499625272250000307e+01,9.999999597416343988e+01
4.506664189760000028e+01,9.999999597553683373e+01
4.511057935750000070e+01,9.999999597819714836e+01
4.513692130390000301e+01,9.999999598850128280e+01
4.518079041850000266e+01,9.999999599756588964e+01
4.520709145320000033e+01,9.999999607947873415e+01
4.525089254040000242e+01,9.999999608069798285e+01
4.527715285360000053e+01,9.999999608126475437e+01
4.532088622890000096e+01,9.999999608351693325e+01
4.534710600900000088e+01,9.999999616190535789e+01
4.539077198550000247e+01,9.999999617876061109e+01
4.541695141969999838e+01,9.999999617911565508e+01
4.548668958199999679e+01,9.999999618083664643e+01
4.553022169030000299e+01,9.999999618191530715e+01
4.555632098830000132e+01,9.999999632115439852e+01
4.559978662270000171e+01,9.999999632319955367e+01
4.562584612759999914e+01,9.999999660239564037e+01
4.566924559150000107e+01,9.999999660601062601e+01
4.576457954130000161e+01,9.999999660602500740e+01
4.580784756599999952e+01,9.999999661270318541e+01
4.583378877479999858e+01,9.999999675090722917e+01
4.587699152620000120e+01,9.999999675474454364e+01
4.590289365959999657e+01,9.999999675479675432e+01
4.594603143209999985e+01,9.999999677961220357e+01
4.597189466609999897e+01,9.999999678477522025e+01
4.604079226140000003e+01,9.999999732929337881e+01
4.608380095100000062e+01,9.999999734411413499e+01
4.610958690900000079e+01,9.999999734414160457e+01
4.617827906910000024e+01,9.999999779818558920e+01
4.622115982780000110e+01,9.999999780327442522e+01
4.631535775009999867e+01,9.999999780349781986e+01
4.635811171259999952e+01,9.999999783264330233e+01
4.638374517420000132e+01,9.999999783296958356e+01
4.642643615899999787e+01,9.999999786739904550e+01
4.645203191729999759e+01,9.999999803288804401e+01
4.652021842290000109e+01,9.999999803309866309e+01
4.656278428270000092e+01,9.999999803553841105e+01
4.658830513099999848e+01,9.999999803870166204e+01
4.663080883949999844e+01,9.999999806954181736e+01
4.665629247860000106e+01,9.999999808242586141e+01
4.669873430709999695e+01,9.999999808506430554e+01
4.672418089930000207e+01,9.999999808682727576e+01
4.676656111749999667e+01,9.999999809811218654e+01
4.679197082379999983e+01,9.999999809952664975e+01
4.685966267959999954e+01,9.999999814621001804e+01
4.692725689099999897e+01,9.999999815533790581e+01
4.696945387539999928e+01,9.999999817601927532e+01
4.699475387929999926e+01,9.999999817607262287e+01
4.706215406289999947e+01,9.999999818207390945e+01
4.712945785720000202e+01,9.999999820250327787e+01
4.719666567430000015e+01,9.999999822828294782e+01
4.723862200380000331e+01,9.999999822855461673e+01
4.726377792390000110e+01,9.999999823283700096e+01
4.730567473020000335e+01,9.999999824644535806e+01
4.733079501240000297e+01,9.999999824935471793e+01
4.737263254820000213e+01,9.999999824963087747e+01
4.739771734349999832e+01,9.999999827557502385e+01
4.743949585960000093e+01,9.999999830045345561e+01
4.746454531789999720e+01,9.999999843669419874e+01
4.753127933380000059e+01,9.999999843775621855e+01
4.757294055599999894e+01,9.999999843996573645e+01
4.759791978620000208e+01,9.999999852756288021e+01
4.763952273070000132e+01,9.999999852813947143e+01
4.770601197829999762e+01,9.999999853031124530e+01
4.773092156770000116e+01,9.999999853626403024e+01
4.779728367349999729e+01,9.999999853626707136e+01
4.783871324159999716e+01,9.999999854015977974e+01
4.786355376939999928e+01,9.999999871080494529e+01
4.790492602519999821e+01,9.999999871908006810e+01
4.792973223690000140e+01,9.999999896876126115e+01
4.797104741759999769e+01,9.999999897722416620e+01
4.799581945509999770e+01,9.999999897854911524e+01
4.803707779629999663e+01,9.999999898995356773e+01
4.806181580039999801e+01,9.999999899241539936e+01
4.810301753609999764e+01,9.999999900168707256e+01
4.812772164670000308e+01,9.999999912067694652e+01
4.819353736509999919e+01,9.999999912302158123e+01
4.823462658510000267e+01,9.999999913819142705e+01
4.825926332459999912e+01,9.999999915091166258e+01
4.836587751230000265e+01,9.999999917243489733e+01
4.839044742880000172e+01,9.999999917271013317e+01
4.843136959040000278e+01,9.999999918187705816e+01
4.845590629870000043e+01,9.999999922572736466e+01
4.858655946820000082e+01,9.999999922603771552e+01
4.862731659260000328e+01,9.999999924193126333e+01
4.865175447840000089e+01,9.999999924309641131e+01
4.871686224190000303e+01,9.999999924373753402e+01
4.875751044439999760e+01,9.999999924856474820e+01
4.878188310800000238e+01,9.999999925022466130e+01
4.884681742370000279e+01,9.999999925281315427e+01
4.888735757290000095e+01,9.999999926636461112e+01
4.891166553379999726e+01,9.999999927243813147e+01
4.897642778069999991e+01,9.999999927554495116e+01
4.901686073380000153e+01,9.999999929735835735e+01
4.904110450449999803e+01,9.999999929794857678e+01
4.910569604319999826e+01,9.999999930964155226e+01
4.917020273250000173e+01,9.999999931188932578e+01
4.923462490579999695e+01,9.999999932000484648e+01
4.933913153400000340e+01,9.999999932002995706e+01
4.936321702800000111e+01,9.999999934370568155e+01
4.940333342390000126e+01,9.999999934400790380e+01
4.942738763290000037e+01,9.999999938764517537e+01
4.946745198869999882e+01,9.999999939115357961e+01
4.949147503439999696e+01,9.999999940143111132e+01
4.953148755210000331e+01,9.999999941143430249e+01
4.955547955520000158e+01,9.999999941217218691e+01
4.959544043550000225e+01,9.999999941504216849e+01
4.961940151609999816e+01,9.999999943592679585e+01
4.974699903060000139e+01,9.999999952912706647e+01
4.978680618989999829e+01,9.999999953398666719e+01
4.987427010270000238e+01,9.999999959303943342e+01
4.991397576149999793e+01,9.999999959656226167e+01
4.993778400309999910e+01,9.999999960524668552e+01
5.000121722530000312e+01,9.999999960527910048e+01
5.010412492919999750e+01,9.999999960932697718e+01
5.012784285949999941e+01,9.999999963755111310e+01
5.016734782489999844e+01,9.999999966136388707e+01
5.019103587899999752e+01,9.999999966293982823e+01
5.025414943540000223e+01,9.999999966307353816e+01
5.035654025430000047e+01,9.999999966979679300e+01
5.038013935280000055e+01,9.999999967415695323e+01
5.044301630630000233e+01,9.999999967442974480e+01
5.050581498140000036e+01,9.999999968446704202e+01
5.054502453239999937e+01,9.999999969027030033e+01
5.063117866169999814e+01,9.999999969076036166e+01
5.067029120410000331e+01,9.999999969952433787e+01
5.075623270500000217e+01,9.999999969979825210e+01
5.088097939440000061e+01,9.999999970116131465e+01
5.091990006049999806e+01,9.999999970276397221e+01
5.094323818720000219e+01,9.999999970756627476e+01
5.100542098510000244e+01,9.999999971415438438e+01
5.104424676600000055e+01,9.999999971932700760e+01
5.106752806560000124e+01,9.999999972270801152e+01
5.110630666339999806e+01,9.999999973416672105e+01
5.112955970470000011e+01,9.999999973802550812e+01
5.119151617669999865e+01,9.999999973824725430e+01
5.125339775399999809e+01,9.999999973872536430e+01
5.131520470769999775e+01,9.999999975793082285e+01
5.141548254269999774e+01,9.999999975801148366e+01
5.143859581990000152e+01,9.999999976838604709e+01
5.147709488670000155e+01,9.999999976850888572e+01
5.153863357560000225e+01,9.999999976898020293e+01
5.162312949180000032e+01,9.999999979482822710e+01
5.166149104090000321e+01,9.999999980870791205e+01
5.168449430329999927e+01,9.999999983938296566e+01
5.172281033969999697e+01,9.999999984008297815e+01
5.174578634299999891e+01,9.999999984072732673e+01
5.178405702820000300e+01,9.999999984242549544e+01
5.186815313839999675e+01,9.999999985407301040e+01
5.190633360230000193e+01,9.999999985459501772e+01
5.192922840610000179e+01,9.999999985459922414e+01
5.196736399800000328e+01,9.999999985657919410e+01
5.199023192599999987e+01,9.999999985658608637e+01
5.202832280370000007e+01,9.999999985914980982e+01
5.205116395040000299e+01,9.999999986100640115e+01
5.215002664899999729e+01,9.999999986451589962e+01
5.217281451409999704e+01,9.999999986899452153e+01
5.223353355060000069e+01,9.999999986902412275e+01
5.227144713159999867e+01,9.999999987128168755e+01
5.229418208610000107e+01,9.999999987141390534e+01
5.233205172830000151e+01,9.999999988767682169e+01
5.235476036539999711e+01,9.999999988918297333e+01
5.239258622130000020e+01,9.999999989282099477e+01
5.241526863219999655e+01,9.999999989288205882e+01
5.247570712859999986e+01,9.999999989310201443e+01
5.253607609550000035e+01,9.999999989383303500e+01
5.259637577230000005e+01,9.999999989499092123e+01
5.265660639699999734e+01,9.999999989525714739e+01
5.269421557710000315e+01,9.999999989770903142e+01
5.275433449639999850e+01,9.999999990245230208e+01
5.289684308830000248e+01,9.999999990257424543e+01
5.295673197600000037e+01,9.999999990322871213e+01
5.301655321159999801e+01,9.999999990364820235e+01
5.307630702400000189e+01,9.999999990541556372e+01
5.313599364059999886e+01,9.999999990643453884e+01
5.319561328759999697e+01,9.999999990782731629e+01
5.323284165889999997e+01,9.999999991265788424e+01
5.325516618980000061e+01,9.999999991583288761e+01
5.331465257109999811e+01,9.999999992106998548e+01
5.337407265369999720e+01,9.999999992147101580e+01
5.343342665880000197e+01,9.999999992201125565e+01
5.347048945489999738e+01,9.999999992205457033e+01
5.349271480649999688e+01,9.999999992530032955e+01
5.352973655280000287e+01,9.999999992538407412e+01
5.355193731539999646e+01,9.999999993621536021e+01
5.358891814799999764e+01,9.999999993641043261e+01
5.367018628590000162e+01,9.999999994420394955e+01
5.370708569650000186e+01,9.999999994475285803e+01
5.376607207970000246e+01,9.999999994495570377e+01
5.378817529629999683e+01,9.999999994718898222e+01
5.382499382019999956e+01,9.999999994947236814e+01
5.390590605330000074e+01,9.999999995352511917e+01
5.394264422029999650e+01,9.999999995399730324e+01
5.396467511529999683e+01,9.999999995399774377e+01
5.400137330049999917e+01,9.999999995519569040e+01
5.402338024560000207e+01,9.999999995520224161e+01
5.406003857940000046e+01,9.999999995628063232e+01
5.414059954319999690e+01,9.999999995630103911e+01
5.417717856200000170e+01,9.999999995767959149e+01
5.419911412340000112e+01,9.999999995814532383e+01
5.425756559810000113e+01,9.999999995926256702e+01
5.437428004449999719e+01,9.999999995938033237e+01
5.441070196569999950e+01,9.999999996044873285e+01
5.446892638250000118e+01,9.999999996244895328e+01
5.449074449929999986e+01,9.999999996252219603e+01
5.466497594150000339e+01,9.999999996257507462e+01
5.472292981519999699e+01,9.999999996327190388e+01
5.487476752869999785e+01,9.999999996572348948e+01
5.501178339119999805e+01,9.999999996591164120e+01
5.506937229310000248e+01,9.999999996641516020e+01
5.512690103399999941e+01,9.999999996707438754e+01
5.524177878519999751e+01,9.999999996930571911e+01
5.529912816870000114e+01,9.999999996989174633e+01
5.535641813809999690e+01,9.999999997153676645e+01
5.539219427969999998e+01,9.999999997339608626e+01
5.547082057090000262e+01,9.999999997556440690e+01
5.550652297570000115e+01,9.999999997557176812e+01
5.552793340000000200e+01,9.999999997934931173e+01
5.556359910700000171e+01,9.999999997942582297e+01
5.558498754650000251e+01,9.999999998030206427e+01
5.567757584030000118e+01,9.999999998049254657e+01
5.569892051269999911e+01,9.999999998252908995e+01
5.573447680129999782e+01,9.999999998280286206e+01
5.590483219650000279e+01,9.999999998371795584e+01
5.592609013460000256e+01,9.999999998396449996e+01
5.598273850580000044e+01,9.999999998469112938e+01
5.601811464739999735e+01,9.999999998526247680e+01
5.603932961299999960e+01,9.999999998526382683e+01
5.609586362950000193e+01,9.999999998526629952e+01
5.615234072770000040e+01,9.999999998527650291e+01
5.618761008660000300e+01,9.999999998567261628e+01
5.624399505819999945e+01,9.999999998639741250e+01
5.626512485490000159e+01,9.999999998641133914e+01
5.632143222439999874e+01,9.999999998642373100e+01
5.637768335669999686e+01,9.999999998670031687e+01
5.649001758189999833e+01,9.999999998671714252e+01
5.654610100850000265e+01,9.999999998674707058e+01
5.658112492080000067e+01,9.999999998770388743e+01
5.682568788489999889e+01,9.999999998775908239e+01
5.688144035149999667e+01,9.999999998789209599e+01
5.702753124790000072e+01,9.999999998858096717e+01
5.704837083620000016e+01,9.999999998861164840e+01
5.710390589029999830e+01,9.999999998889678920e+01
5.721481428490000098e+01,9.999999998954206148e+01
5.727018793860000301e+01,9.999999999029010667e+01
5.743598858840000076e+01,9.999999999235167536e+01
5.754625696650000322e+01,9.999999999339155465e+01
5.758067252899999744e+01,9.999999999340872137e+01
5.763569468450000244e+01,9.999999999343516777e+01
5.769066436279999976e+01,9.999999999354687930e+01
5.771126449359999810e+01,9.999999999371476633e+01
5.776616226059999804e+01,9.999999999421375207e+01
5.780044688720000323e+01,9.999999999436401765e+01
5.785526003070000201e+01,9.999999999447616972e+01
5.791002129240000329e+01,9.999999999470972512e+01
5.801938875769999981e+01,9.999999999485787328e+01
5.807399525339999968e+01,9.999999999512574789e+01
5.809445945619999918e+01,9.999999999528338890e+01
5.814899545459999786e+01,9.999999999528532157e+01
5.820348035340000337e+01,9.999999999529043748e+01
5.831229742499999702e+01,9.999999999529869399e+01
5.834626114000000285e+01,9.999999999565926601e+01
5.836662988249999984e+01,9.999999999566473718e+01
5.842091180999999978e+01,9.999999999567891962e+01
5.852932463679999842e+01,9.999999999573226717e+01
5.863753702340000018e+01,9.999999999575581455e+01
5.872531276269999978e+01,9.999999999602748346e+01
5.896098256789999681e+01,9.999999999605232404e+01
5.912204177769999802e+01,9.999999999611468127e+01
5.917563076830000313e+01,9.999999999618668767e+01
5.922917127310000041e+01,9.999999999650250970e+01
5.933610734980000245e+01,9.999999999674396634e+01
5.938950318279999863e+01,9.999999999704134268e+01
5.944285105179999817e+01,9.999999999751155144e+01
5.954940341340000032e+01,9.999999999760844105e+01
5.960260816240000281e+01,9.999999999786271587e+01
5.963583702609999904e+01,9.999999999787502247e+01
5.968896473110000045e+01,9.999999999790072991e+01
5.974204519039999894e+01,9.999999999796092709e+01
5.984806487489999682e+01,9.999999999805659456e+01
5.986792266390000350e+01,9.999999999815231888e+01
5.990100434989999911e+01,9.999999999820251162e+01
5.995389707929999901e+01,9.999999999830542663e+01
6.013206655700000169e+01,9.999999999830563979e+01
6.016500300389999722e+01,9.999999999842367515e+01
6.018475622020000060e+01,9.999999999842619047e+01
6.023739979570000003e+01,9.999999999845061893e+01
6.028999740439999755e+01,9.999999999845678644e+01
6.034254916630000309e+01,9.999999999846453136e+01
6.048028028750000118e+01,9.999999999854944122e+01
6.049993056590000151e+01,9.999999999856396471e+01
6.076132703300000060e+01,9.999999999857944033e+01
6.117723829770000066e+01,9.999999999861563538e+01
6.122902856169999808e+01,9.999999999868587963e+01
6.128077505609999776e+01,9.999999999881006829e+01
6.138413717889999788e+01,9.999999999903195658e+01
6.143575302760000056e+01,9.999999999908730786e+01
6.148732554709999931e+01,9.999999999922853533e+01
6.167391441750000070e+01,9.999999999923089433e+01
6.169318450520000141e+01,9.999999999929147521e+01
6.172528794939999841e+01,9.999999999931596051e+01
6.182790695290000116e+01,9.999999999935280925e+01
6.187915263669999888e+01,9.999999999939102224e+01
6.200069137999999924e+01,9.999999999940530415e+01
6.203263568180000220e+01,9.999999999944580509e+01
6.220485144309999725e+01,9.999999999944726881e+01
6.225578684690000131e+01,9.999999999944989781e+01
6.228760032270000124e+01,9.999999999947810636e+01
6.230668061120000090e+01,9.999999999948576601e+01
6.240834362900000087e+01,9.999999999949604046e+01
6.261117444979999647e+01,9.999999999950595964e+01
6.321576227789999791e+01,9.999999999951249663e+01
6.326588380199999762e+01,9.999999999957171326e+01
6.336600791410000255e+01,9.999999999964582287e+01
6.341601069000000024e+01,9.999999999971726083e+01
6.356578301599999747e+01,9.999999999975484855e+01
6.374628841810000068e+01,9.999999999976061815e+01
6.379599313389999793e+01,9.999999999976805043e+01
6.381462242130000106e+01,9.999999999977713117e+01
6.384565915400000335e+01,9.999999999979131360e+01
6.394487546740000283e+01,9.999999999980605025e+01
6.414284769169999834e+01,9.999999999981625365e+01
6.426010512409999365e+01,9.999999999981864107e+01
6.430941271250000568e+01,9.999999999982206589e+01
6.435868252449999716e+01,9.999999999982985344e+01
6.450626616760000331e+01,9.999999999983620569e+01
6.528774479749999671e+01,9.999999999984974863e+01
6.533627685759999792e+01,9.999999999986449950e+01
6.538477289460000463e+01,9.999999999989584865e+01
6.548165721949999352e+01,9.999999999991717914e+01
6.567499709690000032e+01,9.999999999992336086e+01
6.580156766710000227e+01,9.999999999992682831e+01
6.584972103440000524e+01,9.999999999992968469e+01
6.589783921480000117e+01,9.999999999993556798e+01
6.604198340279999968e+01,9.999999999993937649e+01
6.629945799879999413e+01,9.999999999994015809e+01
6.634725000929999794e+01,9.999999999994524558e+01
6.644273090059999731e+01,9.999999999994922462e+01
6.734304785189999620e+01,9.999999999995618793e+01
6.739009976879999897e+01,9.999999999996244071e+01
6.743711885689999974e+01,9.999999999997312727e+01
6.757797983300000055e+01,9.999999999997717737e+01
6.784130585920000556e+01,9.999999999997781686e+01
6.788801244370000632e+01,9.999999999998040323e+01
6.798132934330000410e+01,9.999999999998205169e+01
6.837071052020000650e+01,9.999999999998358646e+01
6.841705569449999302e+01,9.999999999998573230e+01
6.938315371970000456e+01,9.999999999998685496e+01
6.942882307050000179e+01,9.999999999999158717e+01
6.952007176840000113e+01,9.999999999999383249e+01
6.991221752779999576e+01,9.999999999999447198e+01
6.995754149850000658e+01,9.999999999999525357e+01
7.042605651319999538e+01,9.999999999999636202e+01
7.145373924380000119e+01,9.999999999999742784e+01
7.149808602180000605e+01,9.999999999999859313e+01
7.196758292100000176e+01,9.999999999999900524e+01
7.246684944049999899e+01,9.999999999999924682e+01
7.350912281220000466e+01,9.999999999999997158e+01
7.400869730099999799e+01,1.000000000000000853e+02
7.555054516139999521e+01,1.000000000000003268e+02
