COBI#,atomMU,atomNU,distance,tra,nsla,tion,ICOBI (at) eF,BI*R^2,
316,I5,I13,5.91957,0,0,0,0.28466,9.974859016,0.556251632
370,I6,I14,5.91957,0,0,0,0.28466,9.974859016,
425,I7,I15,5.91957,-1,0,1,0.28465,9.974508603,
469,I8,I16,5.91957,1,0,-1,0.28465,9.974508603,
490,I9,I13,2.90159,0,0,0,0.54865,4.619207537,
522,I10,I14,2.90159,0,0,0,0.54864,4.619123345,
556,I11,I15,2.90159,-1,0,0,0.54864,4.619123345,
582,I12,I16,2.90159,1,0,0,0.54863,4.619039153,
351,I6,I10,3.01798,0,0,0,0.4122,3.754401392,
405,I7,I11,3.01798,0,0,1,0.4122,3.754401392,
450,I8,I12,3.01798,0,0,-1,0.4122,3.754401392,
296,I5,I9,3.01798,0,0,0,0.41219,3.75431031,
32,Cs1,I8,3.94908,0,0,0,0.06642,1.035835366,
160,Cs3,I6,3.94908,0,0,0,0.06642,1.035835366,
95,Cs2,I7,3.94908,0,0,0,0.06628,1.033652033,
215,Cs4,I5,3.94908,0,0,0,0.06627,1.033496081,
59,Cs1,I13,4.04285,0,0,0,0.05785,0.9455372,
133,Cs2,I14,4.04285,0,0,0,0.05783,0.945210307,
205,Cs3,I15,4.04285,0,0,1,0.05783,0.945210307,
269,Cs4,I16,4.04285,0,0,-1,0.05781,0.944883414,
311,I5,I12,9.95406,0,0,0,0.00922,0.913548123,
355,I6,I11,9.95406,0,0,0,0.00922,0.913548123,
401,I7,I10,9.95406,-1,0,1,0.00922,0.913548123,
435,I8,I9,9.95406,1,0,-1,0.00922,0.913548123,
164,Cs3,I7,4.04372,0,0,0,0.05404,0.883644325,
231,Cs4,I8,4.04372,0,0,0,0.05404,0.883644325,
17,Cs1,I5,4.04372,1,0,0,0.05403,0.883480808,
90,Cs2,I6,4.04372,-1,0,0,0.05403,0.883480808,
485,I9,I12,6.94464,-1,0,0,0.0174,0.83916763,
486,I9,I12,6.94464,0,0,0,0.01739,0.83868535,
509,I10,I11,6.94464,0,0,0,0.01739,0.83868535,
510,I10,I11,6.94464,1,0,0,0.01739,0.83868535,
86,Cs2,I5,4.00698,0,1,0,0.05001,0.802954995,
225,Cs4,I7,4.00698,0,-1,-1,0.05001,0.802954995,
85,Cs2,I5,4.00698,0,0,0,0.05,0.802794436,
226,Cs4,I7,4.00698,0,0,-1,0.05,0.802794436,
21,Cs1,I6,4.00698,0,-1,0,0.04996,0.8021522,
22,Cs1,I6,4.00698,0,0,0,0.04996,0.8021522,
169,Cs3,I8,4.00698,0,0,1,0.04996,0.8021522,
170,Cs3,I8,4.00698,0,1,1,0.04996,0.8021522,
137,Cs2,I15,4.11271,-1,0,0,0.0463,0.783135958,
73,Cs1,I16,4.11271,1,0,0,0.04628,0.78279767,
257,Cs4,I13,4.11271,0,0,-1,0.04628,0.78279767,
199,Cs3,I14,4.11271,0,0,1,0.04625,0.782290239,
263,Cs4,I14,4.56524,0,0,0,0.03048,0.635246368,
262,Cs4,I14,4.56524,0,-1,0,0.03046,0.634829539,
143,Cs2,I16,4.56524,0,0,0,0.03043,0.634204297,
193,Cs3,I13,4.56524,0,0,0,0.03043,0.634204297,
194,Cs3,I13,4.56524,0,1,0,0.03043,0.634204297,
66,Cs1,I15,4.56524,0,-1,0,0.03041,0.633787468,
144,Cs2,I16,4.56524,0,1,0,0.03041,0.633787468,
67,Cs1,I15,4.56524,0,0,0,0.03036,0.632745398,
108,Cs2,I9,4.19869,0,1,0,0.03542,0.624419099,
43,Cs1,I10,4.19869,0,0,0,0.03535,0.623185069,
106,Cs2,I9,4.19869,0,0,0,0.03533,0.622832489,
41,Cs1,I10,4.19869,0,-1,0,0.03529,0.622127329,
245,Cs4,I11,4.19869,0,-1,0,0.03529,0.622127329,
247,Cs4,I11,4.19869,0,0,0,0.03526,0.621598459,
190,Cs3,I12,4.19869,0,0,0,0.03525,0.621422169,
192,Cs3,I12,4.19869,0,1,0,0.03517,0.62001185,
149,Cs3,Cs4,5.49232,0,1,1,0.0172,0.518847958,
4,Cs1,Cs2,5.49232,1,-1,0,0.01719,0.518546303,
6,Cs1,Cs2,5.49232,1,0,0,0.01719,0.518546303,
147,Cs3,Cs4,5.49232,0,0,1,0.01719,0.518546303,
251,Cs4,I12,5.16944,-1,0,-1,0.00858,0.229284283,
112,Cs2,I10,5.16944,0,0,0,0.00854,0.228215359,
186,Cs3,I11,5.16944,1,0,1,0.00854,0.228215359,
37,Cs1,I9,5.16944,0,0,0,0.0085,0.227146434,
504,I9,I16,4.06379,0,0,0,0.01352,0.223274541,
528,I10,I15,4.06379,0,0,0,0.01352,0.223274541,
552,I11,I14,4.06379,0,0,0,0.01352,0.223274541,
566,I12,I13,4.06379,0,0,0,0.01351,0.223109398,
116,Cs2,I11,5.00425,0,0,0,0.00817,0.204597373,
55,Cs1,I12,5.00425,0,0,0,0.00815,0.204096522,
234,Cs4,I9,5.00425,0,0,-1,0.00814,0.203846097,
181,Cs3,I10,5.00425,0,0,1,0.00813,0.203595672,
291,I5,I8,9.79733,-1,0,1,0.00208,0.199654364,
292,I5,I8,9.79733,0,0,1,0.00208,0.199654364,
334,I6,I7,9.79733,0,0,-1,0.00208,0.199654364,
335,I6,I7,9.79733,1,0,-1,0.00208,0.199654364,
7,Cs1,Cs3,6.56637,0,-1,-1,0.00446,0.192302779,
8,Cs1,Cs3,6.56637,0,0,-1,0.00446,0.192302779,
9,Cs1,Cs3,6.56637,0,-1,0,0.00446,0.192302779,
10,Cs1,Cs3,6.56637,0,0,0,0.00446,0.192302779,
81,Cs2,Cs4,6.56637,0,0,0,0.00446,0.192302779,
82,Cs2,Cs4,6.56637,0,1,0,0.00446,0.192302779,
83,Cs2,Cs4,6.56637,0,0,1,0.00446,0.192302779,
84,Cs2,Cs4,6.56637,0,1,1,0.00446,0.192302779,
356,I6,I11,6.90679,1,0,0,0.00372,0.177457943,
402,I7,I10,6.90679,0,0,1,0.00372,0.177457943,
434,I8,I9,6.90679,0,0,-1,0.00372,0.177457943,
310,I5,I12,6.90679,-1,0,0,0.00371,0.176980905,
119,Cs2,I11,5.55317,0,0,1,0.00495,0.1526466,
237,Cs4,I9,5.55317,0,0,0,0.00495,0.1526466,
52,Cs1,I12,5.55317,0,0,-1,0.00492,0.151721469,
178,Cs3,I10,5.55317,0,0,0,0.00492,0.151721469,
330,I5,I16,4.29447,0,0,0,0.00555,0.102355723,
376,I6,I15,4.29447,0,0,0,0.00555,0.102355723,
420,I7,I14,4.29447,0,0,1,0.00555,0.102355723,
454,I8,I13,4.29447,0,0,-1,0.00555,0.102355723,
496,I9,I15,6.91003,-1,-1,0,0.00192,0.091677148,
498,I9,I15,6.91003,-1,0,0,0.00192,0.091677148,
534,I10,I16,6.91003,1,0,0,0.00192,0.091677148,
536,I10,I16,6.91003,1,1,0,0.00192,0.091677148,
546,I11,I13,6.91003,0,1,-1,0.00192,0.091677148,
544,I11,I13,6.91003,0,0,-1,0.00191,0.091199663,
572,I12,I14,6.91003,0,-1,1,0.00191,0.091199663,
574,I12,I14,6.91003,0,0,1,0.00191,0.091199663,
591,I13,I15,9.4923,-1,-1,0,0.00099,0.089202722,
593,I13,I15,9.4923,-1,0,0,0.00099,0.089202722,
595,I13,I15,9.4923,-1,-1,1,0.00099,0.089202722,
597,I13,I15,9.4923,-1,0,1,0.00099,0.089202722,
614,I14,I16,9.4923,1,0,-1,0.00099,0.089202722,
616,I14,I16,9.4923,1,1,-1,0.00099,0.089202722,
618,I14,I16,9.4923,1,0,0,0.00099,0.089202722,
620,I14,I16,9.4923,1,1,0,0.00099,0.089202722,
277,I5,I6,5.88637,-1,-1,0,0.00254,0.088009354,
279,I5,I6,5.88637,-1,0,0,0.00254,0.088009354,
390,I7,I8,5.88637,0,0,1,0.00254,0.088009354,
392,I7,I8,5.88637,0,1,1,0.00254,0.088009354,
505,I9,I16,8.11565,1,0,0,0.00133,0.087598821,
527,I10,I15,8.11565,-1,0,0,0.00133,0.087598821,
551,I11,I14,8.11565,-1,0,0,0.00133,0.087598821,
567,I12,I13,8.11565,1,0,0,0.00133,0.087598821,
204,Cs3,I15,8.83259,-1,0,1,0.00101,0.078794793,
270,Cs4,I16,8.83259,1,0,-1,0.00101,0.078794793,
60,Cs1,I13,8.83259,1,0,0,0.001,0.078014646,
132,Cs2,I14,8.83259,-1,0,0,0.001,0.078014646,
75,Cs2,Cs2,7.24674,0,-1,0,0.00131,0.068794965,
76,Cs2,Cs2,7.24674,0,1,0,0.00131,0.068794965,
211,Cs4,Cs4,7.24674,0,-1,0,0.00131,0.068794965,
212,Cs4,Cs4,7.24674,0,1,0,0.00131,0.068794965,
1,Cs1,Cs1,7.24674,0,-1,0,0.0013,0.068269813,
2,Cs1,Cs1,7.24674,0,1,0,0.0013,0.068269813,
145,Cs3,Cs3,7.24674,0,-1,0,0.0013,0.068269813,
146,Cs3,Cs3,7.24674,0,1,0,0.0013,0.068269813,
11,Cs1,Cs4,7.28104,0,0,0,0.00126,0.066797065,
12,Cs1,Cs4,7.28104,1,0,0,0.00126,0.066797065,
79,Cs2,Cs3,7.28104,-1,0,0,0.00126,0.066797065,
80,Cs2,Cs3,7.28104,0,0,0,0.00126,0.066797065,
313,I5,I13,7.9865,0,0,-1,0.00099,0.06314634,
373,I6,I14,7.9865,0,0,1,0.00099,0.06314634,
472,I8,I16,7.9865,1,0,0,0.00099,0.06314634,
422,I7,I15,7.9865,-1,0,0,0.00098,0.062508499,
589,I13,I14,6.73394,0,-1,1,0.00134,0.06076357,
590,I13,I14,6.73394,0,0,1,0.00134,0.06076357,
625,I15,I16,6.73394,1,0,0,0.00134,0.06076357,
626,I15,I16,6.73394,1,1,0,0.00134,0.06076357,
601,I13,I16,5.64014,0,0,0,0.0019,0.060441241,
602,I13,I16,5.64014,1,0,0,0.0019,0.060441241,
609,I14,I15,5.64014,-1,0,0,0.0019,0.060441241,
610,I14,I15,5.64014,0,0,0,0.0019,0.060441241,
315,I5,I13,7.82967,-1,0,0,0.00098,0.060077658,
371,I6,I14,7.82967,1,0,0,0.00098,0.060077658,
426,I7,I15,7.82967,0,0,1,0.00098,0.060077658,
468,I8,I16,7.82967,0,0,-1,0.00098,0.060077658,
322,I5,I15,4.64276,-1,-1,0,0.00266,0.057336886,
324,I5,I15,4.64276,-1,0,0,0.00266,0.057336886,
384,I6,I16,4.64276,1,1,0,0.00266,0.057336886,
382,I6,I16,4.64276,1,0,0,0.00265,0.057121334,
413,I7,I13,4.64276,0,0,0,0.00265,0.057121334,
415,I7,I13,4.64276,0,1,0,0.00265,0.057121334,
459,I8,I14,4.64276,0,-1,0,0.00265,0.057121334,
461,I8,I14,4.64276,0,0,0,0.00265,0.057121334,
327,I5,I16,6.47289,0,0,-1,0.00136,0.056981695,
379,I6,I15,6.47289,0,0,1,0.00136,0.056981695,
417,I7,I14,6.47289,0,0,0,0.00136,0.056981695,
457,I8,I13,6.47289,0,0,0,0.00136,0.056981695,
319,I5,I14,4.88154,0,-1,0,0.00216,0.051471575,
321,I5,I14,4.88154,0,0,0,0.00216,0.051471575,
365,I6,I13,4.88154,0,0,0,0.00216,0.051471575,
367,I6,I13,4.88154,0,1,0,0.00216,0.051471575,
428,I7,I16,4.88154,0,0,0,0.00216,0.051471575,
430,I7,I16,4.88154,0,1,0,0.00216,0.051471575,
464,I8,I15,4.88154,0,-1,0,0.00216,0.051471575,
466,I8,I15,4.88154,0,0,0,0.00216,0.051471575,
345,I6,I8,6.6588,0,1,1,0.00113,0.050103768,
281,I5,I7,6.6588,0,-1,-1,0.00112,0.049660372,
282,I5,I7,6.6588,0,0,-1,0.00112,0.049660372,
283,I5,I7,6.6588,0,-1,0,0.00112,0.049660372,
284,I5,I7,6.6588,0,0,0,0.00112,0.049660372,
342,I6,I8,6.6588,0,0,0,0.00112,0.049660372,
343,I6,I8,6.6588,0,1,0,0.00112,0.049660372,
344,I6,I8,6.6588,0,0,1,0.00112,0.049660372,
287,I5,I8,6.15839,-1,0,0,0.00129,0.04892424,
288,I5,I8,6.15839,0,0,0,0.00129,0.04892424,
338,I6,I7,6.15839,0,0,0,0.00129,0.04892424,
339,I6,I7,6.15839,1,0,0,0.00129,0.04892424,
273,I5,I5,7.24674,0,-1,0,0.00089,0.046738564,
274,I5,I5,7.24674,0,1,0,0.00089,0.046738564,
332,I6,I6,7.24674,0,-1,0,0.00089,0.046738564,
333,I6,I6,7.24674,0,1,0,0.00089,0.046738564,
385,I7,I7,7.24674,0,-1,0,0.00089,0.046738564,
386,I7,I7,7.24674,0,1,0,0.00089,0.046738564,
432,I8,I8,7.24674,0,-1,0,0.00089,0.046738564,
433,I8,I8,7.24674,0,1,0,0.00089,0.046738564,
62,Cs1,I14,6.02578,0,-1,0,0.00109,0.039577927,
130,Cs2,I13,6.02578,0,1,0,0.00109,0.039577927,
208,Cs3,I16,6.02578,1,0,0,0.00109,0.039577927,
210,Cs3,I16,6.02578,1,1,0,0.00109,0.039577927,
264,Cs4,I15,6.02578,-1,-1,0,0.00109,0.039577927,
266,Cs4,I15,6.02578,-1,0,0,0.00109,0.039577927,
38,Cs1,I9,6.2485,1,0,0,0.00101,0.03943419,
111,Cs2,I10,6.2485,-1,0,0,0.00101,0.03943419,
64,Cs1,I14,6.02578,0,0,0,0.00108,0.039214827,
128,Cs2,I13,6.02578,0,0,0,0.00108,0.039214827,
185,Cs3,I11,6.2485,0,0,1,0.001,0.039043752,
252,Cs4,I12,6.2485,0,0,-1,0.001,0.039043752,
26,Cs1,I7,9.31406,1,0,-1,0.00044,0.038170754,
101,Cs2,I8,9.31406,-1,0,1,0.00044,0.038170754,
153,Cs3,I5,9.31406,0,1,0,0.00044,0.038170754,
222,Cs4,I6,9.31406,0,-1,0,0.00044,0.038170754,
24,Cs1,I7,9.31406,1,-1,-1,0.00043,0.037303237,
103,Cs2,I8,9.31406,-1,1,1,0.00043,0.037303237,
151,Cs3,I5,9.31406,0,0,0,0.00043,0.037303237,
224,Cs4,I6,9.31406,0,0,0,0.00043,0.037303237,
298,I5,I10,7.05737,-1,-1,0,0.00074,0.036856789,
300,I5,I10,7.05737,-1,0,0,0.00074,0.036856789,
347,I6,I9,7.05737,1,0,0,0.00074,0.036856789,
349,I6,I9,7.05737,1,1,0,0.00074,0.036856789,
409,I7,I12,7.05737,0,0,0,0.00074,0.036856789,
411,I7,I12,7.05737,0,1,0,0.00074,0.036856789,
444,I8,I11,7.05737,0,-1,0,0.00074,0.036856789,
446,I8,I11,7.05737,0,0,0,0.00074,0.036856789,
592,I13,I15,7.65965,0,-1,0,0.00061,0.035788845,
594,I13,I15,7.65965,0,0,0,0.00061,0.035788845,
596,I13,I15,7.65965,0,-1,1,0.00061,0.035788845,
598,I13,I15,7.65965,0,0,1,0.00061,0.035788845,
613,I14,I16,7.65965,0,0,-1,0.00061,0.035788845,
615,I14,I16,7.65965,0,1,-1,0.00061,0.035788845,
617,I14,I16,7.65965,0,0,0,0.00061,0.035788845,
619,I14,I16,7.65965,0,1,0,0.00061,0.035788845,
294,I5,I9,7.85006,0,-1,0,0.00056,0.034509128,
297,I5,I9,7.85006,0,1,0,0.00056,0.034509128,
350,I6,I10,7.85006,0,-1,0,0.00056,0.034509128,
353,I6,I10,7.85006,0,1,0,0.00056,0.034509128,
404,I7,I11,7.85006,0,-1,1,0.00056,0.034509128,
407,I7,I11,7.85006,0,1,1,0.00056,0.034509128,
448,I8,I12,7.85006,0,-1,-1,0.00056,0.034509128,
451,I8,I12,7.85006,0,1,-1,0.00056,0.034509128,
394,I7,I9,4.89649,0,1,0,0.00136,0.032606835,
302,I5,I11,4.89649,0,-1,0,0.00135,0.032367079,
303,I5,I11,4.89649,0,0,0,0.00135,0.032367079,
363,I6,I12,4.89649,0,0,0,0.00135,0.032367079,
364,I6,I12,4.89649,0,1,0,0.00135,0.032367079,
393,I7,I9,4.89649,0,0,0,0.00135,0.032367079,
442,I8,I10,4.89649,0,-1,0,0.00135,0.032367079,
443,I8,I10,4.89649,0,0,0,0.00135,0.032367079,
131,Cs2,I14,8.29819,0,-1,0,0.00047,0.03236418,
3,Cs1,Cs2,8.07777,0,-1,0,0.00049,0.03197268,
5,Cs1,Cs2,8.07777,0,0,0,0.00049,0.03197268,
148,Cs3,Cs4,8.07777,1,0,1,0.00049,0.03197268,
150,Cs3,Cs4,8.07777,1,1,1,0.00049,0.03197268,
329,I5,I16,8.42364,0,-1,0,0.00045,0.03193097,
331,I5,I16,8.42364,0,1,0,0.00045,0.03193097,
375,I6,I15,8.42364,0,-1,0,0.00045,0.03193097,
377,I6,I15,8.42364,0,1,0,0.00045,0.03193097,
419,I7,I14,8.42364,0,-1,1,0.00045,0.03193097,
421,I7,I14,8.42364,0,1,1,0.00045,0.03193097,
453,I8,I13,8.42364,0,-1,-1,0.00045,0.03193097,
455,I8,I13,8.42364,0,1,-1,0.00045,0.03193097,
58,Cs1,I13,8.29819,0,-1,0,0.00046,0.03167558,
61,Cs1,I13,8.29819,0,1,0,0.00046,0.03167558,
134,Cs2,I14,8.29819,0,1,0,0.00046,0.03167558,
203,Cs3,I15,8.29819,0,-1,1,0.00045,0.030986981,
206,Cs3,I15,8.29819,0,1,1,0.00045,0.030986981,
268,Cs4,I16,8.29819,0,-1,-1,0.00045,0.030986981,
271,Cs4,I16,8.29819,0,1,-1,0.00045,0.030986981,
65,Cs1,I14,8.15761,1,0,0,0.00044,0.029280504,
127,Cs2,I13,8.15761,-1,0,0,0.00044,0.029280504,
129,Cs2,I13,8.15761,-1,1,0,0.00044,0.029280504,
207,Cs3,I16,8.15761,0,0,0,0.00044,0.029280504,
209,Cs3,I16,8.15761,0,1,0,0.00044,0.029280504,
265,Cs4,I15,8.15761,0,-1,0,0.00044,0.029280504,
267,Cs4,I15,8.15761,0,0,0,0.00044,0.029280504,
63,Cs1,I14,8.15761,1,-1,0,0.00043,0.028615038,
503,I9,I16,8.30841,0,-1,0,0.00038,0.026231277,
506,I9,I16,8.30841,0,1,0,0.00038,0.026231277,
526,I10,I15,8.30841,0,-1,0,0.00038,0.026231277,
529,I10,I15,8.30841,0,1,0,0.00038,0.026231277,
550,I11,I14,8.30841,0,-1,0,0.00038,0.026231277,
553,I11,I14,8.30841,0,1,0,0.00038,0.026231277,
565,I12,I13,8.30841,0,-1,0,0.00038,0.026231277,
568,I12,I13,8.30841,0,1,0,0.00038,0.026231277,
15,Cs1,I5,8.29861,1,-1,0,0.00038,0.026169433,
18,Cs1,I5,8.29861,1,1,0,0.00038,0.026169433,
89,Cs2,I6,8.29861,-1,-1,0,0.00038,0.026169433,
92,Cs2,I6,8.29861,-1,1,0,0.00038,0.026169433,
163,Cs3,I7,8.29861,0,-1,0,0.00038,0.026169433,
166,Cs3,I7,8.29861,0,1,0,0.00038,0.026169433,
229,Cs4,I8,8.29861,0,-1,0,0.00038,0.026169433,
232,Cs4,I8,8.29861,0,1,0,0.00038,0.026169433,
28,Cs1,I7,8.02672,1,-1,0,0.0004,0.025771294,
97,Cs2,I8,8.02672,-1,0,0,0.0004,0.025771294,
220,Cs4,I6,8.02672,0,0,-1,0.0004,0.025771294,
102,Cs2,I8,9.09821,0,0,1,0.00031,0.025661002,
152,Cs3,I5,9.09821,1,0,0,0.00031,0.025661002,
154,Cs3,I5,9.09821,1,1,0,0.00031,0.025661002,
223,Cs4,I6,9.09821,-1,0,0,0.00031,0.025661002,
30,Cs1,I7,8.02672,1,0,0,0.00039,0.025127011,
99,Cs2,I8,8.02672,-1,1,0,0.00039,0.025127011,
155,Cs3,I5,8.02672,0,0,1,0.00039,0.025127011,
157,Cs3,I5,8.02672,0,1,1,0.00039,0.025127011,
218,Cs4,I6,8.02672,0,-1,-1,0.00039,0.025127011,
23,Cs1,I7,9.09821,0,-1,-1,0.0003,0.024833228,
25,Cs1,I7,9.09821,0,0,-1,0.0003,0.024833228,
104,Cs2,I8,9.09821,0,1,1,0.0003,0.024833228,
221,Cs4,I6,9.09821,-1,-1,0,0.0003,0.024833228,
13,Cs1,Cs4,8.15037,0,0,1,0.00037,0.024578557,
14,Cs1,Cs4,8.15037,1,0,1,0.00037,0.024578557,
77,Cs2,Cs3,8.15037,-1,0,-1,0.00037,0.024578557,
78,Cs2,Cs3,8.15037,0,0,-1,0.00037,0.024578557,
473,I9,I9,7.24674,0,-1,0,0.00046,0.024157011,
474,I9,I9,7.24674,0,1,0,0.00046,0.024157011,
507,I10,I10,7.24674,0,-1,0,0.00046,0.024157011,
508,I10,I10,7.24674,0,1,0,0.00046,0.024157011,
537,I11,I11,7.24674,0,-1,0,0.00045,0.023631858,
538,I11,I11,7.24674,0,1,0,0.00045,0.023631858,
563,I12,I12,7.24674,0,-1,0,0.00045,0.023631858,
564,I12,I12,7.24674,0,1,0,0.00045,0.023631858,
585,I13,I13,7.24674,0,-1,0,0.00045,0.023631858,
586,I13,I13,7.24674,0,1,0,0.00045,0.023631858,
605,I14,I14,7.24674,0,-1,0,0.00045,0.023631858,
606,I14,I14,7.24674,0,1,0,0.00045,0.023631858,
621,I15,I15,7.24674,0,-1,0,0.00045,0.023631858,
622,I15,I15,7.24674,0,1,0,0.00045,0.023631858,
627,I16,I16,7.24674,0,-1,0,0.00045,0.023631858,
628,I16,I16,7.24674,0,1,0,0.00045,0.023631858,
492,I9,I14,4.83086,0,-1,0,0.00098,0.022870464,
493,I9,I14,4.83086,0,0,0,0.00098,0.022870464,
519,I10,I13,4.83086,0,0,0,0.00098,0.022870464,
520,I10,I13,4.83086,0,1,0,0.00097,0.022637092,
559,I11,I16,4.83086,0,0,-1,0.00097,0.022637092,
560,I11,I16,4.83086,0,1,-1,0.00097,0.022637092,
578,I12,I15,4.83086,0,-1,1,0.00097,0.022637092,
579,I12,I15,4.83086,0,0,1,0.00097,0.022637092,
219,Cs4,I6,7.77522,-1,0,-1,0.00037,0.022367997,
27,Cs1,I7,7.77522,0,-1,0,0.00036,0.021763457,
29,Cs1,I7,7.77522,0,0,0,0.00036,0.021763457,
98,Cs2,I8,7.77522,0,0,0,0.00036,0.021763457,
100,Cs2,I8,7.77522,0,1,0,0.00036,0.021763457,
156,Cs3,I5,7.77522,1,0,1,0.00036,0.021763457,
158,Cs3,I5,7.77522,1,1,1,0.00036,0.021763457,
217,Cs4,I6,7.77522,-1,-1,-1,0.00036,0.021763457,
46,Cs1,I11,6.66295,1,-1,0,0.00049,0.021753502,
123,Cs2,I12,6.66295,-1,0,0,0.00049,0.021753502,
125,Cs2,I12,6.66295,-1,1,0,0.00049,0.021753502,
171,Cs3,I9,6.66295,0,0,0,0.00049,0.021753502,
173,Cs3,I9,6.66295,0,1,0,0.00049,0.021753502,
244,Cs4,I10,6.66295,0,0,0,0.00049,0.021753502,
48,Cs1,I11,6.66295,1,0,0,0.00048,0.021309553,
242,Cs4,I10,6.66295,0,-1,0,0.00048,0.021309553,
483,I9,I12,8.55765,-1,0,-1,0.00029,0.021237678,
484,I9,I12,8.55765,0,0,-1,0.00029,0.021237678,
511,I10,I11,8.55765,0,0,1,0.00029,0.021237678,
512,I10,I11,8.55765,1,0,1,0.00029,0.021237678,
36,Cs1,I9,9.56865,1,-1,0,0.00023,0.021058584,
40,Cs1,I9,9.56865,1,1,0,0.00023,0.021058584,
109,Cs2,I10,9.56865,-1,-1,0,0.00023,0.021058584,
113,Cs2,I10,9.56865,-1,1,0,0.00023,0.021058584,
71,Cs1,I16,8.33245,1,-1,0,0.0003,0.020828917,
74,Cs1,I16,8.33245,1,1,0,0.0003,0.020828917,
136,Cs2,I15,8.33245,-1,-1,0,0.0003,0.020828917,
139,Cs2,I15,8.33245,-1,1,0,0.0003,0.020828917,
198,Cs3,I14,8.33245,0,-1,1,0.0003,0.020828917,
201,Cs3,I14,8.33245,0,1,1,0.0003,0.020828917,
255,Cs4,I13,8.33245,0,-1,-1,0.0003,0.020828917,
258,Cs4,I13,8.33245,0,1,-1,0.0003,0.020828917,
70,Cs1,I16,7.91794,1,0,-1,0.00033,0.020688945,
197,Cs3,I14,7.91794,0,0,0,0.00033,0.020688945,
259,Cs4,I13,7.91794,0,0,0,0.00033,0.020688945,
183,Cs3,I11,9.56865,0,-1,1,0.00022,0.020142994,
187,Cs3,I11,9.56865,0,1,1,0.00022,0.020142994,
250,Cs4,I12,9.56865,0,-1,-1,0.00022,0.020142994,
254,Cs4,I12,9.56865,0,1,-1,0.00022,0.020142994,
140,Cs2,I15,7.91794,-1,0,1,0.00032,0.020062008,
278,I5,I6,8.81377,0,-1,0,0.00025,0.019420635,
280,I5,I6,8.81377,0,0,0,0.00025,0.019420635,
389,I7,I8,8.81377,-1,0,1,0.00025,0.019420635,
391,I7,I8,8.81377,-1,1,1,0.00025,0.019420635,
31,Cs1,I8,8.25291,0,-1,0,0.00028,0.019070947,
94,Cs2,I7,8.25291,0,-1,0,0.00028,0.019070947,
96,Cs2,I7,8.25291,0,1,0,0.00028,0.019070947,
33,Cs1,I8,8.25291,0,1,0,0.00027,0.018389841,
159,Cs3,I6,8.25291,0,-1,0,0.00027,0.018389841,
214,Cs4,I5,8.25291,0,-1,0,0.00027,0.018389841,
216,Cs4,I5,8.25291,0,1,0,0.00027,0.018389841,
161,Cs3,I6,8.25291,0,1,0,0.00026,0.017708736,
57,Cs1,I13,8.21042,0,0,-1,0.00025,0.016852749,
135,Cs2,I14,8.21042,0,0,1,0.00025,0.016852749,
202,Cs3,I15,8.21042,0,0,0,0.00025,0.016852749,
272,Cs4,I16,8.21042,0,0,0,0.00025,0.016852749,
307,I5,I12,5.58349,-1,0,-1,0.00054,0.016834695,
359,I6,I11,5.58349,1,0,1,0.00054,0.016834695,
399,I7,I10,5.58349,0,0,0,0.00054,0.016834695,
437,I8,I9,5.58349,0,0,0,0.00054,0.016834695,
293,I5,I9,8.82243,0,0,-1,0.00018,0.014010349,
354,I6,I10,8.82243,0,0,1,0.00018,0.014010349,
403,I7,I11,8.82243,0,0,0,0.00018,0.014010349,
452,I8,I12,8.82243,0,0,0,0.00018,0.014010349,
299,I5,I10,6.43894,0,-1,0,0.00033,0.013681783,
301,I5,I10,6.43894,0,0,0,0.00033,0.013681783,
346,I6,I9,6.43894,0,0,0,0.00033,0.013681783,
348,I6,I9,6.43894,0,1,0,0.00033,0.013681783,
408,I7,I12,6.43894,-1,0,0,0.00033,0.013681783,
410,I7,I12,6.43894,-1,1,0,0.00033,0.013681783,
445,I8,I11,6.43894,1,-1,0,0.00033,0.013681783,
447,I8,I11,6.43894,1,0,0,0.00033,0.013681783,
19,Cs1,I6,9.51725,0,-1,-1,0.00015,0.013586707,
87,Cs2,I5,9.51725,0,0,1,0.00015,0.013586707,
88,Cs2,I5,9.51725,0,1,1,0.00015,0.013586707,
167,Cs3,I8,9.51725,0,0,0,0.00015,0.013586707,
228,Cs4,I7,9.51725,0,0,0,0.00015,0.013586707,
479,I9,I11,6.90771,0,-1,0,0.00028,0.013360608,
480,I9,I11,6.90771,0,0,0,0.00028,0.013360608,
481,I9,I11,6.90771,0,-1,1,0.00028,0.013360608,
482,I9,I11,6.90771,0,0,1,0.00028,0.013360608,
513,I10,I12,6.90771,0,0,-1,0.00028,0.013360608,
514,I10,I12,6.90771,0,1,-1,0.00028,0.013360608,
515,I10,I12,6.90771,0,0,0,0.00028,0.013360608,
516,I10,I12,6.90771,0,1,0,0.00028,0.013360608,
49,Cs1,I11,7.97527,1,-1,1,0.00021,0.013357036,
50,Cs1,I11,7.97527,1,0,1,0.00021,0.013357036,
121,Cs2,I12,7.97527,-1,0,-1,0.00021,0.013357036,
122,Cs2,I12,7.97527,-1,1,-1,0.00021,0.013357036,
117,Cs2,I11,8.80669,0,1,0,0.00017,0.013184824,
175,Cs3,I9,7.97527,0,0,1,0.0002,0.012720986,
176,Cs3,I9,7.97527,0,1,1,0.0002,0.012720986,
239,Cs4,I10,7.97527,0,-1,-1,0.0002,0.012720986,
240,Cs4,I10,7.97527,0,0,-1,0.0002,0.012720986,
295,I5,I9,9.20435,-1,0,0,0.00015,0.012708009,
352,I6,I10,9.20435,1,0,0,0.00015,0.012708009,
406,I7,I11,9.20435,1,0,1,0.00015,0.012708009,
449,I8,I12,9.20435,-1,0,-1,0.00015,0.012708009,
20,Cs1,I6,9.51725,0,0,-1,0.00014,0.012680927,
168,Cs3,I8,9.51725,0,1,0,0.00014,0.012680927,
227,Cs4,I7,9.51725,0,-1,0,0.00014,0.012680927,
54,Cs1,I12,8.80669,0,-1,0,0.00016,0.012409246,
56,Cs1,I12,8.80669,0,1,0,0.00016,0.012409246,
115,Cs2,I11,8.80669,0,-1,0,0.00016,0.012409246,
180,Cs3,I10,8.80669,0,-1,1,0.00016,0.012409246,
182,Cs3,I10,8.80669,0,1,1,0.00016,0.012409246,
233,Cs4,I9,8.80669,0,-1,-1,0.00016,0.012409246,
235,Cs4,I9,8.80669,0,1,-1,0.00016,0.012409246,
68,Cs1,I15,8.94627,0,-1,1,0.00013,0.010404647,
69,Cs1,I15,8.94627,0,0,1,0.00013,0.010404647,
141,Cs2,I16,8.94627,0,0,-1,0.00013,0.010404647,
142,Cs2,I16,8.94627,0,1,-1,0.00013,0.010404647,
195,Cs3,I13,8.94627,0,0,1,0.00013,0.010404647,
196,Cs3,I13,8.94627,0,1,1,0.00013,0.010404647,
260,Cs4,I14,8.94627,0,-1,-1,0.00013,0.010404647,
261,Cs4,I14,8.94627,0,0,-1,0.00013,0.010404647,
51,Cs1,I12,9.12979,0,-1,-1,0.00012,0.010002368,
53,Cs1,I12,9.12979,0,1,-1,0.00012,0.010002368,
118,Cs2,I11,9.12979,0,-1,1,0.00012,0.010002368,
120,Cs2,I11,9.12979,0,1,1,0.00012,0.010002368,
177,Cs3,I10,9.12979,0,-1,0,0.00012,0.010002368,
179,Cs3,I10,9.12979,0,1,0,0.00012,0.010002368,
236,Cs4,I9,9.12979,0,-1,0,0.00012,0.010002368,
238,Cs4,I9,9.12979,0,1,0,0.00012,0.010002368,
502,I9,I16,9.02795,0,0,-1,0.00012,0.009780466,
530,I10,I15,9.02795,0,0,1,0.00012,0.009780466,
549,I11,I14,9.02795,0,0,-1,0.00012,0.009780466,
569,I12,I13,9.02795,0,0,1,0.00012,0.009780466,
189,Cs3,I12,9.85977,-1,0,0,0.0001,0.009721506,
191,Cs3,I12,9.85977,-1,1,0,0.0001,0.009721506,
246,Cs4,I11,9.85977,1,-1,0,0.0001,0.009721506,
248,Cs4,I11,9.85977,1,0,0,0.0001,0.009721506,
42,Cs1,I10,9.85977,1,-1,0,0.00009,0.008749356,
44,Cs1,I10,9.85977,1,0,0,0.00009,0.008749356,
105,Cs2,I9,9.85977,-1,0,0,0.00009,0.008749356,
107,Cs2,I9,9.85977,-1,1,0,0.00009,0.008749356,
494,I9,I14,8.28302,0,-1,1,0.00012,0.00823301,
495,I9,I14,8.28302,0,0,1,0.00012,0.00823301,
517,I10,I13,8.28302,0,0,-1,0.00012,0.00823301,
518,I10,I13,8.28302,0,1,-1,0.00012,0.00823301,
561,I11,I16,8.28302,0,0,0,0.00012,0.00823301,
562,I11,I16,8.28302,0,1,0,0.00012,0.00823301,
576,I12,I15,8.28302,0,-1,0,0.00012,0.00823301,
577,I12,I15,8.28302,0,0,0,0.00012,0.00823301,
34,Cs1,I8,7.16475,0,0,1,0.00016,0.008213383,
93,Cs2,I7,7.16475,0,0,-1,0.00016,0.008213383,
162,Cs3,I6,7.16475,0,0,1,0.00016,0.008213383,
213,Cs4,I5,7.16475,0,0,-1,0.00016,0.008213383,
476,I9,I10,4.84292,0,-1,0,0.00034,0.007974317,
478,I9,I10,4.84292,0,0,0,0.00034,0.007974317,
539,I11,I12,4.84292,-1,0,-1,0.00034,0.007974317,
541,I11,I12,4.84292,-1,1,-1,0.00034,0.007974317,
487,I9,I13,8.87106,0,0,-1,0.00009,0.007082613,
525,I10,I14,8.87106,0,0,1,0.00009,0.007082613,
554,I11,I15,8.87106,-1,0,-1,0.00009,0.007082613,
584,I12,I16,8.87106,1,0,1,0.00009,0.007082613,
489,I9,I13,9.27692,-1,0,0,0.00008,0.0068849,
523,I10,I14,9.27692,1,0,0,0.00008,0.0068849,
557,I11,I15,9.27692,0,0,0,0.00008,0.0068849,
581,I12,I16,9.27692,0,0,0,0.00008,0.0068849,
72,Cs1,I16,9.06839,0,0,0,0.00008,0.006578856,
138,Cs2,I15,9.06839,0,0,0,0.00008,0.006578856,
200,Cs3,I14,9.06839,1,0,1,0.00008,0.006578856,
256,Cs4,I13,9.06839,-1,0,-1,0.00008,0.006578856,
497,I9,I15,8.10336,0,-1,0,0.0001,0.006566444,
499,I9,I15,8.10336,0,0,0,0.0001,0.006566444,
533,I10,I16,8.10336,0,0,0,0.0001,0.006566444,
535,I10,I16,8.10336,0,1,0,0.0001,0.006566444,
543,I11,I13,8.10336,-1,0,-1,0.0001,0.006566444,
545,I11,I13,8.10336,-1,1,-1,0.0001,0.006566444,
573,I12,I14,8.10336,1,-1,1,0.0001,0.006566444,
575,I12,I14,8.10336,1,0,1,0.0001,0.006566444,
304,I5,I11,8.09377,0,-1,1,0.0001,0.006550911,
305,I5,I11,8.09377,0,0,1,0.0001,0.006550911,
361,I6,I12,8.09377,0,0,-1,0.0001,0.006550911,
362,I6,I12,8.09377,0,1,-1,0.0001,0.006550911,
395,I7,I9,8.09377,0,0,1,0.0001,0.006550911,
396,I7,I9,8.09377,0,1,1,0.0001,0.006550911,
440,I8,I10,8.09377,0,-1,-1,0.0001,0.006550911,
441,I8,I10,8.09377,0,0,-1,0.0001,0.006550911,
35,Cs1,I9,8.90159,0,-1,0,0.00007,0.005546681,
39,Cs1,I9,8.90159,0,1,0,0.00007,0.005546681,
110,Cs2,I10,8.90159,0,-1,0,0.00007,0.005546681,
114,Cs2,I10,8.90159,0,1,0,0.00007,0.005546681,
184,Cs3,I11,8.90159,1,-1,1,0.00007,0.005546681,
188,Cs3,I11,8.90159,1,1,1,0.00007,0.005546681,
249,Cs4,I12,8.90159,-1,-1,-1,0.00007,0.005546681,
253,Cs4,I12,8.90159,-1,1,-1,0.00007,0.005546681,
45,Cs1,I11,9.58124,0,-1,0,0.00006,0.00550801,
174,Cs3,I9,9.58124,1,1,0,0.00006,0.00550801,
243,Cs4,I10,9.58124,-1,0,0,0.00006,0.00550801,
47,Cs1,I11,9.58124,0,0,0,0.00005,0.004590008,
124,Cs2,I12,9.58124,0,0,0,0.00005,0.004590008,
126,Cs2,I12,9.58124,0,1,0,0.00005,0.004590008,
172,Cs3,I9,9.58124,1,0,0,0.00005,0.004590008,
241,Cs4,I10,9.58124,-1,-1,0,0.00005,0.004590008,
500,I9,I15,9.36658,-1,-1,1,0.00005,0.004386641,
501,I9,I15,9.36658,-1,0,1,0.00005,0.004386641,
531,I10,I16,9.36658,1,0,-1,0.00005,0.004386641,
532,I10,I16,9.36658,1,1,-1,0.00005,0.004386641,
547,I11,I13,9.36658,0,0,0,0.00005,0.004386641,
548,I11,I13,9.36658,0,1,0,0.00005,0.004386641,
570,I12,I14,9.36658,0,-1,0,0.00005,0.004386641,
571,I12,I14,9.36658,0,0,0,0.00005,0.004386641,
16,Cs1,I5,7.44383,0,0,0,0.00007,0.003878742,
91,Cs2,I6,7.44383,0,0,0,0.00007,0.003878742,
165,Cs3,I7,7.44383,1,0,0,0.00007,0.003878742,
230,Cs4,I8,7.44383,-1,0,0,0.00007,0.003878742,
488,I9,I13,7.80606,0,-1,0,0.00005,0.003046729,
491,I9,I13,7.80606,0,1,0,0.00005,0.003046729,
521,I10,I14,7.80606,0,-1,0,0.00005,0.003046729,
524,I10,I14,7.80606,0,1,0,0.00005,0.003046729,
555,I11,I15,7.80606,-1,-1,0,0.00005,0.003046729,
558,I11,I15,7.80606,-1,1,0,0.00005,0.003046729,
580,I12,I16,7.80606,1,-1,0,0.00005,0.003046729,
583,I12,I16,7.80606,1,1,0,0.00005,0.003046729,
599,I13,I16,9.18295,0,-1,0,0.00003,0.002529797,
600,I13,I16,9.18295,1,-1,0,0.00003,0.002529797,
603,I13,I16,9.18295,0,1,0,0.00003,0.002529797,
604,I13,I16,9.18295,1,1,0,0.00003,0.002529797,
607,I14,I15,9.18295,-1,-1,0,0.00003,0.002529797,
608,I14,I15,9.18295,0,-1,0,0.00003,0.002529797,
611,I14,I15,9.18295,-1,1,0,0.00003,0.002529797,
612,I14,I15,9.18295,0,1,0,0.00003,0.002529797,
587,I13,I14,6.32922,0,-1,0,0.00006,0.002403542,
588,I13,I14,6.32922,0,0,0,0.00006,0.002403542,
623,I15,I16,6.32922,1,0,-1,0.00006,0.002403542,
624,I15,I16,6.32922,1,1,-1,0.00006,0.002403542,
328,I5,I16,9.71667,0,1,-1,0.00002,0.001888274,
416,I7,I14,9.71667,0,-1,0,0.00002,0.001888274,
418,I7,I14,9.71667,0,1,0,0.00002,0.001888274,
456,I8,I13,9.71667,0,-1,0,0.00002,0.001888274,
458,I8,I13,9.71667,0,1,0,0.00002,0.001888274,
323,I5,I15,9.53157,0,-1,0,0.00002,0.001817017,
325,I5,I15,9.53157,0,0,0,0.00002,0.001817017,
381,I6,I16,9.53157,0,0,0,0.00002,0.001817017,
383,I6,I16,9.53157,0,1,0,0.00002,0.001817017,
412,I7,I13,9.53157,-1,0,0,0.00002,0.001817017,
414,I7,I13,9.53157,-1,1,0,0.00002,0.001817017,
460,I8,I14,9.53157,1,-1,0,0.00002,0.001817017,
462,I8,I14,9.53157,1,0,0,0.00002,0.001817017,
312,I5,I13,9.48929,-1,0,-1,0.00002,0.001800932,
374,I6,I14,9.48929,1,0,1,0.00002,0.001800932,
423,I7,I15,9.48929,0,0,0,0.00002,0.001800932,
471,I8,I16,9.48929,0,0,0,0.00002,0.001800932,
314,I5,I13,9.35717,0,-1,0,0.00002,0.001751133,
317,I5,I13,9.35717,0,1,0,0.00002,0.001751133,
369,I6,I14,9.35717,0,-1,0,0.00002,0.001751133,
372,I6,I14,9.35717,0,1,0,0.00002,0.001751133,
424,I7,I15,9.35717,-1,-1,1,0.00002,0.001751133,
427,I7,I15,9.35717,-1,1,1,0.00002,0.001751133,
467,I8,I16,9.35717,1,-1,-1,0.00002,0.001751133,
470,I8,I16,9.35717,1,1,-1,0.00002,0.001751133,
275,I5,I6,9.31923,-1,-1,-1,0.00002,0.001736961,
276,I5,I6,9.31923,-1,0,-1,0.00002,0.001736961,
387,I7,I8,9.31923,0,0,0,0.00002,0.001736961,
388,I7,I8,9.31923,0,1,0,0.00002,0.001736961,
306,I5,I12,9.14826,-1,-1,-1,0.00002,0.001673813,
309,I5,I12,9.14826,-1,1,-1,0.00002,0.001673813,
357,I6,I11,9.14826,1,-1,1,0.00002,0.001673813,
360,I6,I11,9.14826,1,1,1,0.00002,0.001673813,
397,I7,I10,9.14826,0,-1,0,0.00002,0.001673813,
400,I7,I10,9.14826,0,1,0,0.00002,0.001673813,
436,I8,I9,9.14826,0,-1,0,0.00002,0.001673813,
439,I8,I9,9.14826,0,1,0,0.00002,0.001673813,
318,I5,I14,9.02913,-1,-1,0,0.00002,0.001630504,
320,I5,I14,9.02913,-1,0,0,0.00002,0.001630504,
366,I6,I13,9.02913,1,0,0,0.00002,0.001630504,
368,I6,I13,9.02913,1,1,0,0.00002,0.001630504,
429,I7,I16,9.02913,1,0,0,0.00002,0.001630504,
431,I7,I16,9.02913,1,1,0,0.00002,0.001630504,
463,I8,I15,9.02913,-1,-1,0,0.00002,0.001630504,
465,I8,I15,9.02913,-1,0,0,0.00002,0.001630504,
326,I5,I16,9.71667,0,-1,-1,0.00001,0.000944137,
378,I6,I15,9.71667,0,-1,1,0.00001,0.000944137,
380,I6,I15,9.71667,0,1,1,0.00001,0.000944137,
285,I5,I8,9.51005,-1,-1,0,0.00001,0.000904411,
286,I5,I8,9.51005,0,-1,0,0.00001,0.000904411,
289,I5,I8,9.51005,-1,1,0,0.00001,0.000904411,
290,I5,I8,9.51005,0,1,0,0.00001,0.000904411,
336,I6,I7,9.51005,0,-1,0,0.00001,0.000904411,
337,I6,I7,9.51005,1,-1,0,0.00001,0.000904411,
340,I6,I7,9.51005,0,1,0,0.00001,0.000904411,
341,I6,I7,9.51005,1,1,0,0.00001,0.000904411,
475,I9,I10,9.1203,-1,-1,0,0.00001,0.000831799,
477,I9,I10,9.1203,-1,0,0,0.00001,0.000831799,
540,I11,I12,9.1203,0,0,-1,0.00001,0.000831799,
542,I11,I12,9.1203,0,1,-1,0.00001,0.000831799,
308,I5,I12,9.08598,0,0,-1,0.00001,0.00082555,
358,I6,I11,9.08598,0,0,1,0.00001,0.00082555,
398,I7,I10,9.08598,-1,0,0,0.00001,0.00082555,
438,I8,I9,9.08598,1,0,0,0.00001,0.00082555,