atom1,atom2,distance,multiplicity,ICOBI,BI*R^2,BI*R^2*multiplicity
I10,I14,2.9016,1,0.54864,4.619123345,4.619123345
I11,I15,2.9016,1,0.54864,4.619123345,4.619123345
I12,I16,2.9016,1,0.54863,4.619039153,4.619039153
I9,I13,2.9016,1,0.54865,4.619207537,4.619207537
I6,I10,3.018,1,0.4122,3.754401392,3.754401392
I5,I9,3.018,1,0.41219,3.75431031,3.75431031
I7,I11,3.018,1,0.4122,3.754401392,3.754401392
I8,I12,3.018,1,0.4122,3.754401392,3.754401392
Cs4,I5,3.9491,1,0.06627,1.033496081,1.033496081
Cs3,I6,3.9491,1,0.06642,1.035835366,1.035835366
Cs2,I7,3.9491,1,0.06628,1.033652033,1.033652033
Cs1,I8,3.9491,1,0.06642,1.035835366,1.035835366
Cs3,I8,4.007,2,0.04996,0.8021522,1.6043044
Cs2,I5,4.007,2,0.050005,0.8028747155,1.605749431
Cs1,I6,4.007,2,0.04996,0.8021522,1.6043044
Cs4,I7,4.007,2,0.050005,0.8028747155,1.605749431
Cs1,I13,4.0428,1,0.05785,0.9455372,0.9455372
Cs2,I14,4.0428,1,0.05783,0.945210307,0.945210307
Cs3,I15,4.0428,1,0.05783,0.945210307,0.945210307
Cs4,I16,4.0428,1,0.05781,0.944883414,0.944883414
Cs2,I6,4.0437,1,0.05403,0.883480808,0.883480808
Cs4,I8,4.0437,1,0.05404,0.883644325,0.883644325
Cs3,I7,4.0437,1,0.05404,0.883644325,0.883644325
Cs1,I5,4.0437,1,0.05403,0.883480808,0.883480808
I11,I14,4.0638,1,0.01352,0.223274541,0.223274541
I10,I15,4.0638,1,0.01352,0.223274541,0.223274541
I9,I16,4.0638,1,0.01352,0.223274541,0.223274541
I12,I13,4.0638,1,0.01351,0.223109398,0.223109398
Cs2,I15,4.1127,1,0.0463,0.783135958,0.783135958
Cs4,I13,4.1127,1,0.04628,0.78279767,0.78279767
Cs3,I14,4.1127,1,0.04625,0.782290239,0.782290239
Cs1,I16,4.1127,1,0.04628,0.78279767,0.78279767
Cs2,I9,4.1987,2,0.035375000000000004,0.6236257940000001,1.2472515880000001
Cs3,I12,4.1987,2,0.03521,0.6207170095000001,1.2414340190000002
Cs1,I10,4.1987,2,0.035320000000000004,0.622656199,1.245312398
Cs4,I11,4.1987,2,0.035275,0.6218628939999999,1.2437257879999999
I6,I15,4.2945,1,0.00555,0.102355723,0.102355723
I8,I13,4.2945,1,0.00555,0.102355723,0.102355723
I5,I16,4.2945,1,0.00555,0.102355723,0.102355723
I7,I14,4.2945,1,0.00555,0.102355723,0.102355723
Cs2,I16,4.5652,2,0.03042,0.6339958825,1.267991765
Cs3,I13,4.5652,2,0.03043,0.634204297,1.268408594
Cs1,I15,4.5652,2,0.030385000000000002,0.633266433,1.266532866
Cs4,I14,4.5652,2,0.03047,0.6350379535,1.270075907
I8,I14,4.6428,2,0.00265,0.057121334,0.114242668
I7,I13,4.6428,2,0.00265,0.057121334,0.114242668
I5,I15,4.6428,2,0.00266,0.057336886,0.114673772
I6,I16,4.6428,2,0.0026550000000000002,0.05722911,0.11445822
I12,I15,4.8309,2,0.00097,0.022637092,0.045274184
I10,I13,4.8309,2,0.000975,0.022753778000000002,0.045507556000000005
I11,I16,4.8309,2,0.00097,0.022637092,0.045274184
I9,I14,4.8309,2,0.00098,0.022870464,0.045740928
I9,I10,4.8429,2,0.00034,0.007974317,0.015948634
I11,I12,4.8429,2,0.00034,0.007974317,0.015948634
I6,I13,4.8815,2,0.00216,0.051471575,0.10294315
I5,I14,4.8815,2,0.00216,0.051471575,0.10294315
I8,I15,4.8815,2,0.00216,0.051471575,0.10294315
I7,I16,4.8815,2,0.00216,0.051471575,0.10294315
I6,I12,4.8965,2,0.00135,0.032367079,0.064734158
I8,I10,4.8965,2,0.00135,0.032367079,0.064734158
I5,I11,4.8965,2,0.00135,0.032367079,0.064734158
I7,I9,4.8965,2,0.001355,0.032486957,0.064973914
Cs3,I10,5.0042,1,0.00813,0.203595672,0.203595672
Cs4,I9,5.0042,1,0.00814,0.203846097,0.203846097
Cs2,I11,5.0042,1,0.00817,0.204597373,0.204597373
Cs1,I12,5.0042,1,0.00815,0.204096522,0.204096522
Cs4,I12,5.1694,1,0.00858,0.229284283,0.229284283
Cs1,I9,5.1694,1,0.0085,0.227146434,0.227146434
Cs2,I10,5.1694,1,0.00854,0.228215359,0.228215359
Cs3,I11,5.1694,1,0.00854,0.228215359,0.228215359
Cs1,Cs2,5.4923,2,0.01719,0.518546303,1.037092606
Cs3,Cs4,5.4923,2,0.017195000000000002,0.5186971305000001,1.0373942610000002
Cs4,I9,5.5532,1,0.00495,0.1526466,0.1526466
Cs1,I12,5.5532,1,0.00492,0.151721469,0.151721469
Cs3,I10,5.5532,1,0.00492,0.151721469,0.151721469
Cs2,I11,5.5532,1,0.00495,0.1526466,0.1526466
I5,I12,5.5835,1,0.00054,0.016834695,0.016834695
I8,I9,5.5835,1,0.00054,0.016834695,0.016834695
I7,I10,5.5835,1,0.00054,0.016834695,0.016834695
I6,I11,5.5835,1,0.00054,0.016834695,0.016834695
I14,I15,5.6401,2,0.0019,0.060441241,0.120882482
I13,I16,5.6401,2,0.0019,0.060441241,0.120882482
I7,I8,5.8864,2,0.00254,0.088009354,0.176018708
I5,I6,5.8864,2,0.00254,0.088009354,0.176018708
I6,I14,5.9196,1,0.28466,9.974859016,9.974859016
I8,I16,5.9196,1,0.28465,9.974508603,9.974508603
I7,I15,5.9196,1,0.28465,9.974508603,9.974508603
I5,I13,5.9196,1,0.28466,9.974859016,9.974859016
Cs1,I14,6.0258,2,0.001085,0.039396376999999996,0.07879275399999999
Cs2,I13,6.0258,2,0.001085,0.039396376999999996,0.07879275399999999
Cs4,I15,6.0258,2,0.00109,0.039577927,0.079155854
Cs3,I16,6.0258,2,0.00109,0.039577927,0.079155854
I6,I7,6.1584,2,0.00129,0.04892424,0.09784848
I5,I8,6.1584,2,0.00129,0.04892424,0.09784848
Cs4,I12,6.2485,1,0.001,0.039043752,0.039043752
Cs2,I10,6.2485,1,0.00101,0.03943419,0.03943419
Cs1,I9,6.2485,1,0.00101,0.03943419,0.03943419
Cs3,I11,6.2485,1,0.001,0.039043752,0.039043752
I15,I16,6.3292,2,6e-05,0.002403542,0.004807084
I13,I14,6.3292,2,6e-05,0.002403542,0.004807084
I7,I12,6.4389,2,0.00033,0.013681783,0.027363566
I8,I11,6.4389,2,0.00033,0.013681783,0.027363566
I6,I9,6.4389,2,0.00033,0.013681783,0.027363566
I5,I10,6.4389,2,0.00033,0.013681783,0.027363566
I7,I14,6.4729,1,0.00136,0.056981695,0.056981695
I6,I15,6.4729,1,0.00136,0.056981695,0.056981695
I5,I16,6.4729,1,0.00136,0.056981695,0.056981695
I8,I13,6.4729,1,0.00136,0.056981695,0.056981695
Cs1,Cs3,6.5664,4,0.00446,0.192302779,0.769211116
Cs2,Cs4,6.5664,4,0.00446,0.192302779,0.769211116
I6,I8,6.6588,4,0.0011224999999999998,0.049771221000000004,0.19908488400000002
I5,I7,6.6588,4,0.00112,0.049660372,0.198641488
Cs4,I10,6.663,2,0.00048499999999999997,0.0215315275,0.043063055
Cs3,I9,6.663,2,0.00049,0.021753502,0.043507004
Cs1,I11,6.663,2,0.00048499999999999997,0.0215315275,0.043063055
Cs2,I12,6.663,2,0.00049,0.021753502,0.043507004
I13,I14,6.7339,2,0.00134,0.06076357,0.12152714
I15,I16,6.7339,2,0.00134,0.06076357,0.12152714
I6,I11,6.9068,1,0.00372,0.177457943,0.177457943
I7,I10,6.9068,1,0.00372,0.177457943,0.177457943
I5,I12,6.9068,1,0.00371,0.176980905,0.176980905
I8,I9,6.9068,1,0.00372,0.177457943,0.177457943
I9,I11,6.9077,4,0.00028,0.013360608,0.053442432
I10,I12,6.9077,4,0.00028,0.013360608,0.053442432
I10,I16,6.91,2,0.00192,0.091677148,0.183354296
I11,I13,6.91,2,0.001915,0.0914384055,0.182876811
I9,I15,6.91,2,0.00192,0.091677148,0.183354296
I12,I14,6.91,2,0.00191,0.091199663,0.182399326
I9,I12,6.9446,2,0.017395,0.83892649,1.67785298
I10,I11,6.9446,2,0.01739,0.83868535,1.6773707
I7,I12,7.0574,2,0.00074,0.036856789,0.073713578
I8,I11,7.0574,2,0.00074,0.036856789,0.073713578
I5,I10,7.0574,2,0.00074,0.036856789,0.073713578
I6,I9,7.0574,2,0.00074,0.036856789,0.073713578
Cs1,I8,7.1648,1,0.00016,0.008213383,0.008213383
Cs3,I6,7.1648,1,0.00016,0.008213383,0.008213383
Cs4,I5,7.1648,1,0.00016,0.008213383,0.008213383
Cs2,I7,7.1648,1,0.00016,0.008213383,0.008213383
I7,I7,7.2467,2,0.00089,0.046738564,0.093477128
I15,I15,7.2467,2,0.00045,0.023631858,0.047263716
I16,I16,7.2467,2,0.00045,0.023631858,0.047263716
I12,I12,7.2467,2,0.00045,0.023631858,0.047263716
I13,I13,7.2467,2,0.00045,0.023631858,0.047263716
I6,I6,7.2467,2,0.00089,0.046738564,0.093477128
I10,I10,7.2467,2,0.00046,0.024157011,0.048314022
I11,I11,7.2467,2,0.00045,0.023631858,0.047263716
I5,I5,7.2467,2,0.00089,0.046738564,0.093477128
I8,I8,7.2467,2,0.00089,0.046738564,0.093477128
I14,I14,7.2467,2,0.00045,0.023631858,0.047263716
Cs1,Cs1,7.2467,2,0.0013,0.068269813,0.136539626
I9,I9,7.2467,2,0.00046,0.024157011,0.048314022
Cs4,Cs4,7.2467,2,0.00131,0.068794965,0.13758993
Cs2,Cs2,7.2467,2,0.00131,0.068794965,0.13758993
Cs3,Cs3,7.2467,2,0.0013,0.068269813,0.136539626
Cs1,Cs4,7.281,2,0.00126,0.066797065,0.13359413
Cs2,Cs3,7.281,2,0.00126,0.066797065,0.13359413
Cs3,I7,7.4438,1,7e-05,0.003878742,0.003878742
Cs4,I8,7.4438,1,7e-05,0.003878742,0.003878742
Cs2,I6,7.4438,1,7e-05,0.003878742,0.003878742
Cs1,I5,7.4438,1,7e-05,0.003878742,0.003878742
I13,I15,7.6596,4,0.00061,0.035788845,0.14315538
I14,I16,7.6596,4,0.00061,0.035788845,0.14315538
Cs3,I5,7.7752,2,0.00036,0.021763457,0.043526914
Cs2,I8,7.7752,2,0.00036,0.021763457,0.043526914
Cs1,I7,7.7752,2,0.00036,0.021763457,0.043526914
Cs4,I6,7.7752,2,0.000365,0.022065727,0.044131454
I12,I16,7.8061,2,5e-05,0.003046729,0.006093458
I11,I15,7.8061,2,5e-05,0.003046729,0.006093458
I10,I14,7.8061,2,5e-05,0.003046729,0.006093458
I9,I13,7.8061,2,5e-05,0.003046729,0.006093458
I7,I15,7.8297,1,0.00098,0.060077658,0.060077658
I8,I16,7.8297,1,0.00098,0.060077658,0.060077658
I5,I13,7.8297,1,0.00098,0.060077658,0.060077658
I6,I14,7.8297,1,0.00098,0.060077658,0.060077658
I5,I9,7.8501,2,0.00056,0.034509128,0.069018256
I7,I11,7.8501,2,0.00056,0.034509128,0.069018256
I8,I12,7.8501,2,0.00056,0.034509128,0.069018256
I6,I10,7.8501,2,0.00056,0.034509128,0.069018256
Cs2,I15,7.9179,1,0.00032,0.020062008,0.020062008
Cs4,I13,7.9179,1,0.00033,0.020688945,0.020688945
Cs1,I16,7.9179,1,0.00033,0.020688945,0.020688945
Cs3,I14,7.9179,1,0.00033,0.020688945,0.020688945
Cs4,I10,7.9753,2,0.0002,0.012720986,0.025441972
Cs3,I9,7.9753,2,0.0002,0.012720986,0.025441972
Cs2,I12,7.9753,2,0.00021,0.013357036,0.026714072
Cs1,I11,7.9753,2,0.00021,0.013357036,0.026714072
I7,I15,7.9865,1,0.00098,0.062508499,0.062508499
I8,I16,7.9865,1,0.00099,0.06314634,0.06314634
I5,I13,7.9865,1,0.00099,0.06314634,0.06314634
I6,I14,7.9865,1,0.00099,0.06314634,0.06314634
Cs2,I8,8.0267,2,0.000395,0.025449152500000002,0.050898305000000005
Cs3,I5,8.0267,2,0.00039,0.025127011,0.050254022
Cs1,I7,8.0267,2,0.000395,0.025449152500000002,0.050898305000000005
Cs4,I6,8.0267,2,0.000395,0.025449152500000002,0.050898305000000005
Cs3,Cs4,8.0778,2,0.00049,0.03197268,0.06394536
Cs1,Cs2,8.0778,2,0.00049,0.03197268,0.06394536
I5,I11,8.0938,2,0.0001,0.006550911,0.013101822
I7,I9,8.0938,2,0.0001,0.006550911,0.013101822
I8,I10,8.0938,2,0.0001,0.006550911,0.013101822
I6,I12,8.0938,2,0.0001,0.006550911,0.013101822
I9,I15,8.1034,2,0.0001,0.006566444,0.013132888
I11,I13,8.1034,2,0.0001,0.006566444,0.013132888
I12,I14,8.1034,2,0.0001,0.006566444,0.013132888
I10,I16,8.1034,2,0.0001,0.006566444,0.013132888
I10,I15,8.1156,1,0.00133,0.087598821,0.087598821
I12,I13,8.1156,1,0.00133,0.087598821,0.087598821
I9,I16,8.1156,1,0.00133,0.087598821,0.087598821
I11,I14,8.1156,1,0.00133,0.087598821,0.087598821
Cs2,Cs3,8.1504,2,0.00037,0.024578557,0.049157114
Cs1,Cs4,8.1504,2,0.00037,0.024578557,0.049157114
Cs4,I15,8.1576,2,0.00044,0.029280504,0.058561008
Cs2,I13,8.1576,2,0.00044,0.029280504,0.058561008
Cs1,I14,8.1576,2,0.000435,0.028947770999999997,0.057895541999999994
Cs3,I16,8.1576,2,0.00044,0.029280504,0.058561008
Cs4,I16,8.2104,1,0.00025,0.016852749,0.016852749
Cs1,I13,8.2104,1,0.00025,0.016852749,0.016852749
Cs2,I14,8.2104,1,0.00025,0.016852749,0.016852749
Cs3,I15,8.2104,1,0.00025,0.016852749,0.016852749
Cs4,I5,8.2529,2,0.00027,0.018389841,0.036779682
Cs3,I6,8.2529,2,0.000265,0.0180492885,0.036098577
Cs2,I7,8.2529,2,0.00028,0.019070947,0.038141894
Cs1,I8,8.2529,2,0.00027499999999999996,0.018730394,0.037460788
I10,I13,8.283,2,0.00012,0.00823301,0.01646602
I11,I16,8.283,2,0.00012,0.00823301,0.01646602
I12,I15,8.283,2,0.00012,0.00823301,0.01646602
I9,I14,8.283,2,0.00012,0.00823301,0.01646602
Cs4,I16,8.2982,2,0.00045,0.030986981,0.061973962
Cs1,I13,8.2982,2,0.00046,0.03167558,0.06335116
Cs3,I15,8.2982,2,0.00045,0.030986981,0.061973962
Cs2,I14,8.2982,2,0.000465,0.03201988,0.06403976
Cs1,I5,8.2986,2,0.00038,0.026169433,0.052338866
Cs4,I8,8.2986,2,0.00038,0.026169433,0.052338866
Cs2,I6,8.2986,2,0.00038,0.026169433,0.052338866
Cs3,I7,8.2986,2,0.00038,0.026169433,0.052338866
I9,I16,8.3084,2,0.00038,0.026231277,0.052462554
I12,I13,8.3084,2,0.00038,0.026231277,0.052462554
I10,I15,8.3084,2,0.00038,0.026231277,0.052462554
I11,I14,8.3084,2,0.00038,0.026231277,0.052462554
Cs3,I14,8.3324,2,0.0003,0.020828917,0.041657834
Cs4,I13,8.3324,2,0.0003,0.020828917,0.041657834
Cs1,I16,8.3324,2,0.0003,0.020828917,0.041657834
Cs2,I15,8.3324,2,0.0003,0.020828917,0.041657834
I8,I13,8.4236,2,0.00045,0.03193097,0.06386194
I7,I14,8.4236,2,0.00045,0.03193097,0.06386194
I5,I16,8.4236,2,0.00045,0.03193097,0.06386194
I6,I15,8.4236,2,0.00045,0.03193097,0.06386194
I9,I12,8.5576,2,0.00029,0.021237678,0.042475356
I10,I11,8.5576,2,0.00029,0.021237678,0.042475356
Cs4,I9,8.8067,2,0.00016,0.012409246,0.024818492
Cs1,I12,8.8067,2,0.00016,0.012409246,0.024818492
Cs2,I11,8.8067,2,0.000165,0.012797035,0.02559407
Cs3,I10,8.8067,2,0.00016,0.012409246,0.024818492
I5,I6,8.8138,2,0.00025,0.019420635,0.03884127
I7,I8,8.8138,2,0.00025,0.019420635,0.03884127
I8,I12,8.8224,1,0.00018,0.014010349,0.014010349
I7,I11,8.8224,1,0.00018,0.014010349,0.014010349
I6,I10,8.8224,1,0.00018,0.014010349,0.014010349
I5,I9,8.8224,1,0.00018,0.014010349,0.014010349
Cs2,I14,8.8326,1,0.001,0.078014646,0.078014646
Cs4,I16,8.8326,1,0.00101,0.078794793,0.078794793
Cs1,I13,8.8326,1,0.001,0.078014646,0.078014646
Cs3,I15,8.8326,1,0.00101,0.078794793,0.078794793
I10,I14,8.8711,1,9e-05,0.007082613,0.007082613
I9,I13,8.8711,1,9e-05,0.007082613,0.007082613
I11,I15,8.8711,1,9e-05,0.007082613,0.007082613
I12,I16,8.8711,1,9e-05,0.007082613,0.007082613
Cs3,I11,8.9016,2,7e-05,0.005546681,0.011093362
Cs1,I9,8.9016,2,7e-05,0.005546681,0.011093362
Cs4,I12,8.9016,2,7e-05,0.005546681,0.011093362
Cs2,I10,8.9016,2,7e-05,0.005546681,0.011093362
Cs1,I15,8.9463,2,0.00013,0.010404647,0.020809294
Cs2,I16,8.9463,2,0.00013,0.010404647,0.020809294
Cs4,I14,8.9463,2,0.00013,0.010404647,0.020809294
Cs3,I13,8.9463,2,0.00013,0.010404647,0.020809294
I12,I13,9.028,1,0.00012,0.009780466,0.009780466
I9,I16,9.028,1,0.00012,0.009780466,0.009780466
I10,I15,9.028,1,0.00012,0.009780466,0.009780466
I11,I14,9.028,1,0.00012,0.009780466,0.009780466
I6,I13,9.0291,2,2e-05,0.001630504,0.003261008
I8,I15,9.0291,2,2e-05,0.001630504,0.003261008
I5,I14,9.0291,2,2e-05,0.001630504,0.003261008
I7,I16,9.0291,2,2e-05,0.001630504,0.003261008
Cs4,I13,9.0684,1,8e-05,0.006578856,0.006578856
Cs3,I14,9.0684,1,8e-05,0.006578856,0.006578856
Cs1,I16,9.0684,1,8e-05,0.006578856,0.006578856
Cs2,I15,9.0684,1,8e-05,0.006578856,0.006578856
I8,I9,9.086,1,1e-05,0.00082555,0.00082555
I7,I10,9.086,1,1e-05,0.00082555,0.00082555
I6,I11,9.086,1,1e-05,0.00082555,0.00082555
I5,I12,9.086,1,1e-05,0.00082555,0.00082555
Cs1,I7,9.0982,2,0.0003,0.024833228,0.049666456
Cs4,I6,9.0982,2,0.000305,0.025247115,0.05049423
Cs2,I8,9.0982,2,0.000305,0.025247115,0.05049423
Cs3,I5,9.0982,2,0.00031,0.025661002,0.051322004
I11,I12,9.1203,2,1e-05,0.000831799,0.001663598
I9,I10,9.1203,2,1e-05,0.000831799,0.001663598
Cs4,I9,9.1298,2,0.00012,0.010002368,0.020004736
Cs1,I12,9.1298,2,0.00012,0.010002368,0.020004736
Cs2,I11,9.1298,2,0.00012,0.010002368,0.020004736
Cs3,I10,9.1298,2,0.00012,0.010002368,0.020004736
I7,I10,9.1483,2,2e-05,0.001673813,0.003347626
I6,I11,9.1483,2,2e-05,0.001673813,0.003347626
I8,I9,9.1483,2,2e-05,0.001673813,0.003347626
I5,I12,9.1483,2,2e-05,0.001673813,0.003347626
I13,I16,9.183,4,3e-05,0.002529797,0.010119188
I14,I15,9.183,4,3e-05,0.002529797,0.010119188
I7,I11,9.2044,1,0.00015,0.012708009,0.012708009
I6,I10,9.2044,1,0.00015,0.012708009,0.012708009
I8,I12,9.2044,1,0.00015,0.012708009,0.012708009
I5,I9,9.2044,1,0.00015,0.012708009,0.012708009
I12,I16,9.2769,1,8e-05,0.0068849,0.0068849
I11,I15,9.2769,1,8e-05,0.0068849,0.0068849
I9,I13,9.2769,1,8e-05,0.0068849,0.0068849
I10,I14,9.2769,1,8e-05,0.0068849,0.0068849
Cs2,I8,9.3141,2,0.000435,0.0377369955,0.075473991
Cs3,I5,9.3141,2,0.000435,0.0377369955,0.075473991
Cs1,I7,9.3141,2,0.000435,0.0377369955,0.075473991
Cs4,I6,9.3141,2,0.000435,0.0377369955,0.075473991
I5,I6,9.3192,2,2e-05,0.001736961,0.003473922
I7,I8,9.3192,2,2e-05,0.001736961,0.003473922
I8,I16,9.3572,2,2e-05,0.001751133,0.003502266
I5,I13,9.3572,2,2e-05,0.001751133,0.003502266
I7,I15,9.3572,2,2e-05,0.001751133,0.003502266
I6,I14,9.3572,2,2e-05,0.001751133,0.003502266
I12,I14,9.3666,2,5e-05,0.004386641,0.008773282
I9,I15,9.3666,2,5e-05,0.004386641,0.008773282
I11,I13,9.3666,2,5e-05,0.004386641,0.008773282
I10,I16,9.3666,2,5e-05,0.004386641,0.008773282
I7,I15,9.4893,1,2e-05,0.001800932,0.001800932
I6,I14,9.4893,1,2e-05,0.001800932,0.001800932
I8,I16,9.4893,1,2e-05,0.001800932,0.001800932
I5,I13,9.4893,1,2e-05,0.001800932,0.001800932
I13,I15,9.4923,4,0.00099,0.089202722,0.356810888
I14,I16,9.4923,4,0.00099,0.089202722,0.356810888
I5,I8,9.51,4,1e-05,0.000904411,0.003617644
I6,I7,9.51,4,1e-05,0.000904411,0.003617644
Cs3,I8,9.5172,2,0.000145,0.013133816999999999,0.026267633999999998
Cs4,I7,9.5172,2,0.000145,0.013133816999999999,0.026267633999999998
Cs1,I6,9.5172,2,0.000145,0.013133816999999999,0.026267633999999998
Cs2,I5,9.5172,2,0.00015,0.013586707,0.027173414
I6,I16,9.5316,2,2e-05,0.001817017,0.003634034
I7,I13,9.5316,2,2e-05,0.001817017,0.003634034
I5,I15,9.5316,2,2e-05,0.001817017,0.003634034
I8,I14,9.5316,2,2e-05,0.001817017,0.003634034
Cs3,I11,9.5686,2,0.00022,0.020142994,0.040285988
Cs1,I9,9.5686,2,0.00023,0.021058584,0.042117168
Cs4,I12,9.5686,2,0.00022,0.020142994,0.040285988
Cs2,I10,9.5686,2,0.00023,0.021058584,0.042117168
Cs4,I10,9.5812,2,5.5e-05,0.005049009,0.010098018
Cs1,I11,9.5812,2,5.5e-05,0.005049009,0.010098018
Cs3,I9,9.5812,2,5.5e-05,0.005049009,0.010098018
Cs2,I12,9.5812,2,5e-05,0.004590008,0.009180016
I5,I16,9.7167,2,1.5000000000000002e-05,0.0014162055,0.002832411
I7,I14,9.7167,2,2e-05,0.001888274,0.003776548
I8,I13,9.7167,2,2e-05,0.001888274,0.003776548
I6,I15,9.7167,2,1e-05,0.000944137,0.001888274
I5,I8,9.7973,2,0.00208,0.199654364,0.399308728
I6,I7,9.7973,2,0.00208,0.199654364,0.399308728
Cs1,I10,9.8598,2,9e-05,0.008749356,0.017498712
Cs2,I9,9.8598,2,9e-05,0.008749356,0.017498712
Cs4,I11,9.8598,2,0.0001,0.009721506,0.019443012
Cs3,I12,9.8598,2,0.0001,0.009721506,0.019443012
I7,I10,9.9541,1,0.00922,0.913548123,0.913548123
I6,I11,9.9541,1,0.00922,0.913548123,0.913548123
I8,I9,9.9541,1,0.00922,0.913548123,0.913548123
I5,I12,9.9541,1,0.00922,0.913548123,0.913548123
TOTAL,,,,,,133.50039165100003
