sides_over_a,n_loops,Omega_per_e,C_imag,sum_abs_C,fraction_of_total
"1.000, 1.732, 2.000",504,0.10511307523732635,3.0504644646106565,3.0504644646106565,
"1.000, 1.000, 1.732",288,0.09135892298184614,2.651308102745526,2.651308102745526,
"1.000, 1.732, 2.646",432,-0.02497007434774686,-0.7246512796291905,0.7246512796291904,
"1.732, 2.000, 2.646",360,0.02074445237795161,0.6020203925522503,0.6020203925522503,
"1.000, 4.583, 5.000",144,-0.019805256810123517,-0.5747641953711591,0.5747641953711591,
"1.000, 4.000, 4.583",144,-0.013207561602204437,-0.3832938693946028,0.3832938693946028,
"1.000, 3.464, 3.606",288,-0.004427659494757853,-0.12849417562619828,0.3516362362767296,
"1.000, 2.646, 3.000",288,-0.007889819753609912,-0.22896880084832372,0.33154760323732757,
"2.646, 4.583, 5.292",144,-0.010544484114073095,-0.3060092573165374,0.3060092573165374,
"1.000, 5.196, 5.292",72,-0.01045210315514833,-0.30332828892349606,0.30332828892349606,
"2.646, 5.000, 5.196",72,-0.010145102787150704,-0.29441889576679575,0.2944188957667958,
"1.000, 4.359, 4.583",144,-0.009882541011401558,-0.2867991456559797,0.28679914565597964,
"1.732, 2.646, 4.000",216,-0.009572155680311974,-0.277791518196813,0.277791518196813,
"1.000, 3.000, 3.606",216,-0.0076081014159627754,-0.22079311218084374,0.25981787656378663,
"1.732, 1.732, 1.732",156,-0.0024048930185452348,-0.06979189484941849,0.23935606432756373,
"1.000, 2.646, 3.464",288,-0.005381740262632095,-0.1561823530693726,0.23444866177957616,
"2.646, 4.000, 5.196",72,-0.008054345840084963,-0.23374347782509794,0.23374347782509794,
"1.732, 2.000, 3.606",288,0.008029447144182918,0.23302089800433973,0.23302089800433973,
"2.646, 2.646, 4.583",144,-0.007711514694778473,-0.22379424721075233,0.22379424721075233,
"4.000, 4.583, 5.000",72,-0.007312043173483304,-0.2122012681490747,0.2122012681490747,
"1.732, 5.000, 5.292",72,-0.007060372128689618,-0.2048975756523875,0.20489757565238753,
"1.732, 2.646, 3.606",288,0.006891135647651416,0.19998619930499026,0.1999861993049903,
"2.000, 3.606, 4.583",144,-0.006749052771352488,-0.19586284201379725,0.19586284201379725,
"1.732, 3.606, 4.359",144,-0.006249462261766601,-0.18136433083516795,0.18136433083516795,
"1.732, 4.583, 5.196",144,-0.003717534845728937,-0.10788579743522715,0.16327552791381567,
"2.646, 3.606, 4.583",144,-0.005223401531571408,-0.15158723803366814,0.15158723803366816,
"2.000, 2.000, 3.464",144,-0.0004777418055482879,-0.013864444530745468,0.14083081678076564,
"2.646, 3.464, 5.000",144,-0.003893581854481412,-0.11299482067603635,0.1390606835462962,
"1.732, 3.606, 5.000",144,0.004076228475046129,0.11829536986419333,0.11829536986419333,
"3.606, 4.000, 4.583",72,-0.003956280153554057,-0.11481437483598084,0.11481437483598082,
"1.732, 3.606, 3.606",108,0.0037934342326490667,0.11008845759109112,0.11008845759109114,
"3.606, 4.359, 4.583",72,-0.0037182000521744966,-0.1079051022516758,0.10790510225167578,
"3.606, 3.606, 5.196",36,-0.003712423631078821,-0.10773746594910164,0.10773746594910164,
"1.000, 4.359, 5.196",72,-0.0035795412971560505,-0.10388111566450835,0.10388111566450833,
"1.732, 1.732, 3.000",288,-0.00047276373105177604,-0.01371997687703533,0.09974304449686885,
"1.732, 3.464, 4.583",288,-0.002216325854437286,-0.06431952681142734,0.09929100981652796,
"2.000, 3.464, 4.000",144,0.002008482384460565,0.05828774515216318,0.09054687626041383,
"1.000, 4.583, 5.292",72,-0.0030273847255182004,-0.08785709584699669,0.08785709584699669,
"1.000, 3.606, 4.583",144,-0.0028898816595194824,-0.08386664826797702,0.083866648267977,
"2.000, 2.646, 3.000",216,-0.0012400933885757348,-0.035988489596635594,0.08226945362136122,
"2.646, 3.000, 4.359",144,-0.0027418493188846546,-0.07957063282270414,0.07957063282270416,
"2.646, 4.359, 4.583",72,-0.002627570724138559,-0.07625417774276738,0.07625417774276738,
"1.732, 2.646, 2.646",180,-0.0026223289070234673,-0.07610205606995482,0.07610205606995482,
"3.000, 3.606, 5.292",72,-0.002614649324246808,-0.0758791885122286,0.0758791885122286,
"3.000, 4.359, 5.000",72,-0.0025936353444635718,-0.07526934622149477,0.07526934622149475,
"1.732, 4.000, 4.359",144,0.0025112086030137973,0.07287725708169478,0.07287725708169478,
"2.646, 3.464, 3.606",216,-0.0018031964299773484,-0.052330184612517205,0.07240140000942541,
"3.464, 4.000, 5.292",72,-0.0024245364593503517,-0.07036196301651759,0.07036196301651759,
"3.000, 3.606, 4.000",144,-0.0023728321102724423,-0.0688614619687471,0.0688614619687471,
"2.000, 3.606, 5.196",72,0.0023240847861177374,0.06744677611978833,0.06744677611978832,
"2.000, 4.359, 4.583",72,-0.0023021417143329666,-0.06680997084534732,0.06680997084534732,
"3.464, 4.583, 5.196",72,-0.0020207650858357893,-0.058644198847290545,0.058644198847290545,
"2.000, 3.000, 4.359",72,-0.0020147776480929943,-0.05847043867495017,0.058470438674950165,
"1.732, 4.583, 4.583",108,9.10625097921449e-05,0.0026427059578650347,0.04880028375927686,
"1.000, 3.464, 4.359",144,0.0004481694022085826,0.013006230028722506,0.03828650672581466,
"1.732, 3.000, 3.464",360,-0.0008943446072754979,-0.02595458688132159,0.03578537404227536,
"3.000, 4.583, 4.583",72,-0.001209563966089526,-0.03510250164310082,0.03510250164310082,
"4.583, 4.583, 4.583",24,-0.0010557072215126668,-0.03063745739515436,0.03063745739515436,
"1.732, 4.359, 5.292",72,0.001012790675687956,0.029391985338642537,0.029391985338642537,
"2.646, 3.000, 3.606",144,0.0009593592544621129,0.027841363293049495,0.027841363293049495,
"3.000, 3.464, 4.583",216,-0.0007784523537650379,-0.022591302149530496,0.027274820145916354,
"2.000, 2.646, 4.583",144,0.0008666476019000705,0.025150797909463316,0.025150797909463313,
"2.000, 3.464, 5.292",72,-0.0007745618045853987,-0.022478395339473673,0.022478395339473673,
"2.646, 2.646, 3.464",108,-0.0005447138061747715,-0.015808024885270423,0.01974686336477833,
"3.464, 3.606, 4.359",72,-0.0006017573443727832,-0.017463473418346004,0.017463473418346004,
"1.732, 3.000, 4.583",216,0.000390798053550109,0.01134126817717052,0.017077116503247836,
"3.000, 3.000, 5.196",72,-0.000562035454629309,-0.016310712804539683,0.016767054644103815,
"3.464, 4.359, 4.359",36,-0.0005755184577307553,-0.016702000203793626,0.01670200020379363,
"1.732, 3.606, 5.292",72,-0.000445322637487483,-0.012923614668062426,0.012923614668062426,
"1.732, 2.646, 4.359",144,0.0003142649868736956,0.00912021813428134,0.009120218134281342,
"3.464, 3.464, 3.464",48,0.00011329903077915882,0.003288027359929461,0.0034209023574182356,
"2.646, 2.646, 5.196",36,4.785338502873627e-05,0.0013887430294652332,0.0013887430294652332,
"2.646, 3.000, 5.292",72,3.898280393428105e-05,0.001131311759873058,0.001131311759873058,
