,inter_metric,motifs,motif_metric
0,-0.04264901516031647,"[[np.int64(0), np.int64(1), np.int64(2), np.int64(3)], [4], [5], [6]]",[0.01659603 0.01252742 0.12856787 0.1285689 ]
1,-0.041783513222349716,"[[np.int64(0), 2, 3], [np.int64(1), 5], [4], [6]]",[0.01432297 0.12997542 0.01252742 0.1285689 ]
2,-0.041783258250983585,"[[np.int64(0), 2, 3], [np.int64(1), 6], [4], [5]]",[0.01432297 0.1299762  0.01252742 0.12856787]
3,-0.041646789658983024,"[[np.int64(0), 2, 3, 4], [np.int64(1)], [5], [6]]",[0.02634229 0.00177893 0.12856787 0.1285689 ]
4,-0.04161609930266094,"[[np.int64(0), np.int64(1), 3], [2, 4], [5], [6]]",[0.01266049 0.01543003 0.12856787 0.1285689 ]
5,-0.04161483197376101,"[[np.int64(0), np.int64(1), np.int64(2)], [3, 4], [5], [6]]",[0.01265827 0.01543099 0.12856787 0.1285689 ]
6,-0.041596666344490746,"[[np.int64(0), 2, 3], [np.int64(1)], [4, 5], [6]]",[0.01432297 0.00177893 0.14053706 0.1285689 ]
7,-0.041596549347450135,"[[np.int64(0), 2, 3], [np.int64(1)], [4, 6], [5]]",[0.01432297 0.00177893 0.14053797 0.12856787]
8,-0.04120153107319077,"[[np.int64(0), np.int64(1)], [2, 3, 4], [5], [6]]",[0.00903255 0.01864341 0.12856787 0.1285689 ]
9,-0.041200235824455506,"[[np.int64(0), 2, 3], [np.int64(1)], [4], [5, 6]]",[0.01432297 0.00177893 0.01252742 0.25618211]
10,-0.04107185469093297,"[[np.int64(0), np.int64(1), 3], [2, 6], [4], [5]]",[0.01266049 0.13092727 0.01252742 0.12856787]
11,-0.041070598939252106,"[[np.int64(0), np.int64(1), np.int64(2)], [3, 5], [4], [6]]",[0.01265827 0.13092721 0.01252742 0.1285689 ]
12,-0.04099831299846643,"[[np.int64(0), np.int64(1), 3], [2], [4, 5], [6]]",[0.01266049 0.00284306 0.14053706 0.1285689 ]
13,-0.04099819600142582,"[[np.int64(0), np.int64(1), 3], [2], [4, 6], [5]]",[0.01266049 0.00284306 0.14053797 0.12856787]
14,-0.040997078905061074,"[[np.int64(0), np.int64(1), np.int64(2)], [3], [4, 5], [6]]",[0.01265827 0.00284404 0.14053706 0.1285689 ]
15,-0.04099696190802046,"[[np.int64(0), np.int64(1), np.int64(2)], [3], [4, 6], [5]]",[0.01265827 0.00284404 0.14053797 0.12856787]
16,-0.04084877125956296,"[[np.int64(0), 3], [np.int64(1), 5], [np.int64(2), 4], [6]]",[0.01048561 0.12997542 0.01543003 0.1285689 ]
17,-0.04084851628819694,"[[np.int64(0), 3], [np.int64(1), 6], [np.int64(2), 4], [5]]",[0.01048561 0.1299762  0.01543003 0.12856787]
18,-0.04084849069392174,"[[np.int64(0), 2], [np.int64(1), 5], [3, 4], [6]]",[0.01048438 0.12997542 0.01543099 0.1285689 ]
19,-0.040848235722555665,"[[np.int64(0), 2], [np.int64(1), 6], [3, 4], [5]]",[0.01048438 0.1299762  0.01543099 0.12856787]
20,-0.040701276193912256,"[[np.int64(0), 2], [np.int64(1), 3], [4, 5], [6]]",[0.01048438 0.00472214 0.14053706 0.1285689 ]
21,-0.0407011591968717,"[[np.int64(0), 2], [np.int64(1), 3], [4, 6], [5]]",[0.01048438 0.00472214 0.14053797 0.12856787]
22,-0.04070053676080007,"[[np.int64(0), 3], [np.int64(1), 2], [4, 5], [6]]",[0.01048561 0.00472016 0.14053706 0.1285689 ]
23,-0.04070041976375946,"[[np.int64(0), 3], [np.int64(1), 2], [4, 6], [5]]",[0.01048561 0.00472016 0.14053797 0.12856787]
24,-0.04069187122812648,"[[np.int64(0), 2, 4], [np.int64(1), 3], [5], [6]]",[0.02244416 0.00472214 0.12856787 0.1285689 ]
25,-0.04069109855951955,"[[np.int64(0), 3, 4], [np.int64(1), 2], [5], [6]]",[0.02244537 0.00472016 0.12856787 0.1285689 ]
26,-0.040601882478431245,"[[np.int64(0), np.int64(1), 3], [2], [4], [5, 6]]",[0.01266049 0.00284306 0.01252742 0.25618211]
27,-0.040600648385025945,"[[np.int64(0), np.int64(1), np.int64(2)], [3], [4], [5, 6]]",[0.01265827 0.00284404 0.01252742 0.25618211]
28,-0.04053336368822033,"[[np.int64(0)], [np.int64(1), 5], [np.int64(2), 3, 4], [6]]",[0.00695682 0.12997542 0.01864341 0.1285689 ]
29,-0.0405331087168542,"[[np.int64(0)], [np.int64(1), 6], [np.int64(2), 3, 4], [5]]",[0.00695682 0.1299762  0.01864341 0.12856787]
30,-0.040524216488717985,"[[np.int64(0), np.int64(1)], [2, 3], [4, 5], [6]]",[0.00903255 0.00599691 0.14053706 0.1285689 ]
31,-0.040524099491677484,"[[np.int64(0), np.int64(1)], [2, 3], [4, 6], [5]]",[0.00903255 0.00599691 0.14053797 0.12856787]
32,-0.04042476156730687,"[[np.int64(0)], [np.int64(1), 2, 3], [4, 5], [6]]",[0.00695682 0.00797317 0.14053706 0.1285689 ]
33,-0.04042464457026637,"[[np.int64(0)], [np.int64(1), 2, 3], [4, 6], [5]]",[0.00695682 0.00797317 0.14053797 0.12856787]
34,-0.040403418317540435,"[[np.int64(0), 2], [np.int64(1), 3, 5], [4], [6]]",[0.01048438 0.13243392 0.01252742 0.1285689 ]
35,-0.040402445571337736,"[[np.int64(0), 3], [np.int64(1), 2, 6], [4], [5]]",[0.01048561 0.13243274 0.01252742 0.12856787]
36,-0.0403557950857483,"[[np.int64(0), 4], [np.int64(1), 2, 3], [5], [6]]",[0.01885705 0.00797317 0.12856787 0.1285689 ]
37,-0.04034749056013917,"[[np.int64(0), np.int64(1)], [2, 4], [3, 5], [6]]",[0.00903255 0.01543003 0.13092721 0.1285689 ]
38,-0.0403474789829201,"[[np.int64(0), np.int64(1)], [2, 6], [3, 4], [5]]",[0.00903255 0.13092727 0.01543099 0.12856787]
39,-0.04030484567387713,"[[np.int64(0), 2], [np.int64(1), 3], [4], [5, 6]]",[0.01048438 0.00472214 0.01252742 0.25618211]
40,-0.040304526647834876,"[[np.int64(0), 3], [np.int64(1), 5], [np.int64(2), 6], [4]]",[0.01048561 0.12997542 0.13092727 0.01252742]
41,-0.04030410624076494,"[[np.int64(0), 3], [np.int64(1), 2], [4], [5, 6]]",[0.01048561 0.00472016 0.01252742 0.25618211]
42,-0.04030400268804671,"[[np.int64(0), 2], [np.int64(1), 6], [3, 5], [4]]",[0.01048438 0.1299762  0.13092721 0.01252742]
43,-0.04026549386166886,"[[np.int64(0), 3], [np.int64(1)], [np.int64(2), 4], [5, 6]]",[0.01048561 0.00177893 0.01543003 0.25618211]
44,-0.04026521329602764,"[[np.int64(0), 2], [np.int64(1)], [3, 4], [5, 6]]",[0.01048438 0.00177893 0.01543099 0.25618211]
45,-0.04023086795832784,"[[np.int64(0), 3], [np.int64(1), 5], [np.int64(2)], [4, 6]]",[0.01048561 0.12997542 0.00284306 0.14053797]
46,-0.04023072998400232,"[[np.int64(0), 3], [np.int64(1), 6], [np.int64(2)], [4, 5]]",[0.01048561 0.1299762  0.00284306 0.14053706]
47,-0.04023062062818125,"[[np.int64(0), 2], [np.int64(1), 5], [3], [4, 6]]",[0.01048438 0.12997542 0.00284404 0.14053797]
48,-0.04023048265385573,"[[np.int64(0), 2], [np.int64(1), 6], [3], [4, 5]]",[0.01048438 0.1299762  0.00284404 0.14053706]
49,-0.04022154675408787,"[[np.int64(0), 3, 4], [np.int64(1), 5], [np.int64(2)], [6]]",[0.02244537 0.12997542 0.00284306 0.1285689 ]
50,-0.04022133265943603,"[[np.int64(0), 2, 4], [np.int64(1), 5], [3], [6]]",[0.02244416 0.12997542 0.00284404 0.1285689 ]
51,-0.04022129178272185,"[[np.int64(0), 3, 4], [np.int64(1), 6], [np.int64(2)], [5]]",[0.02244537 0.1299762  0.00284306 0.12856787]
52,-0.040221077688069956,"[[np.int64(0), 2, 4], [np.int64(1), 6], [3], [5]]",[0.02244416 0.1299762  0.00284404 0.12856787]
53,-0.040177124288708205,"[[np.int64(0), 3], [np.int64(1)], [np.int64(2), 4, 6], [5]]",[0.01048561 0.00177893 0.14295591 0.12856787]
54,-0.04017693906183198,"[[np.int64(0), 2], [np.int64(1)], [3, 4, 5], [6]]",[0.01048438 0.00177893 0.14295593 0.1285689 ]
55,-0.040127785968682855,"[[np.int64(0), np.int64(1)], [2, 3], [4], [5, 6]]",[0.00903255 0.00599691 0.01252742 0.25618211]
56,-0.04011767976997602,"[[np.int64(0), 3], [np.int64(1)], [np.int64(2), 6], [4, 5]]",[0.01048561 0.00177893 0.13092727 0.14053706]
57,-0.040117293784513314,"[[np.int64(0), 2], [np.int64(1)], [3, 5], [4, 6]]",[0.01048438 0.00177893 0.13092721 0.14053797]
58,-0.04010824156869555,"[[np.int64(0), 3, 4], [np.int64(1)], [np.int64(2), 6], [5]]",[0.02244537 0.00177893 0.13092727 0.12856787]
59,-0.040108005815768094,"[[np.int64(0), 2, 4], [np.int64(1)], [3, 5], [6]]",[0.02244416 0.00177893 0.13092721 0.1285689 ]
60,-0.04002833104727174,"[[np.int64(0)], [np.int64(1), 2, 3], [4], [5, 6]]",[0.00695682 0.00797317 0.01252742 0.25618211]
61,-0.03995008629032623,"[[np.int64(0)], [np.int64(1)], [np.int64(2), 3, 4], [5, 6]]",[0.00695682 0.00177893 0.01864341 0.25618211]
62,-0.03987754000591301,"[[np.int64(0), np.int64(1)], [2, 4], [3], [5, 6]]",[0.00903255 0.01543003 0.00284404 0.25618211]
63,-0.03987750677041832,"[[np.int64(0), np.int64(1)], [2], [3, 4], [5, 6]]",[0.00903255 0.00284306 0.01543099 0.25618211]
64,-0.0398559321067071,"[[np.int64(0)], [np.int64(1), 5], [np.int64(2), 3], [4, 6]]",[0.00695682 0.12997542 0.00599691 0.14053797]
65,-0.03985579413238152,"[[np.int64(0)], [np.int64(1), 6], [np.int64(2), 3], [4, 5]]",[0.00695682 0.1299762  0.00599691 0.14053706]
66,-0.03980324594841109,"[[np.int64(0), np.int64(1)], [2, 6], [3, 5], [4]]",[0.00903255 0.13092727 0.13092721 0.01252742]
67,-0.03978923253622266,"[[np.int64(0), np.int64(1)], [2], [3, 4, 5], [6]]",[0.00903255 0.00284306 0.14295593 0.1285689 ]
68,-0.03978917043295235,"[[np.int64(0), np.int64(1)], [2, 4, 6], [3], [5]]",[0.00903255 0.14295591 0.00284404 0.12856787]
69,-0.039787082622189024,"[[np.int64(0), 4], [np.int64(1), 5], [np.int64(2), 3], [6]]",[0.01885705 0.12997542 0.00599691 0.1285689 ]
70,-0.03978682765082295,"[[np.int64(0), 4], [np.int64(1), 6], [np.int64(2), 3], [5]]",[0.01885705 0.1299762  0.00599691 0.12856787]
71,-0.039778483833296324,"[[np.int64(0)], [np.int64(1), 3, 5], [np.int64(2), 4], [6]]",[0.00695682 0.13243392 0.01543003 0.1285689 ]
72,-0.039777230521452406,"[[np.int64(0)], [np.int64(1), 2, 6], [3, 4], [5]]",[0.00695682 0.13243274 0.01543099 0.12856787]
73,-0.039729725914220165,"[[np.int64(0), np.int64(1)], [2, 6], [3], [4, 5]]",[0.00903255 0.13092727 0.00284404 0.14053706]
74,-0.03972958725890405,"[[np.int64(0), np.int64(1)], [2], [3, 5], [4, 6]]",[0.00903255 0.00284306 0.13092721 0.14053797]
75,-0.03967991118963307,"[[np.int64(0)], [np.int64(1), 3], [np.int64(2), 4], [5, 6]]",[0.00695682 0.00472214 0.01543003 0.25618211]
76,-0.03967931159794966,"[[np.int64(0)], [np.int64(1), 5], [np.int64(2), 6], [np.int64(3), 4]]",[0.00695682 0.12997542 0.13092727 0.01543099]
77,-0.03967906820380271,"[[np.int64(0)], [np.int64(1), 6], [np.int64(2), 4], [np.int64(3), 5]]",[0.00695682 0.1299762  0.01543003 0.13092721]
78,-0.03967889119087961,"[[np.int64(0)], [np.int64(1), 2], [3, 4], [5, 6]]",[0.00695682 0.00472016 0.01543099 0.25618211]
79,-0.03963826935619383,"[[np.int64(0), 3, 4], [np.int64(1)], [np.int64(2)], [5, 6]]",[0.02244537 0.00177893 0.00284306 0.25618211]
80,-0.03963805526154193,"[[np.int64(0), 2, 4], [np.int64(1)], [3], [5, 6]]",[0.02244416 0.00177893 0.00284404 0.25618211]
81,-0.039591541616672415,"[[np.int64(0)], [np.int64(1), 3], [np.int64(2), 4, 6], [5]]",[0.00695682 0.00472214 0.14295591 0.12856787]
82,-0.03959061695668395,"[[np.int64(0)], [np.int64(1), 2], [3, 4, 5], [6]]",[0.00695682 0.00472016 0.14295593 0.1285689 ]
83,-0.03953209709794023,"[[np.int64(0)], [np.int64(1), 3], [np.int64(2), 6], [4, 5]]",[0.00695682 0.00472214 0.13092727 0.14053706]
84,-0.039530971679365284,"[[np.int64(0)], [np.int64(1), 2], [3, 5], [4, 6]]",[0.00695682 0.00472016 0.13092721 0.14053797]
85,-0.03946313061638154,"[[np.int64(0), 4], [np.int64(1), 3], [np.int64(2), 6], [5]]",[0.01885705 0.00472214 0.13092727 0.12856787]
86,-0.039462921553404334,"[[np.int64(0), 3], [np.int64(1), 5, 6], [np.int64(2)], [4]]",[0.01048561 0.25721803 0.00284306 0.01252742]
87,-0.039462674223257804,"[[np.int64(0), 2], [np.int64(1), 5, 6], [3], [4]]",[0.01048438 0.25721803 0.00284404 0.01252742]
88,-0.039462122194847266,"[[np.int64(0), 4], [np.int64(1), 2], [3, 5], [6]]",[0.01885705 0.00472016 0.13092721 0.1285689 ]
89,-0.039234239221568296,"[[np.int64(0)], [np.int64(1), 3, 5], [np.int64(2), 6], [4]]",[0.00695682 0.13243392 0.13092727 0.01252742]
90,-0.039232997486943505,"[[np.int64(0)], [np.int64(1), 2, 6], [3, 5], [4]]",[0.00695682 0.13243274 0.13092721 0.01252742]
91,-0.03920380522429487,"[[np.int64(0), 4], [np.int64(1)], [np.int64(2), 3], [5, 6]]",[0.01885705 0.00177893 0.00599691 0.25618211]
92,-0.039160580532061146,"[[np.int64(0)], [np.int64(1), 3, 5], [np.int64(2)], [4, 6]]",[0.00695682 0.13243392 0.00284306 0.14053797]
93,-0.03915947745275247,"[[np.int64(0)], [np.int64(1), 2, 6], [3], [4, 5]]",[0.00695682 0.13243274 0.00284404 0.14053706]
94,-0.03912100304798191,"[[np.int64(0)], [np.int64(1), 5], [np.int64(2), 4, 6], [np.int64(3)]]",[0.00695682 0.12997542 0.14295591 0.00284404]
95,-0.039120810179886195,"[[np.int64(0)], [np.int64(1), 6], [np.int64(2)], [np.int64(3), 4, 5]]",[0.00695682 0.1299762  0.00284306 0.14295593]
96,-0.03909173104754313,"[[np.int64(0), 4], [np.int64(1), 3, 5], [np.int64(2)], [6]]",[0.01885705 0.13243392 0.00284306 0.1285689 ]
97,-0.039090510971193954,"[[np.int64(0), 4], [np.int64(1), 2, 6], [3], [5]]",[0.01885705 0.13243274 0.00284404 0.12856787]
98,-0.03908936577201186,"[[np.int64(0), 3], [np.int64(1)], [np.int64(2)], [4, 5, 6]]",[0.01048561 0.00177893 0.00284306 0.26759296]
99,-0.03908911844186527,"[[np.int64(0), 2], [np.int64(1)], [3], [4, 5, 6]]",[0.01048438 0.00177893 0.00284404 0.26759296]
100,-0.039087985701783484,"[[np.int64(0)], [np.int64(1), 5, 6], [np.int64(2), 3], [4]]",[0.00695682 0.25721803 0.00599691 0.01252742]
101,-0.039007759965859895,"[[np.int64(0)], [np.int64(1)], [np.int64(2), 6], [np.int64(3), 4, 5]]",[0.00695682 0.00177893 0.13092727 0.14295593]
102,-0.039007676204313974,"[[np.int64(0)], [np.int64(1)], [np.int64(2), 4, 6], [np.int64(3), 5]]",[0.00695682 0.00177893 0.14295591 0.13092721]
103,-0.038993158403879874,"[[np.int64(0), 4], [np.int64(1), 3], [np.int64(2)], [5, 6]]",[0.01885705 0.00472214 0.00284306 0.25618211]
104,-0.038992592047691205,"[[np.int64(0), 4], [np.int64(1), 5], [np.int64(2), 6], [np.int64(3)]]",[0.01885705 0.12997542 0.13092727 0.00284404]
105,-0.03899231541804951,"[[np.int64(0), 4], [np.int64(1), 6], [np.int64(2)], [np.int64(3), 5]]",[0.01885705 0.1299762  0.00284306 0.13092721]
106,-0.038992171640621104,"[[np.int64(0), 4], [np.int64(1), 2], [3], [5, 6]]",[0.01885705 0.00472016 0.00284404 0.25618211]
107,-0.03890268625863555,"[[np.int64(0), 2, 3], [np.int64(1), 4], [5], [6]]",[0.01432297 0.01105414 0.12856787 0.1285689 ]
108,-0.038879265204023156,"[[np.int64(0), 4], [np.int64(1)], [np.int64(2), 6], [np.int64(3), 5]]",[0.01885705 0.00177893 0.13092727 0.13092721]
109,-0.03883773973901375,"[[np.int64(0)], [np.int64(1), 5, 6], [np.int64(2), 4], [np.int64(3)]]",[0.00695682 0.25721803 0.01543003 0.00284404]
110,-0.03883770650351906,"[[np.int64(0)], [np.int64(1), 5, 6], [np.int64(2)], [np.int64(3), 4]]",[0.00695682 0.25721803 0.00284306 0.01543099]
111,-0.038714429920391064,"[[np.int64(0)], [np.int64(1)], [np.int64(2), 3], [4, 5, 6]]",[0.00695682 0.00177893 0.00599691 0.26759296]
112,-0.03870141191625601,"[[np.int64(0), np.int64(1)], [2], [3], [4, 5, 6]]",[0.00903255 0.00284306 0.00284404 0.26759296]
113,-0.03850378309997601,"[[np.int64(0)], [np.int64(1), 3], [np.int64(2)], [4, 5, 6]]",[0.00695682 0.00472214 0.00284306 0.26759296]
114,-0.0385027963367173,"[[np.int64(0)], [np.int64(1), 2], [3], [4, 5, 6]]",[0.00695682 0.00472016 0.00284404 0.26759296]
115,-0.038150986953260496,"[[np.int64(0), 4], [np.int64(1), 5, 6], [np.int64(2)], [np.int64(3)]]",[0.01885705 0.25721803 0.00284306 0.00284404]
116,-0.03806682438833517,"[[np.int64(0), 2], [np.int64(1), 3, 4], [5], [6]]",[0.01048438 0.01405688 0.12856787 0.1285689 ]
117,-0.03806611819071773,"[[np.int64(0), 3], [np.int64(1), 2, 4], [5], [6]]",[0.01048561 0.01405493 0.12856787 0.1285689 ]
118,-0.03784987127750264,"[[np.int64(0)], [np.int64(1), 2, 3, 4], [5], [6]]",[0.00695682 0.01736747 0.12856787 0.1285689 ]
119,-0.037736669922908944,"[[np.int64(0), np.int64(1), 3, 4], [2], [5], [6]]",[0.02136804 0.00284306 0.12856787 0.1285689 ]
120,-0.037735469064998334,"[[np.int64(0), np.int64(1), np.int64(2), 4], [3], [5], [6]]",[0.02136585 0.00284404 0.12856787 0.1285689 ]
121,-0.03742369968412082,"[[np.int64(0), 3], [np.int64(1), 4], [np.int64(2), 6], [5]]",[0.01048561 0.01105414 0.13092727 0.12856787]
122,-0.03742343069569873,"[[np.int64(0), 2], [np.int64(1), 4], [3, 5], [6]]",[0.01048438 0.01105414 0.13092721 0.1285689 ]
123,-0.037203045132882445,"[[np.int64(0), np.int64(1), 4], [2, 3], [5], [6]]",[0.01768057 0.00599691 0.12856787 0.1285689 ]
124,-0.03697878008109143,"[[np.int64(0), 3], [np.int64(1), 4, 5], [np.int64(2)], [6]]",[0.01048561 0.13869241 0.00284306 0.1285689 ]
125,-0.03697853275094484,"[[np.int64(0), 2], [np.int64(1), 4, 5], [3], [6]]",[0.01048438 0.13869241 0.00284404 0.1285689 ]
126,-0.036978408112684796,"[[np.int64(0), 3], [np.int64(1), 4, 6], [np.int64(2)], [5]]",[0.01048561 0.13869307 0.00284306 0.12856787]
127,-0.03697816078253821,"[[np.int64(0), 2], [np.int64(1), 4, 6], [3], [5]]",[0.01048438 0.13869307 0.00284404 0.12856787]
128,-0.0369537274716191,"[[np.int64(0), 3], [np.int64(1), 4], [np.int64(2)], [5, 6]]",[0.01048561 0.01105414 0.00284306 0.25618211]
129,-0.03695348014147251,"[[np.int64(0), 2], [np.int64(1), 4], [3], [5, 6]]",[0.01048438 0.01105414 0.00284404 0.25618211]
130,-0.03689764529236314,"[[np.int64(0)], [np.int64(1), 3, 4], [np.int64(2), 6], [5]]",[0.00695682 0.01405688 0.13092727 0.12856787]
131,-0.03689667010632344,"[[np.int64(0)], [np.int64(1), 2, 4], [3, 5], [6]]",[0.00695682 0.01405493 0.13092721 0.1285689 ]
132,-0.03660384422947069,"[[np.int64(0)], [np.int64(1), 4, 5], [np.int64(2), 3], [6]]",[0.00695682 0.13869241 0.00599691 0.1285689 ]
133,-0.036603472261064,"[[np.int64(0)], [np.int64(1), 4, 6], [np.int64(2), 3], [5]]",[0.00695682 0.13869307 0.00599691 0.12856787]
134,-0.0365787916199983,"[[np.int64(0)], [np.int64(1), 4], [np.int64(2), 3], [5, 6]]",[0.00695682 0.01105414 0.00599691 0.25618211]
135,-0.03642767307986142,"[[np.int64(0)], [np.int64(1), 3, 4], [np.int64(2)], [5, 6]]",[0.00695682 0.01405688 0.00284306 0.25618211]
136,-0.036426719552097336,"[[np.int64(0)], [np.int64(1), 2, 4], [3], [5, 6]]",[0.00695682 0.01405493 0.00284404 0.25618211]
137,-0.036408554558384515,"[[np.int64(0), np.int64(1), 4], [2, 6], [3], [5]]",[0.01768057 0.13092727 0.00284404 0.12856787]
138,-0.03640853290010901,"[[np.int64(0), np.int64(1), 4], [2], [3, 5], [6]]",[0.01768057 0.00284306 0.13092721 0.1285689 ]
139,-0.03625425159972659,"[[np.int64(0)], [np.int64(1), 4], [np.int64(2), 6], [np.int64(3), 5]]",[0.00695682 0.01105414 0.13092727 0.13092721]
140,-0.035968020935102846,"[[np.int64(0)], [np.int64(1), 3, 4, 5], [np.int64(2)], [6]]",[0.00695682 0.14121044 0.00284306 0.1285689 ]
141,-0.03596671709720775,"[[np.int64(0)], [np.int64(1), 2, 4, 6], [3], [5]]",[0.00695682 0.14120917 0.00284404 0.12856787]
142,-0.03593858234588285,"[[np.int64(0), np.int64(1), 4], [2], [3], [5, 6]]",[0.01768057 0.00284306 0.00284404 0.25618211]
143,-0.03580935365497276,"[[np.int64(0)], [np.int64(1), 4, 5], [np.int64(2), 6], [np.int64(3)]]",[0.00695682 0.13869241 0.13092727 0.00284404]
144,-0.035808960028290565,"[[np.int64(0)], [np.int64(1), 4, 6], [np.int64(2)], [np.int64(3), 5]]",[0.00695682 0.13869307 0.00284306 0.13092721]
145,-0.0355484245448994,"[[np.int64(0), np.int64(1), 3], [2, 5], [4], [6]]",[0.01266049 0.12540281 0.01252742 0.1285689 ]
146,-0.03554796045492373,"[[np.int64(0), np.int64(1), np.int64(2)], [3, 6], [4], [5]]",[0.01265827 0.1254056  0.01252742 0.12856787]
147,-0.034880524861846035,"[[np.int64(0), 2], [np.int64(1), 3, 6], [4], [5]]",[0.01048438 0.12691206 0.01252742 0.12856787]
148,-0.03487927039667024,"[[np.int64(0), 3], [np.int64(1), 2, 5], [4], [6]]",[0.01048561 0.12690854 0.01252742 0.1285689 ]
149,-0.03482485207581085,"[[np.int64(0), np.int64(1)], [2, 4], [3, 6], [5]]",[0.00903255 0.01543003 0.1254056  0.12856787]
150,-0.03482404883688647,"[[np.int64(0), np.int64(1)], [2, 5], [3, 4], [6]]",[0.00903255 0.12540281 0.01543099 0.1285689 ]
151,-0.03478161917508446,"[[np.int64(0), 2], [np.int64(1), 5], [3, 6], [4]]",[0.01048438 0.12997542 0.1254056  0.01252742]
152,-0.034780841530435286,"[[np.int64(0), 3], [np.int64(1), 6], [np.int64(2), 5], [4]]",[0.01048561 0.1299762  0.12540281 0.01252742]
153,-0.0346541835804631,"[[np.int64(0), 2], [np.int64(1)], [3, 4, 6], [5]]",[0.01048438 0.00177893 0.1374342  0.12856787]
154,-0.03465381113971519,"[[np.int64(0), 3], [np.int64(1)], [np.int64(2), 4, 5], [6]]",[0.01048561 0.00177893 0.13743156 0.1285689 ]
155,-0.0345947722972256,"[[np.int64(0), 2], [np.int64(1)], [3, 6], [4, 5]]",[0.01048438 0.00177893 0.1254056  0.14053706]
156,-0.034594132626901836,"[[np.int64(0), 3], [np.int64(1)], [np.int64(2), 5], [4, 6]]",[0.01048561 0.00177893 0.12540281 0.14053797]
157,-0.034590414942625464,"[[np.int64(0), np.int64(1)], [2, 3, 6], [4], [5]]",[0.00903255 0.12807378 0.01252742 0.12856787]
158,-0.03458962328092016,"[[np.int64(0), np.int64(1)], [2, 3, 5], [4], [6]]",[0.00903255 0.12807196 0.01252742 0.1285689 ]
159,-0.03458536733143977,"[[np.int64(0), 2, 4], [np.int64(1)], [3, 6], [5]]",[0.02244416 0.00177893 0.1254056  0.12856787]
160,-0.034584811422661926,"[[np.int64(0), 3, 4], [np.int64(1)], [np.int64(2), 5], [6]]",[0.02244537 0.00177893 0.12540281 0.1285689 ]
161,-0.03440940677507978,"[[np.int64(0)], [np.int64(1), 4, 5, 6], [np.int64(2)], [np.int64(3)]]",[0.00695682 0.26537668 0.00284306 0.00284404]
162,-0.03426647705485389,"[[np.int64(0), np.int64(1)], [2], [3, 4, 6], [5]]",[0.00903255 0.00284306 0.1374342  0.12856787]
163,-0.034265857283959394,"[[np.int64(0), np.int64(1)], [2, 4, 5], [3], [6]]",[0.00903255 0.13743156 0.00284404 0.1285689 ]
164,-0.034255590377601924,"[[np.int64(0)], [np.int64(1), 3, 6], [np.int64(2), 4], [5]]",[0.00695682 0.12691206 0.01543003 0.12856787]
165,-0.03425405534678491,"[[np.int64(0)], [np.int64(1), 2, 5], [3, 4], [6]]",[0.00695682 0.12690854 0.01543099 0.1285689 ]
166,-0.03420706577161628,"[[np.int64(0), np.int64(1)], [2], [3, 6], [4, 5]]",[0.00903255 0.00284306 0.1254056  0.14053706]
167,-0.034206178771145984,"[[np.int64(0), np.int64(1)], [2, 5], [3], [4, 6]]",[0.00903255 0.12540281 0.00284404 0.14053797]
168,-0.03415668469084046,"[[np.int64(0)], [np.int64(1), 5], [np.int64(2), 4], [np.int64(3), 6]]",[0.00695682 0.12997542 0.01543003 0.1254056 ]
169,-0.03415562648055001,"[[np.int64(0)], [np.int64(1), 6], [np.int64(2), 5], [np.int64(3), 4]]",[0.00695682 0.1299762  0.12540281 0.01543099]
170,-0.03411932713928542,"[[np.int64(0)], [np.int64(1), 2, 3, 6], [4], [5]]",[0.00695682 0.12967841 0.01252742 0.12856787]
171,-0.03411879044894614,"[[np.int64(0)], [np.int64(1), 2, 3, 5], [4], [6]]",[0.00695682 0.12967685 0.01252742 0.1285689 ]
172,-0.0340682284676794,"[[np.int64(0)], [np.int64(1), 3], [np.int64(2), 4, 5], [6]]",[0.00695682 0.00472214 0.13743156 0.1285689 ]
173,-0.034067861475315125,"[[np.int64(0)], [np.int64(1), 2], [3, 4, 6], [5]]",[0.00695682 0.00472016 0.1374342  0.12856787]
174,-0.034008549954866046,"[[np.int64(0)], [np.int64(1), 3], [np.int64(2), 5], [4, 6]]",[0.00695682 0.00472214 0.12540281 0.14053797]
175,-0.034008450192077516,"[[np.int64(0)], [np.int64(1), 2], [3, 6], [4, 5]]",[0.00695682 0.00472016 0.1254056  0.14053706]
176,-0.03393970047034797,"[[np.int64(0), 4], [np.int64(1), 3], [np.int64(2), 5], [6]]",[0.01885705 0.00472214 0.12540281 0.1285689 ]
177,-0.033939483710519,"[[np.int64(0), 4], [np.int64(1), 2], [3, 6], [5]]",[0.01885705 0.00472016 0.1254056  0.12856787]
178,-0.03392224755765502,"[[np.int64(0)], [np.int64(1), 5], [np.int64(2), 3, 6], [4]]",[0.00695682 0.12997542 0.12807378 0.01252742]
179,-0.03392120092458359,"[[np.int64(0)], [np.int64(1), 6], [np.int64(2), 3, 5], [4]]",[0.00695682 0.1299762  0.12807196 0.01252742]
180,-0.033854373478806404,"[[np.int64(0)], [np.int64(1)], [np.int64(2), 3, 4, 6], [5]]",[0.00695682 0.00177893 0.14016194 0.12856787]
181,-0.03385369881414166,"[[np.int64(0)], [np.int64(1)], [np.int64(2), 3, 4, 5], [6]]",[0.00695682 0.00177893 0.14016024 0.1285689 ]
182,-0.03373540067979605,"[[np.int64(0)], [np.int64(1)], [np.int64(2), 3, 6], [4, 5]]",[0.00695682 0.00177893 0.12807378 0.14053706]
183,-0.03373449202105025,"[[np.int64(0)], [np.int64(1)], [np.int64(2), 3, 5], [4, 6]]",[0.00695682 0.00177893 0.12807196 0.14053797]
184,-0.033713637022959514,"[[np.int64(0), 2], [np.int64(1)], [3, 5, 6], [4]]",[0.01048438 0.00177893 0.25253411 0.01252742]
185,-0.03371313600795198,"[[np.int64(0), 3], [np.int64(1)], [np.int64(2), 5, 6], [4]]",[0.01048561 0.00177893 0.25253237 0.01252742]
186,-0.03366643419823742,"[[np.int64(0), 4], [np.int64(1)], [np.int64(2), 3, 6], [5]]",[0.01885705 0.00177893 0.12807378 0.12856787]
187,-0.033665642536532175,"[[np.int64(0), 4], [np.int64(1)], [np.int64(2), 3, 5], [6]]",[0.01885705 0.00177893 0.12807196 0.1285689 ]
188,-0.0336378040734073,"[[np.int64(0)], [np.int64(1), 3, 6], [np.int64(2)], [4, 5]]",[0.00695682 0.12691206 0.00284306 0.14053706]
189,-0.03363618528104437,"[[np.int64(0)], [np.int64(1), 2, 5], [3], [4, 6]]",[0.00695682 0.12690854 0.00284404 0.14053797]
190,-0.03359830966988339,"[[np.int64(0)], [np.int64(1), 5], [np.int64(2)], [np.int64(3), 4, 6]]",[0.00695682 0.12997542 0.00284306 0.1374342 ]
191,-0.03359743492762288,"[[np.int64(0)], [np.int64(1), 6], [np.int64(2), 4, 5], [np.int64(3)]]",[0.00695682 0.1299762  0.13743156 0.00284404]
192,-0.03356883759184878,"[[np.int64(0), 4], [np.int64(1), 3, 6], [np.int64(2)], [5]]",[0.01885705 0.12691206 0.00284306 0.12856787]
193,-0.033567335796526404,"[[np.int64(0), 4], [np.int64(1), 2, 5], [3], [6]]",[0.01885705 0.12690854 0.00284404 0.1285689 ]
194,-0.03346993190508726,"[[np.int64(0), 4], [np.int64(1), 5], [np.int64(2)], [np.int64(3), 6]]",[0.01885705 0.12997542 0.00284306 0.1254056 ]
195,-0.03346890693029156,"[[np.int64(0), 4], [np.int64(1), 6], [np.int64(2), 5], [np.int64(3)]]",[0.01885705 0.1299762  0.12540281 0.00284404]
196,-0.03332593049735019,"[[np.int64(0), np.int64(1)], [2], [3, 5, 6], [4]]",[0.00903255 0.00284306 0.25253411 0.01252742]
197,-0.033325182152196126,"[[np.int64(0), np.int64(1)], [2, 5, 6], [3], [4]]",[0.00903255 0.25253237 0.00284404 0.01252742]
198,-0.03312755333591613,"[[np.int64(0)], [np.int64(1), 3], [np.int64(2), 5, 6], [4]]",[0.00695682 0.00472214 0.25253237 0.01252742]
199,-0.033127314917811485,"[[np.int64(0)], [np.int64(1), 2], [3, 5, 6], [4]]",[0.00695682 0.00472016 0.25253411 0.01252742]
200,-0.03308870253871546,"[[np.int64(0)], [np.int64(1)], [np.int64(2), 4], [np.int64(3), 5, 6]]",[0.00695682 0.00177893 0.01543003 0.25253411]
201,-0.03308792095806665,"[[np.int64(0)], [np.int64(1)], [np.int64(2), 5, 6], [np.int64(3), 4]]",[0.00695682 0.00177893 0.25253237 0.01543099]
202,-0.03240194975296226,"[[np.int64(0), 4], [np.int64(1)], [np.int64(2)], [np.int64(3), 5, 6]]",[0.01885705 0.00177893 0.00284306 0.25253411]
203,-0.03240120140780814,"[[np.int64(0), 4], [np.int64(1)], [np.int64(2), 5, 6], [np.int64(3)]]",[0.01885705 0.00177893 0.25253237 0.00284404]
204,-0.03238529088857847,"[[np.int64(0)], [np.int64(1), 3, 5, 6], [np.int64(2)], [4]]",[0.00695682 0.25366919 0.00284306 0.01252742]
205,-0.032383555780165635,"[[np.int64(0)], [np.int64(1), 2, 5, 6], [3], [4]]",[0.00695682 0.25366646 0.00284404 0.01252742]
206,-0.03197210272933662,"[[np.int64(0)], [np.int64(1)], [np.int64(2)], [np.int64(3), 4, 5, 6]]",[0.00695682 0.00177893 0.00284306 0.26400448]
207,-0.03197138761967719,"[[np.int64(0)], [np.int64(1)], [np.int64(2), 4, 5, 6], [np.int64(3)]]",[0.00695682 0.00177893 0.26400278 0.00284404]
208,-0.031900792211370405,"[[np.int64(0), 2], [np.int64(1), 4], [3, 6], [5]]",[0.01048438 0.01105414 0.1254056  0.12856787]
209,-0.031900269538087195,"[[np.int64(0), 3], [np.int64(1), 4], [np.int64(2), 5], [6]]",[0.01048561 0.01105414 0.12540281 0.1285689 ]
210,-0.031374215146329515,"[[np.int64(0)], [np.int64(1), 3, 4], [np.int64(2), 5], [6]]",[0.00695682 0.01405688 0.12540281 0.1285689 ]
211,-0.03137403162199523,"[[np.int64(0)], [np.int64(1), 2, 4], [3, 6], [5]]",[0.00695682 0.01405493 0.1254056  0.12856787]
212,-0.03104142059394091,"[[np.int64(0)], [np.int64(1), 4], [np.int64(2), 3, 6], [5]]",[0.00695682 0.01105414 0.12807378 0.12856787]
213,-0.031040628932235553,"[[np.int64(0)], [np.int64(1), 4], [np.int64(2), 3, 5], [6]]",[0.00695682 0.01105414 0.12807196 0.1285689 ]
214,-0.030885894415780685,"[[np.int64(0), np.int64(1), 4], [2], [3, 6], [5]]",[0.01768057 0.00284306 0.1254056  0.12856787]
215,-0.030885124412351,"[[np.int64(0), np.int64(1), 4], [2, 5], [3], [6]]",[0.01768057 0.12540281 0.00284404 0.1285689 ]
216,-0.03044501048236789,"[[np.int64(0)], [np.int64(1), 3, 4, 6], [np.int64(2)], [5]]",[0.00695682 0.13568846 0.00284306 0.12856787]
217,-0.030443658919580757,"[[np.int64(0)], [np.int64(1), 2, 4, 5], [3], [6]]",[0.00695682 0.13568509 0.00284404 0.1285689 ]
218,-0.030286693512368873,"[[np.int64(0)], [np.int64(1), 4, 5], [np.int64(2)], [np.int64(3), 6]]",[0.00695682 0.13869241 0.00284306 0.1254056 ]
219,-0.030285551540532557,"[[np.int64(0)], [np.int64(1), 4, 6], [np.int64(2), 5], [np.int64(3)]]",[0.00695682 0.13869307 0.12540281 0.00284404]
220,-0.029776936148665695,"[[np.int64(0)], [np.int64(1), 4], [np.int64(2)], [np.int64(3), 5, 6]]",[0.00695682 0.01105414 0.00284306 0.25253411]
221,-0.029776187803511572,"[[np.int64(0)], [np.int64(1), 4], [np.int64(2), 5, 6], [np.int64(3)]]",[0.00695682 0.01105414 0.25253237 0.00284404]
222,-0.029439063850446673,"[[np.int64(0), 6], [np.int64(1), 2, 3], [4], [5]]",[0.1239818  0.00797317 0.01252742 0.12856787]
223,-0.029437277054467775,"[[np.int64(0), 5], [np.int64(1), 2, 3], [4], [6]]",[0.12397898 0.00797317 0.01252742 0.1285689 ]
224,-0.02936081909350116,"[[np.int64(0), 6], [np.int64(1)], [np.int64(2), 3, 4], [5]]",[0.1239818  0.00177893 0.01864341 0.12856787]
225,-0.02935903229752221,"[[np.int64(0), 5], [np.int64(1)], [np.int64(2), 3, 4], [6]]",[0.12397898 0.00177893 0.01864341 0.1285689 ]
226,-0.029230895381096772,"[[np.int64(0), 2, 6], [np.int64(1), 3], [4], [5]]",[0.12702467 0.00472214 0.01252742 0.12856787]
227,-0.029228347493730128,"[[np.int64(0), 3, 5], [np.int64(1), 2], [4], [6]]",[0.12702307 0.00472016 0.01252742 0.1285689 ]
228,-0.02919126300324723,"[[np.int64(0), 2, 6], [np.int64(1)], [3, 4], [5]]",[0.12702467 0.00177893 0.01543099 0.12856787]
229,-0.029189735114634047,"[[np.int64(0), 3, 5], [np.int64(1)], [np.int64(2), 4], [6]]",[0.12702307 0.00177893 0.01543003 0.1285689 ]
230,-0.029166885889928856,"[[np.int64(0), np.int64(1), 6], [2, 3], [4], [5]]",[0.12568589 0.00599691 0.01252742 0.12856787]
231,-0.029165354065316035,"[[np.int64(0), np.int64(1), 5], [2, 3], [4], [6]]",[0.12568333 0.00599691 0.01252742 0.1285689 ]
232,-0.029155065210316605,"[[np.int64(0), np.int64(1), np.int64(2), 6], [3], [4], [5]]",[0.12882693 0.00284404 0.01252742 0.12856787]
233,-0.029154745820833522,"[[np.int64(0), np.int64(1), 3, 5], [2], [4], [6]]",[0.12882657 0.00284306 0.01252742 0.1285689 ]
234,-0.029090643992808002,"[[np.int64(0), 6], [np.int64(1), 3], [np.int64(2), 4], [5]]",[0.1239818  0.00472214 0.01543003 0.12856787]
235,-0.029089623994054542,"[[np.int64(0), 6], [np.int64(1), 2], [3, 4], [5]]",[0.1239818  0.00472016 0.01543099 0.12856787]
236,-0.02908885719682905,"[[np.int64(0), 5], [np.int64(1), 3], [np.int64(2), 4], [6]]",[0.12397898 0.00472214 0.01543003 0.1285689 ]
237,-0.0290878371980757,"[[np.int64(0), 5], [np.int64(1), 2], [3, 4], [6]]",[0.12397898 0.00472016 0.01543099 0.1285689 ]
238,-0.028916639927159066,"[[np.int64(0), np.int64(1), 6], [2, 4], [3], [5]]",[0.12568589 0.01543003 0.00284404 0.12856787]
239,-0.02891660669166432,"[[np.int64(0), np.int64(1), 6], [2], [3, 4], [5]]",[0.12568589 0.00284306 0.01543099 0.12856787]
240,-0.028915108102546244,"[[np.int64(0), np.int64(1), 5], [2, 4], [3], [6]]",[0.12568333 0.01543003 0.00284404 0.1285689 ]
241,-0.028915074867051554,"[[np.int64(0), np.int64(1), 5], [2], [3, 4], [6]]",[0.12568333 0.00284306 0.01543099 0.1285689 ]
242,-0.0288703513868874,"[[np.int64(0), 6], [np.int64(1), 5], [np.int64(2), 3], [4]]",[0.1239818  0.12997542 0.00599691 0.01252742]
243,-0.028868309619542426,"[[np.int64(0), 5], [np.int64(1), 6], [np.int64(2), 3], [4]]",[0.12397898 0.1299762  0.00599691 0.01252742]
244,-0.028760356812406324,"[[np.int64(0), 2, 6], [np.int64(1), 5], [3], [4]]",[0.12702467 0.12997542 0.00284404 0.01252742]
245,-0.028758540716932374,"[[np.int64(0), 3, 5], [np.int64(1), 6], [np.int64(2)], [4]]",[0.12702307 0.1299762  0.00284306 0.01252742]
246,-0.02875717731804925,"[[np.int64(0), np.int64(1)], [2, 5], [3, 6], [4]]",[0.00903255 0.12540281 0.1254056  0.01252742]
247,-0.02868350450902843,"[[np.int64(0), 6], [np.int64(1)], [np.int64(2), 3], [4, 5]]",[0.1239818  0.00177893 0.00599691 0.14053706]
248,-0.02868160071600892,"[[np.int64(0), 5], [np.int64(1)], [np.int64(2), 3], [4, 6]]",[0.12397898 0.00177893 0.00599691 0.14053797]
249,-0.02864702996873833,"[[np.int64(0), 2, 6], [np.int64(1)], [3, 5], [4]]",[0.12702467 0.00177893 0.13092721 0.01252742]
250,-0.028645490502905963,"[[np.int64(0), 3, 5], [np.int64(1)], [np.int64(2), 6], [4]]",[0.12702307 0.00177893 0.13092727 0.01252742]
251,-0.028620105424117553,"[[np.int64(0), 6], [np.int64(1), 5], [np.int64(2), 4], [np.int64(3)]]",[0.1239818  0.12997542 0.01543003 0.00284404]
252,-0.02862007218862292,"[[np.int64(0), 6], [np.int64(1), 5], [np.int64(2)], [np.int64(3), 4]]",[0.1239818  0.12997542 0.00284306 0.01543099]
253,-0.028618063656772635,"[[np.int64(0), 5], [np.int64(1), 6], [np.int64(2), 4], [np.int64(3)]]",[0.12397898 0.1299762  0.01543003 0.00284404]
254,-0.028618030421277946,"[[np.int64(0), 5], [np.int64(1), 6], [np.int64(2)], [np.int64(3), 4]]",[0.12397898 0.1299762  0.00284306 0.01543099]
255,-0.02857350993454741,"[[np.int64(0), 2, 6], [np.int64(1)], [3], [4, 5]]",[0.12702467 0.00177893 0.00284404 0.14053706]
256,-0.028571831813398868,"[[np.int64(0), 3, 5], [np.int64(1)], [np.int64(2)], [4, 6]]",[0.12702307 0.00177893 0.00284306 0.14053797]
257,-0.028545390959545586,"[[np.int64(0), 6], [np.int64(1), 2], [3, 5], [4]]",[0.1239818  0.00472016 0.13092721 0.01252742]
258,-0.028544612585100965,"[[np.int64(0), 5], [np.int64(1), 3], [np.int64(2), 6], [4]]",[0.12397898 0.00472214 0.13092727 0.01252742]
259,-0.02850677858044956,"[[np.int64(0), 6], [np.int64(1)], [np.int64(2), 4], [np.int64(3), 5]]",[0.1239818  0.00177893 0.01543003 0.13092721]
260,-0.028504980207251535,"[[np.int64(0), 5], [np.int64(1)], [np.int64(2), 6], [np.int64(3), 4]]",[0.12397898 0.00177893 0.13092727 0.01543099]
261,-0.02847285768861338,"[[np.int64(0), 6], [np.int64(1), 3], [np.int64(2)], [4, 5]]",[0.1239818  0.00472214 0.00284306 0.14053706]
262,-0.02847187092535461,"[[np.int64(0), 6], [np.int64(1), 2], [3], [4, 5]]",[0.1239818  0.00472016 0.00284404 0.14053706]
263,-0.028470953895593926,"[[np.int64(0), 5], [np.int64(1), 3], [np.int64(2)], [4, 6]]",[0.12397898 0.00472214 0.00284306 0.14053797]
264,-0.028469967132335156,"[[np.int64(0), 5], [np.int64(1), 2], [3], [4, 6]]",[0.12397898 0.00472016 0.00284404 0.14053797]
265,-0.028372373657155364,"[[np.int64(0), np.int64(1), 6], [2], [3, 5], [4]]",[0.12568589 0.00284306 0.13092721 0.01252742]
266,-0.02837086349081816,"[[np.int64(0), np.int64(1), 5], [2, 6], [3], [4]]",[0.12568333 0.13092727 0.00284404 0.01252742]
267,-0.028298853622964387,"[[np.int64(0), np.int64(1), 6], [2], [3], [4, 5]]",[0.12568589 0.00284306 0.00284404 0.14053706]
268,-0.02829720480131101,"[[np.int64(0), np.int64(1), 5], [2], [3], [4, 6]]",[0.12568333 0.00284306 0.00284404 0.14053797]
269,-0.028187915619840326,"[[np.int64(0)], [np.int64(1), 3, 6], [np.int64(2), 5], [4]]",[0.00695682 0.12691206 0.12540281 0.01252742]
270,-0.02818718382794763,"[[np.int64(0)], [np.int64(1), 2, 5], [3, 6], [4]]",[0.00695682 0.12690854 0.1254056  0.01252742]
271,-0.028174999812241502,"[[np.int64(0), 6], [np.int64(1), 3, 5], [np.int64(2)], [4]]",[0.1239818  0.13243392 0.00284306 0.01252742]
272,-0.028171992939913376,"[[np.int64(0), 5], [np.int64(1), 2, 6], [3], [4]]",[0.12397898 0.13243274 0.00284404 0.01252742]
273,-0.028056196242007475,"[[np.int64(0), 4, 6], [np.int64(1)], [np.int64(2), 3], [5]]",[0.13532368 0.00177893 0.00599691 0.12856787]
274,-0.028054526443069133,"[[np.int64(0), 4, 5], [np.int64(1)], [np.int64(2), 3], [6]]",[0.13532098 0.00177893 0.00599691 0.1285689 ]
275,-0.028005763183299143,"[[np.int64(0), 2, 4, 6], [np.int64(1)], [3], [5]]",[0.13842611 0.00177893 0.00284404 0.12856787]
276,-0.02800428582073719,"[[np.int64(0), 3, 4, 5], [np.int64(1)], [np.int64(2)], [6]]",[0.13842459 0.00177893 0.00284306 0.1285689 ]
277,-0.02796172457099269,"[[np.int64(0)], [np.int64(1)], [np.int64(2), 4, 5], [np.int64(3), 6]]",[0.00695682 0.00177893 0.13743156 0.1254056 ]
278,-0.027961574338457446,"[[np.int64(0)], [np.int64(1)], [np.int64(2), 5], [np.int64(3), 4, 6]]",[0.00695682 0.00177893 0.12540281 0.1374342 ]
279,-0.027948520556533046,"[[np.int64(0), 6], [np.int64(1)], [np.int64(2)], [np.int64(3), 4, 5]]",[0.1239818  0.00177893 0.00284306 0.14295593]
280,-0.0279466716572839,"[[np.int64(0), 5], [np.int64(1)], [np.int64(2), 4, 6], [np.int64(3)]]",[0.12397898 0.00177893 0.14295591 0.00284404]
281,-0.027845549421592425,"[[np.int64(0), 4, 6], [np.int64(1), 3], [np.int64(2)], [5]]",[0.13532368 0.00472214 0.00284306 0.12856787]
282,-0.027844562658333655,"[[np.int64(0), 4, 6], [np.int64(1), 2], [3], [5]]",[0.13532368 0.00472016 0.00284404 0.12856787]
283,-0.027843879622654083,"[[np.int64(0), 4, 5], [np.int64(1), 3], [np.int64(2)], [6]]",[0.13532098 0.00472214 0.00284306 0.1285689 ]
284,-0.027842892859395313,"[[np.int64(0), 4, 5], [np.int64(1), 2], [3], [6]]",[0.13532098 0.00472016 0.00284404 0.1285689 ]
285,-0.027833196573661317,"[[np.int64(0), 4], [np.int64(1)], [np.int64(2), 5], [np.int64(3), 6]]",[0.01885705 0.00177893 0.12540281 0.1254056 ]
286,-0.027375010852902032,"[[np.int64(0), 4, 6], [np.int64(1), 5], [np.int64(2)], [np.int64(3)]]",[0.13532368 0.12997542 0.00284306 0.00284404]
287,-0.02737308608259767,"[[np.int64(0), 4, 5], [np.int64(1), 6], [np.int64(2)], [np.int64(3)]]",[0.13532098 0.1299762  0.00284306 0.00284404]
288,-0.027261684009233983,"[[np.int64(0), 4, 6], [np.int64(1)], [np.int64(2)], [np.int64(3), 5]]",[0.13532368 0.00177893 0.00284306 0.13092721]
289,-0.02726003586857126,"[[np.int64(0), 4, 5], [np.int64(1)], [np.int64(2), 6], [np.int64(3)]]",[0.13532098 0.00177893 0.13092727 0.00284404]
290,-0.02684615216354122,"[[np.int64(0)], [np.int64(1)], [np.int64(2), 3, 5, 6], [4]]",[0.00695682 0.00177893 0.24919417 0.01252742]
291,-0.025989524423173233,"[[np.int64(0), 6], [np.int64(1), 4], [np.int64(2), 3], [5]]",[0.1239818  0.01105414 0.00599691 0.12856787]
292,-0.025987737627194335,"[[np.int64(0), 5], [np.int64(1), 4], [np.int64(2), 3], [6]]",[0.12397898 0.01105414 0.00599691 0.1285689 ]
293,-0.025879529848692157,"[[np.int64(0), 2, 6], [np.int64(1), 4], [3], [5]]",[0.12702467 0.01105414 0.00284404 0.12856787]
294,-0.025877968724584283,"[[np.int64(0), 3, 5], [np.int64(1), 4], [np.int64(2)], [6]]",[0.12702307 0.01105414 0.00284306 0.1285689 ]
295,-0.02583840588303629,"[[np.int64(0), 6], [np.int64(1), 3, 4], [np.int64(2)], [5]]",[0.1239818  0.01405688 0.00284306 0.12856787]
296,-0.02583745235527221,"[[np.int64(0), 6], [np.int64(1), 2, 4], [3], [5]]",[0.1239818  0.01405493 0.00284404 0.12856787]
297,-0.02583661908705745,"[[np.int64(0), 5], [np.int64(1), 3, 4], [np.int64(2)], [6]]",[0.12397898 0.01405688 0.00284306 0.1285689 ]
298,-0.02583566555929337,"[[np.int64(0), 5], [np.int64(1), 2, 4], [3], [6]]",[0.12397898 0.01405493 0.00284404 0.1285689 ]
299,-0.025208182969364695,"[[np.int64(0)], [np.int64(1), 4], [np.int64(2), 5], [np.int64(3), 6]]",[0.00695682 0.01105414 0.12540281 0.1254056 ]
300,-0.025195012190399796,"[[np.int64(0), 6], [np.int64(1), 4], [np.int64(2)], [np.int64(3), 5]]",[0.1239818  0.01105414 0.00284306 0.13092721]
301,-0.02519324705269646,"[[np.int64(0), 5], [np.int64(1), 4], [np.int64(2), 6], [np.int64(3)]]",[0.12397898 0.01105414 0.13092727 0.00284404]
302,-0.02475011424564602,"[[np.int64(0), 6], [np.int64(1), 4, 5], [np.int64(2)], [np.int64(3)]]",[0.1239818  0.13869241 0.00284306 0.00284404]
303,-0.024747955481260492,"[[np.int64(0), 5], [np.int64(1), 4, 6], [np.int64(2)], [np.int64(3)]]",[0.12397898 0.13869307 0.00284306 0.00284404]
304,-0.02441934048166647,"[[np.int64(0), np.int64(1), 4, 6], [2], [3], [5]]",[0.13377557 0.00284306 0.00284404 0.12856787]
305,-0.024417925654094147,"[[np.int64(0), np.int64(1), 4, 5], [2], [3], [6]]",[0.13377312 0.00284306 0.00284404 0.1285689 ]
306,-0.02411894229311609,"[[np.int64(0), 2, 3, 6], [np.int64(1)], [4], [5]]",[0.12485592 0.00177893 0.01252742 0.12856787]
307,-0.024116363835431892,"[[np.int64(0), 2, 3, 5], [np.int64(1)], [4], [6]]",[0.12485231 0.00177893 0.01252742 0.1285689 ]
308,-0.0237074958053807,"[[np.int64(0), 3, 6], [np.int64(1), 2], [4], [5]]",[0.12150324 0.00472016 0.01252742 0.12856787]
309,-0.023705678439084304,"[[np.int64(0), 2, 5], [np.int64(1), 3], [4], [6]]",[0.12149842 0.00472214 0.01252742 0.1285689 ]
310,-0.02366888342628462,"[[np.int64(0), 3, 6], [np.int64(1)], [np.int64(2), 4], [5]]",[0.12150324 0.00177893 0.01543003 0.12856787]
311,-0.02366604606123482,"[[np.int64(0), 2, 5], [np.int64(1)], [3, 4], [6]]",[0.12149842 0.00177893 0.01543099 0.1285689 ]
312,-0.02363363916111813,"[[np.int64(0), np.int64(1), 3, 6], [2], [4], [5]]",[0.12330649 0.00284306 0.01252742 0.12856787]
313,-0.02363010323967027,"[[np.int64(0), np.int64(1), np.int64(2), 5], [3], [4], [6]]",[0.12330094 0.00284404 0.01252742 0.1285689 ]
314,-0.023237943999949023,"[[np.int64(0), 3, 6], [np.int64(1), 5], [np.int64(2)], [4]]",[0.12150324 0.12997542 0.00284306 0.01252742]
315,-0.02323488489902778,"[[np.int64(0), 2, 5], [np.int64(1), 6], [3], [4]]",[0.12149842 0.1299762  0.00284404 0.01252742]
316,-0.023051097122090053,"[[np.int64(0), 3, 6], [np.int64(1)], [np.int64(2)], [4, 5]]",[0.12150324 0.00177893 0.00284306 0.14053706]
317,-0.02304817599549433,"[[np.int64(0), 2, 5], [np.int64(1)], [3], [4, 6]]",[0.12149842 0.00177893 0.00284404 0.14053797]
318,-0.023022969235046292,"[[np.int64(0), 6], [np.int64(1), 3], [np.int64(2), 5], [4]]",[0.1239818  0.00472214 0.12540281 0.01252742]
319,-0.023020965679238364,"[[np.int64(0), 5], [np.int64(1), 2], [3, 6], [4]]",[0.12397898 0.00472016 0.1254056  0.01252742]
320,-0.022983336857196862,"[[np.int64(0), 6], [np.int64(1)], [np.int64(2), 5], [np.int64(3), 4]]",[0.1239818  0.00177893 0.12540281 0.01543099]
321,-0.02298235330014234,"[[np.int64(0), 5], [np.int64(1)], [np.int64(2), 4], [np.int64(3), 6]]",[0.12397898 0.00177893 0.01543003 0.1254056 ]
322,-0.022848965169397356,"[[np.int64(0), np.int64(1), 6], [2, 5], [3], [4]]",[0.12568589 0.12540281 0.00284404 0.01252742]
323,-0.02284820334821422,"[[np.int64(0), np.int64(1), 5], [2], [3, 6], [4]]",[0.12568333 0.00284306 0.1254056  0.01252742]
324,-0.022748911301230496,"[[np.int64(0), 6], [np.int64(1)], [np.int64(2), 3, 5], [4]]",[0.1239818  0.00177893 0.12807196 0.01252742]
325,-0.022747916166956955,"[[np.int64(0), 5], [np.int64(1)], [np.int64(2), 3, 6], [4]]",[0.12397898 0.00177893 0.12807378 0.01252742]
326,-0.022650604561224724,"[[np.int64(0), 6], [np.int64(1), 2, 5], [3], [4]]",[0.1239818  0.12690854 0.00284404 0.01252742]
327,-0.022650319560568205,"[[np.int64(0), 5], [np.int64(1), 3, 6], [np.int64(2)], [4]]",[0.12397898 0.12691206 0.00284306 0.01252742]
328,-0.02248331713534721,"[[np.int64(0), 3, 4, 6], [np.int64(1)], [np.int64(2)], [5]]",[0.13290466 0.00177893 0.00284306 0.12856787]
329,-0.022480663238327286,"[[np.int64(0), 2, 4, 5], [np.int64(1)], [3], [6]]",[0.13289998 0.00177893 0.00284404 0.1285689 ]
330,-0.022425145304269783,"[[np.int64(0), 6], [np.int64(1)], [np.int64(2), 4, 5], [np.int64(3)]]",[0.1239818  0.00177893 0.13743156 0.00284404]
331,-0.022423978279185325,"[[np.int64(0), 5], [np.int64(1)], [np.int64(2)], [np.int64(3), 4, 6]]",[0.12397898 0.00177893 0.00284306 0.1374342 ]
332,-0.021738275521475975,"[[np.int64(0), 4, 6], [np.int64(1)], [np.int64(2), 5], [np.int64(3)]]",[0.13532368 0.00177893 0.12540281 0.00284404]
333,-0.02173737572596743,"[[np.int64(0), 4, 5], [np.int64(1)], [np.int64(2)], [np.int64(3), 6]]",[0.13532098 0.00177893 0.00284306 0.1254056 ]
334,-0.020357117036234856,"[[np.int64(0), 3, 6], [np.int64(1), 4], [np.int64(2)], [5]]",[0.12150324 0.01105414 0.00284306 0.12856787]
335,-0.020354312906679745,"[[np.int64(0), 2, 5], [np.int64(1), 4], [3], [6]]",[0.12149842 0.01105414 0.00284404 0.1285689 ]
336,-0.019671603702641788,"[[np.int64(0), 6], [np.int64(1), 4], [np.int64(2), 5], [np.int64(3)]]",[0.1239818  0.01105414 0.12540281 0.00284404]
337,-0.019670586910092575,"[[np.int64(0), 5], [np.int64(1), 4], [np.int64(2)], [np.int64(3), 6]]",[0.12397898 0.01105414 0.00284306 0.1254056 ]
338,-0.017601208668523022,"[[np.int64(0), 3, 6], [np.int64(1)], [np.int64(2), 5], [4]]",[0.12150324 0.00177893 0.12540281 0.01252742]
339,-0.01759917454239754,"[[np.int64(0), 2, 5], [np.int64(1)], [3, 6], [4]]",[0.12149842 0.00177893 0.1254056  0.01252742]
340,-0.016741364687732324,"[[np.int64(0), 5, 6], [np.int64(1)], [np.int64(2), 3], [4]]",[0.2400493  0.00177893 0.00599691 0.01252742]
341,-0.01653071786731722,"[[np.int64(0), 5, 6], [np.int64(1), 3], [np.int64(2)], [4]]",[0.2400493  0.00472214 0.00284306 0.01252742]
342,-0.016529731104058448,"[[np.int64(0), 5, 6], [np.int64(1), 2], [3], [4]]",[0.2400493  0.00472016 0.00284404 0.01252742]
343,-0.016491118724962478,"[[np.int64(0), 5, 6], [np.int64(1)], [np.int64(2), 4], [np.int64(3)]]",[0.2400493  0.00177893 0.01543003 0.00284404]
344,-0.01649108548946779,"[[np.int64(0), 5, 6], [np.int64(1)], [np.int64(2)], [np.int64(3), 4]]",[0.2400493  0.00177893 0.00284306 0.01543099]
345,-0.01598533589110543,"[[np.int64(0), np.int64(1), 5, 6], [2], [3], [4]]",[0.24138201 0.00284306 0.00284404 0.01252742]
346,-0.014687799365325077,"[[np.int64(0), 4, 5, 6], [np.int64(1)], [np.int64(2)], [np.int64(3)]]",[0.25083296 0.00177893 0.00284306 0.00284404]
347,-0.01317935233491277,"[[np.int64(0), 5, 6], [np.int64(1), 4], [np.int64(2)], [np.int64(3)]]",[0.2400493  0.01105414 0.00284306 0.00284404]
348,-0.010624252546563101,"[[np.int64(0), 3, 5, 6], [np.int64(1)], [np.int64(2)], [4]]",[0.23708604 0.00177893 0.00284306 0.01252742]
349,-0.010623256871262393,"[[np.int64(0), 2, 5, 6], [np.int64(1)], [3], [4]]",[0.23708406 0.00177893 0.00284404 0.01252742]
