,a,b,abba
0,13,14,0.02882164247028495
1,11,8,0.02882164247028489
2,9,10,0.02882164247028488
3,15,12,0.028821642470284875
4,5,6,0.028821642470284868
5,3,0,0.02882164247028486
6,7,4,0.02882164247028485
7,1,2,0.02882164247028484
8,7,14,0.02555004935272899
9,15,6,0.025550049352728983
10,9,0,0.02555004935272897
11,13,4,0.02555004935272897
12,1,8,0.025550049352728966
13,5,12,0.025550049352728955
14,3,10,0.025550049352728907
15,11,2,0.025550049352728893
16,13,8,0.024757318666305535
17,5,0,0.024757318666305518
18,15,10,0.024757318666305487
19,9,12,0.02475731866630547
20,7,2,0.024757318666305463
21,1,4,0.024757318666305456
22,3,6,0.024757318666305407
23,11,14,0.0247573186663054
24,9,14,0.009555479705723572
25,1,6,0.009555479705723572
26,11,12,0.009555479705723565
27,3,4,0.009555479705723562
28,5,2,0.009555479705723539
29,7,0,0.009555479705723537
30,15,8,0.009555479705723534
31,13,10,0.00955547970572353
32,7,12,0.009423595909378586
33,3,8,0.009423595909378574
34,15,4,0.009423595909378569
35,5,14,0.009423595909378569
36,11,0,0.009423595909378565
37,13,6,0.009423595909378557
38,1,10,0.009423595909378552
39,9,2,0.009423595909378548
40,9,4,0.005152908677188648
41,1,12,0.005152908677188639
42,13,0,0.0051529086771886345
43,15,2,0.005152908677188629
44,11,6,0.005152908677188627
45,5,8,0.005152908677188624
46,3,14,0.005152908677188619
47,7,10,0.005152908677188617
48,14,13,0.004779967051926036
49,8,11,0.004779967051926026
50,6,5,0.0047799670519260255
51,10,9,0.004779967051926024
52,0,3,0.004779967051926023
53,12,15,0.004779967051926022
54,4,7,0.00477996705192602
55,2,1,0.004779967051926019
56,4,13,0.004553132466028024
57,6,15,0.004553132466028021
58,0,9,0.004553132466028019
59,14,7,0.0045531324660280145
60,12,5,0.004553132466028013
61,8,1,0.004553132466028013
62,2,11,0.004553132466028006
63,10,3,0.004553132466028001
64,0,5,0.004440352948775938
65,8,13,0.004440352948775938
66,10,15,0.00444035294877593
67,4,1,0.004440352948775929
68,12,9,0.004440352948775928
69,2,7,0.004440352948775926
70,6,3,0.004440352948775919
71,14,11,0.004440352948775917
72,0,14,0.0023013481660556184
73,14,0,0.002301348166055618
74,12,2,0.0023013481660556154
75,8,6,0.002301348166055615
76,2,12,0.0023013481660556145
77,6,8,0.0023013481660556136
78,10,4,0.0023013481660556128
79,4,10,0.002301348166055612
80,8,3,0.002180006705200355
81,12,7,0.0021800067052003542
82,0,11,0.0021800067052003495
83,14,5,0.0021800067052003477
84,4,15,0.0021800067052003473
85,10,1,0.002180006705200344
86,6,13,0.0021800067052003404
87,2,9,0.002180006705200337
88,6,1,0.0021057086293245386
89,14,9,0.0021057086293245365
90,4,3,0.0021057086293245334
91,0,7,0.0021057086293245313
92,12,11,0.002105708629324531
93,2,5,0.0021057086293245304
94,8,15,0.00210570862932453
95,10,13,0.0021057086293245282
96,13,3,0.0018490801998278527
97,3,13,0.0018490801998278523
98,1,15,0.0018490801998278519
99,9,7,0.0018490801998278517
100,7,9,0.0018490801998278514
101,5,11,0.0018490801998278514
102,15,1,0.0018490801998278512
103,11,5,0.0018490801998278508
104,4,9,0.0011359896405546519
105,0,13,0.0011359896405546506
106,12,1,0.0011359896405546501
107,2,15,0.001135989640554649
108,6,11,0.0011359896405546484
109,14,3,0.0011359896405546464
110,8,5,0.0011359896405546447
111,10,7,0.0011359896405546412
112,14,2,0.0005593055405123482
113,2,14,0.000559305540512348
114,0,12,0.0005593055405123479
115,12,0,0.0005593055405123478
116,6,10,0.0005593055405123473
117,4,8,0.0005593055405123473
118,10,6,0.0005593055405123472
119,8,4,0.000559305540512347
120,2,4,0.0004475794863102842
121,0,6,0.0004475794863102842
122,14,8,0.0004475794863102842
123,10,12,0.0004475794863102842
124,12,10,0.0004475794863102842
125,8,14,0.0004475794863102841
126,4,2,0.00044757948631028407
127,6,0,0.00044757948631028396
128,0,10,0.00043870238864381105
129,2,8,0.0004387023886438109
130,6,12,0.00043870238864381067
131,8,2,0.00043870238864381056
132,12,6,0.0004387023886438105
133,10,0,0.0004387023886438105
134,4,14,0.0004387023886438104
135,14,4,0.00043870238864380997
136,7,11,0.00027335902235398204
137,13,1,0.000273359022353982
138,9,5,0.000273359022353982
139,1,13,0.000273359022353982
140,5,9,0.000273359022353982
141,11,7,0.000273359022353982
142,3,15,0.000273359022353982
143,15,3,0.00027335902235398193
144,5,15,0.00023545406314621673
145,7,13,0.00023545406314621668
146,3,9,0.00023545406314621665
147,13,7,0.00023545406314621665
148,11,1,0.00023545406314621662
149,15,5,0.00023545406314621662
150,1,11,0.0002354540631462166
151,9,3,0.00023545406314621649
152,1,7,0.00021107054760307738
153,3,5,0.00021107054760307738
154,7,1,0.00021107054760307738
155,5,3,0.00021107054760307735
156,11,13,0.0002110705476030773
157,15,9,0.00021107054760307727
158,9,15,0.00021107054760307727
159,13,11,0.00021107054760307725
160,3,12,0.00014551037501062713
161,7,8,0.0001455103750106271
162,9,6,0.00014551037501062705
163,1,14,0.00014551037501062702
164,5,10,0.000145510375010627
165,11,4,0.0001455103750106269
166,13,2,0.0001455103750106269
167,15,0,0.00014551037501062675
168,7,6,6.678410549331758e-05
169,5,4,6.678410549331752e-05
170,1,0,6.678410549331739e-05
171,13,12,6.678410549331736e-05
172,9,8,6.678410549331724e-05
173,15,14,6.678410549331722e-05
174,3,2,6.678410549331714e-05
175,11,10,6.6784105493317e-05
176,0,8,6.290459069588657e-05
177,8,0,6.290459069588652e-05
178,12,4,6.290459069588646e-05
179,10,2,6.290459069588644e-05
180,2,10,6.290459069588644e-05
181,4,12,6.290459069588642e-05
182,14,6,6.290459069588642e-05
183,6,14,6.290459069588635e-05
184,6,2,6.196214393534283e-05
185,0,4,6.19621439353428e-05
186,14,10,6.196214393534277e-05
187,4,0,6.196214393534277e-05
188,2,6,6.196214393534274e-05
189,10,14,6.196214393534269e-05
190,12,8,6.196214393534266e-05
191,8,12,6.196214393534264e-05
192,10,8,5.5301144808202475e-05
193,8,10,5.530114480820246e-05
194,2,0,5.5301144808202435e-05
195,0,2,5.530114480820241e-05
196,4,6,5.530114480820238e-05
197,14,12,5.530114480820237e-05
198,6,4,5.530114480820235e-05
199,12,14,5.530114480820234e-05
200,13,9,4.564836686376531e-05
201,9,13,4.5648366863765285e-05
202,11,15,4.564836686376525e-05
203,15,11,4.564836686376523e-05
204,5,1,4.564836686376523e-05
205,1,5,4.564836686376523e-05
206,7,3,4.5648366863765136e-05
207,3,7,4.564836686376513e-05
208,11,3,4.060171088568194e-05
209,3,11,4.0601710885681904e-05
210,7,15,4.0601710885681904e-05
211,15,7,4.060171088568189e-05
212,9,1,4.060171088568181e-05
213,5,13,4.060171088568181e-05
214,13,5,4.060171088568178e-05
215,1,9,4.060171088568177e-05
216,1,3,3.8446959651043415e-05
217,5,7,3.844695965104341e-05
218,7,5,3.8446959651043395e-05
219,3,1,3.8446959651043395e-05
220,9,11,3.844695965104336e-05
221,11,9,3.8446959651043354e-05
222,13,15,3.844695965104332e-05
223,15,13,3.84469596510433e-05
224,6,9,2.552844773763412e-05
225,12,3,2.55284477376341e-05
226,14,1,2.5528447737634098e-05
227,8,7,2.5528447737634095e-05
228,4,11,2.5528447737634088e-05
229,2,13,2.552844773763408e-05
230,10,5,2.552844773763408e-05
231,0,15,2.552844773763406e-05
232,4,5,1.1238959252941497e-05
233,12,13,1.1238959252941494e-05
234,6,7,1.1238959252941492e-05
235,0,1,1.1238959252941492e-05
236,14,15,1.1238959252941456e-05
237,8,9,1.1238959252941453e-05
238,10,11,1.1238959252941448e-05
239,2,3,1.1238959252941443e-05
