site_index_0based,x_over_a,y_over_a,M_i_over_a_squared
0.000000000000000000e+00,-5.196152422706632024e+00,1.000000000000000000e+00,1.120333652770165056e+00
1.000000000000000000e+00,-6.062177826491070398e+00,4.999999999999999445e-01,-1.741972957027176472e+00
2.000000000000000000e+00,-6.062177826491070398e+00,-5.000000000000001110e-01,-1.741972957027169810e+00
3.000000000000000000e+00,-5.196152422706632024e+00,-1.000000000000000000e+00,1.120333652770179711e+00
4.000000000000000000e+00,-4.330127018922193649e+00,-5.000000000000004441e-01,1.386678337884489076e-01
5.000000000000000000e+00,-4.330127018922193649e+00,5.000000000000000000e-01,1.386678337884514334e-01
6.000000000000000000e+00,-4.330127018922193649e+00,2.500000000000000000e+00,8.660158563448414060e-03
7.000000000000000000e+00,-5.196152422706632024e+00,1.999999999999999778e+00,-1.218941981948601150e+00
8.000000000000000000e+00,-3.464101615137755275e+00,9.999999999999993339e-01,1.276815425270722837e-01
9.000000000000000000e+00,-3.464101615137755275e+00,1.999999999999999778e+00,1.127963809554630714e+00
1.000000000000000000e+01,-3.464101615137754830e+00,3.999999999999999556e+00,1.120333652770164834e+00
1.100000000000000000e+01,-4.330127018922193649e+00,3.499999999999999556e+00,-1.218941981948604036e+00
1.200000000000000000e+01,-2.598076211353316456e+00,2.499999999999999112e+00,1.276815425270730053e-01
1.300000000000000000e+01,-2.598076211353316012e+00,3.499999999999999556e+00,1.386678337884493240e-01
1.400000000000000000e+01,-2.598076211353316012e+00,5.499999999999999112e+00,-1.741972957027180247e+00
1.500000000000000000e+01,-3.464101615137754830e+00,4.999999999999999112e+00,-1.741972957027174473e+00
1.600000000000000000e+01,-1.732050807568877637e+00,3.999999999999998668e+00,1.386678337884519052e-01
1.700000000000000000e+01,-1.732050807568877415e+00,4.999999999999999112e+00,1.120333652770169275e+00
1.800000000000000000e+01,-5.196152422706631135e+00,-2.000000000000000000e+00,-1.218941981948603592e+00
1.900000000000000000e+01,-4.330127018922192761e+00,-2.500000000000000000e+00,8.660158563441244448e-03
2.000000000000000000e+01,-3.464101615137754386e+00,-2.000000000000000000e+00,1.127963809554635377e+00
2.100000000000000000e+01,-3.464101615137754386e+00,-9.999999999999997780e-01,1.276815425270732551e-01
2.200000000000000000e+01,-2.598076211353316012e+00,-5.000000000000004441e-01,1.713112112437673029e-01
2.300000000000000000e+01,-2.598076211353316012e+00,5.000000000000000000e-01,1.713112112437681078e-01
2.400000000000000000e+01,-1.732050807568877637e+00,9.999999999999993339e-01,1.176117328406331763e+00
2.500000000000000000e+01,-1.732050807568877415e+00,1.999999999999999778e+00,1.713112112437724099e-01
2.600000000000000000e+01,-8.660254037844388186e-01,2.499999999999999112e+00,1.713112112437671086e-01
2.700000000000000000e+01,-8.660254037844385966e-01,3.499999999999999556e+00,1.276815425270726723e-01
2.800000000000000000e+01,-8.660254037844382635e-01,5.499999999999999112e+00,-1.218941981948605147e+00
2.900000000000000000e+01,0.000000000000000000e+00,3.999999999999998668e+00,1.127963809554628272e+00
3.000000000000000000e+01,2.220446049250313081e-16,4.999999999999999112e+00,8.660158563454201097e-03
3.100000000000000000e+01,-4.330127018922192761e+00,-3.499999999999999556e+00,-1.218941981948603148e+00
3.200000000000000000e+01,-3.464101615137754386e+00,-3.999999999999999556e+00,1.120333652770157062e+00
3.300000000000000000e+01,-2.598076211353316012e+00,-3.500000000000000000e+00,1.386678337884491574e-01
3.400000000000000000e+01,-2.598076211353316012e+00,-2.499999999999999556e+00,1.276815425270731719e-01
3.500000000000000000e+01,-1.732050807568877637e+00,-2.000000000000000000e+00,1.713112112437662760e-01
3.600000000000000000e+01,-1.732050807568877415e+00,-9.999999999999997780e-01,1.176117328406325102e+00
3.700000000000000000e+01,-8.660254037844388186e-01,-5.000000000000004441e-01,4.931001007682390691e-01
3.800000000000000000e+01,-8.660254037844385966e-01,5.000000000000000000e-01,4.931001007682399018e-01
3.900000000000000000e+01,-2.220446049250313081e-16,9.999999999999993339e-01,4.931001007682385140e-01
4.000000000000000000e+01,0.000000000000000000e+00,1.999999999999999778e+00,1.176117328406332874e+00
4.100000000000000000e+01,8.660254037844383745e-01,2.499999999999999112e+00,1.713112112437663037e-01
4.200000000000000000e+01,8.660254037844385966e-01,3.499999999999999556e+00,1.276815425270743098e-01
4.300000000000000000e+01,8.660254037844389297e-01,5.499999999999999112e+00,-1.218941981948603592e+00
4.400000000000000000e+01,1.732050807568877193e+00,3.999999999999998668e+00,1.386678337884555690e-01
4.500000000000000000e+01,1.732050807568877415e+00,4.999999999999999112e+00,1.120333652770161725e+00
4.600000000000000000e+01,-3.464101615137754386e+00,-4.999999999999999112e+00,-1.741972957027170921e+00
4.700000000000000000e+01,-2.598076211353316012e+00,-5.499999999999999112e+00,-1.741972957027170255e+00
4.800000000000000000e+01,-1.732050807568877637e+00,-5.000000000000000000e+00,1.120333652770163280e+00
4.900000000000000000e+01,-1.732050807568877415e+00,-3.999999999999999112e+00,1.386678337884471590e-01
5.000000000000000000e+01,-8.660254037844388186e-01,-3.500000000000000000e+00,1.276815425270719229e-01
5.100000000000000000e+01,-8.660254037844385966e-01,-2.499999999999999556e+00,1.713112112437670254e-01
5.200000000000000000e+01,-2.220446049250313081e-16,-2.000000000000000000e+00,1.176117328406329987e+00
5.300000000000000000e+01,0.000000000000000000e+00,-9.999999999999997780e-01,4.931001007682382364e-01
5.400000000000000000e+01,8.660254037844383745e-01,-5.000000000000004441e-01,4.931001007682407900e-01
5.500000000000000000e+01,8.660254037844385966e-01,5.000000000000000000e-01,4.931001007682381809e-01
5.600000000000000000e+01,1.732050807568876971e+00,9.999999999999993339e-01,1.176117328406328655e+00
5.700000000000000000e+01,1.732050807568877193e+00,1.999999999999999778e+00,1.713112112437712165e-01
5.800000000000000000e+01,2.598076211353315568e+00,2.499999999999999112e+00,1.276815425270725057e-01
5.900000000000000000e+01,2.598076211353316012e+00,3.499999999999999556e+00,1.386678337884468259e-01
6.000000000000000000e+01,2.598076211353316012e+00,5.499999999999999112e+00,-1.741972957027171143e+00
6.100000000000000000e+01,3.464101615137754386e+00,3.999999999999998668e+00,1.120333652770165944e+00
6.200000000000000000e+01,3.464101615137754386e+00,4.999999999999999112e+00,-1.741972957027169144e+00
6.300000000000000000e+01,-8.660254037844390407e-01,-5.499999999999999112e+00,-1.218941981948602704e+00
6.400000000000000000e+01,-4.440892098500626162e-16,-5.000000000000000000e+00,8.660158563447971705e-03
6.500000000000000000e+01,-2.220446049250313081e-16,-3.999999999999999112e+00,1.127963809554637820e+00
6.600000000000000000e+01,8.660254037844383745e-01,-3.500000000000000000e+00,1.276815425270720894e-01
6.700000000000000000e+01,8.660254037844385966e-01,-2.499999999999999556e+00,1.713112112437683299e-01
6.800000000000000000e+01,1.732050807568876971e+00,-2.000000000000000000e+00,1.713112112437668311e-01
6.900000000000000000e+01,1.732050807568877193e+00,-9.999999999999997780e-01,1.176117328406330209e+00
7.000000000000000000e+01,2.598076211353315568e+00,-5.000000000000004441e-01,1.713112112437653045e-01
7.100000000000000000e+01,2.598076211353316012e+00,5.000000000000000000e-01,1.713112112437646384e-01
7.200000000000000000e+01,3.464101615137754386e+00,9.999999999999993339e-01,1.276815425270739768e-01
7.300000000000000000e+01,3.464101615137754386e+00,1.999999999999999778e+00,1.127963809554626939e+00
7.400000000000000000e+01,4.330127018922192761e+00,2.499999999999999112e+00,8.660158563447296898e-03
7.500000000000000000e+01,4.330127018922192761e+00,3.499999999999999556e+00,-1.218941981948604258e+00
7.600000000000000000e+01,8.660254037844381525e-01,-5.499999999999999112e+00,-1.218941981948612696e+00
7.700000000000000000e+01,1.732050807568876749e+00,-5.000000000000000000e+00,1.120333652770160171e+00
7.800000000000000000e+01,1.732050807568876971e+00,-3.999999999999999112e+00,1.386678337884512668e-01
7.900000000000000000e+01,2.598076211353315568e+00,-3.500000000000000000e+00,1.386678337884438561e-01
8.000000000000000000e+01,2.598076211353316012e+00,-2.499999999999999556e+00,1.276815425270762250e-01
8.100000000000000000e+01,3.464101615137754386e+00,-2.000000000000000000e+00,1.127963809554622276e+00
8.200000000000000000e+01,3.464101615137754386e+00,-9.999999999999997780e-01,1.276815425270739213e-01
8.300000000000000000e+01,4.330127018922192761e+00,-5.000000000000004441e-01,1.386678337884479917e-01
8.400000000000000000e+01,4.330127018922192761e+00,5.000000000000000000e-01,1.386678337884461876e-01
8.500000000000000000e+01,5.196152422706631135e+00,9.999999999999993339e-01,1.120333652770164168e+00
8.600000000000000000e+01,5.196152422706631135e+00,1.999999999999999778e+00,-1.218941981948604036e+00
8.700000000000000000e+01,2.598076211353316012e+00,-5.499999999999999112e+00,-1.741972957027162927e+00
8.800000000000000000e+01,3.464101615137754386e+00,-5.000000000000000000e+00,-1.741972957027166702e+00
8.900000000000000000e+01,3.464101615137754386e+00,-3.999999999999999112e+00,1.120333652770162614e+00
9.000000000000000000e+01,4.330127018922192761e+00,-3.500000000000000000e+00,-1.218941981948606479e+00
9.100000000000000000e+01,4.330127018922193649e+00,-2.499999999999999556e+00,8.660158563452410863e-03
9.200000000000000000e+01,5.196152422706632024e+00,-2.000000000000000000e+00,-1.218941981948617359e+00
9.300000000000000000e+01,5.196152422706632024e+00,-9.999999999999997780e-01,1.120333652770165944e+00
9.400000000000000000e+01,6.062177826491070398e+00,-5.000000000000004441e-01,-1.741972957027169588e+00
9.500000000000000000e+01,6.062177826491070398e+00,5.000000000000000000e-01,-1.741972957027167368e+00
