shell,bonds,bond_index,trg,trg_A2,pct_of_trg
1.73,6.0,0.07510398203171322,0.3379679191427094,0.6814785121593593,39.29439579929994
1.0,3.0,0.16128745574332068,0.12096559180749047,0.2439150193206238,14.064263420733084
4.58,12.0,0.0010056421411645657,0.06335545489336762,0.12774993924698647,7.366126130964122
3.46,6.0,0.0029883415665440823,0.05379014819779347,0.10846245482603076,6.25400002091498
4.0,3.0,0.003160669238495844,0.03792803086195012,0.07647808143003622,4.409764868683339
4.36,6.0,0.0012105556762246413,0.034500836772402274,0.06956748726787194,4.011296512937274
6.24,12.0,0.0002100511392349393,0.024575983290487897,0.049555012706939794,2.857367104614565
5.2,6.0,0.00048668247818506224,0.019710640366495016,0.03974453523500055,2.2916900100558593
6.93,6.0,0.00020257122966747267,0.01458512853605803,0.029409453180107414,1.6957639498248556
7.94,12.0,6.491241417907764e-05,0.01226844627984567,0.024738095078680807,1.4264110782631483
7.21,6.0,0.0001451836846638346,0.011324327403779096,0.02283437377698017,1.316641544835672
7.0,9.0,9.090630737933723e-05,0.010022420388571929,0.020209208471516436,1.1652731851428284
9.64,12.0,2.9367221374427357e-05,0.008193454763465231,0.016521282185051292,0.9526254895906662
8.66,6.0,6.922701057892064e-05,0.00778803869012857,0.01570380121477525,0.9054891232470845
6.08,6.0,0.00012803773390155008,0.0071060942315360285,0.014328728408469247,0.8262017295292222
7.55,12.0,3.6984083779569684e-05,0.006324278326306414,0.012752274817164254,0.735302617861442
7.81,6.0,6.40852122071098e-05,0.005863796916950546,0.011823760103339081,0.68176398968825
3.61,6.0,0.0002626399954895711,0.005121479912046636,0.010326952094650836,0.5954572826101492
11.36,12.0,1.2645570409408516e-05,0.004893835748441095,0.009867930403156623,0.5689898596405164
10.39,6.0,2.4666387945987767e-05,0.003995954847250018,0.008057443353994937,0.46459626038550444
8.89,6.0,3.167280121575209e-05,0.0037532269440666223,0.0075680068100159375,0.43637510163346593
9.17,12.0,1.442113631288082e-05,0.003634126350845966,0.007327852373845806,0.422527675339825
10.58,6.0,1.7536205550258688e-05,0.002946082532443459,0.005940480818418991,0.34253112952521025
12.12,18.0,4.329292049230615e-06,0.0028638266905660513,0.005774620138857386,0.332967518825904
2.0,3.0,0.0009500151143217057,0.002850045342965116,0.00574683142955486,0.33136520778806194
10.15,6.0,1.8394415455871905e-05,0.002841937187932209,0.005730482145746506,0.33042249981189276
9.54,12.0,1.0394699890979774e-05,0.002837753070237478,0.005722045290826851,0.3299360264886712
13.08,12.0,5.436143584596865e-06,0.002788741658898191,0.005623218681002313,0.32423763416571516
10.82,12.0,6.937111774522854e-06,0.0024349262328575215,0.004909785255933906,0.28310070192076625
5.57,6.0,4.754911356182667e-05,0.00221103378062494,0.004458328515252129,0.2570694778424004
11.27,6.0,1.1034098913788689e-05,0.002101995843076745,0.004238464417979948,0.24439200275533768
8.72,6.0,1.7727976986523873e-05,0.0020209893764637213,0.004075122978701448,0.23497365272534315
14.8,12.0,2.571958687746631e-06,0.001689776857849536,0.0034072660561678043,0.19646468467558809
12.49,12.0,3.528632307471109e-06,0.0016513999198964787,0.0033298827984792594,0.19200272688587303
12.29,6.0,6.494031129461908e-06,0.0014708980508231217,0.0029659188296797426,0.1710163803004536
13.86,6.0,4.743034414305636e-06,0.001365993911320023,0.002754390122785694,0.15881952803981303
5.29,6.0,3.2408866571771045e-05,0.0013611723960143835,0.0027446680193234027,0.1582589466353627
10.0,3.0,1.717480392178756e-05,0.0012881102941340668,0.0025973455970919324,0.14976426123298384
13.0,9.0,3.3669783854274077e-06,0.0012802935310587714,0.0025815838760269065,0.14885543242186725
14.18,12.0,1.8708661533182179e-06,0.001128132290450885,0.0022747659504651642,0.1311641556020869
11.79,6.0,5.115723473093358e-06,0.0010666283441399648,0.002150749393123825,0.1240132981606749
14.0,9.0,2.3161233812819253e-06,0.0010214104111453289,0.0020595719530334413,0.11875596083462182
16.52,24.0,6.177749460752713e-07,0.001011915361671294,0.002040426135273997,0.11765200329595048
10.44,6.0,6.084147471599e-06,0.0009947581116064364,0.0020058302562432186,0.11565718740754838
14.73,12.0,1.456807454437981e-06,0.0009483816528391253,0.0019123167647848121,0.11026515217771005
13.45,6.0,3.438832165733971e-06,0.0009336429329967731,0.0018825976100946933,0.10855153068212711
6.56,6.0,1.288752000415043e-05,0.0008312450402677026,0.0016761224991957955,0.09664607132339036
12.17,6.0,3.614317577792005e-06,0.0008023785022698248,0.0016179160119768746,0.09328985582127586
15.59,6.0,2.1751896875866753e-06,0.000792856641125343,0.0015987161311651417,0.09218278097965679
5.0,3.0,4.125910886383423e-05,0.0007736082911968916,0.0015599037583694123,0.08994483992746888
8.54,6.0,7.059405460324751e-06,0.0007730048979055602,0.0015586870761367716,0.08987468541436491
15.87,12.0,9.229602100444877e-07,0.0006977579187936327,0.0014069590674554808,0.08112597166832082
10.54,12.0,1.928149824230719e-06,0.0006420738914688294,0.0012946777947577476,0.07465177667682542
18.25,12.0,5.968152054754789e-07,0.0005962183902700034,0.0012022147621404348,0.06932031143523516
13.11,6.0,2.29647043481775e-06,0.0005924893721829794,0.0011946955700697596,0.06888675101616948
15.72,12.0,7.45545233014693e-07,0.0005524490176638875,0.0011139581992174628,0.06423139336444775
15.13,6.0,1.4137244638570354e-06,0.00048561435333489155,0.0009791927820644753,0.056460751228002905
13.89,6.0,1.6565110653526915e-06,0.0004795599534196041,0.0009669846900752897,0.05575682646732734
17.32,6.0,1.0256416352316734e-06,0.0004615387358542529,0.0009306467069765156,0.053661559976962044
17.58,12.0,4.853740559852833e-07,0.0004499417498983576,0.0009072625444950483,0.05231321733726478
16.46,6.0,9.856442202907246e-07,0.0004006643755481795,0.0008078996468553491,0.04658390238755636
13.75,12.0,6.963592863539079e-07,0.0003948357153626657,0.0007961467364572791,0.045906223627719726
19.97,24.0,1.6441501282823485e-07,0.00039360954071079423,0.0007936742778892454,0.045763660415767765
11.53,12.0,8.934747477869071e-07,0.0003564964243669759,0.0007188393900935702,0.04144864292340136
17.44,6.0,7.704335319784116e-07,0.00035131769058215567,0.0007083969912898587,0.0408465289251375
16.82,6.0,8.161284042588943e-07,0.0003464465076079005,0.0006985747379405706,0.04028017282753296
15.62,6.0,8.696403494459458e-07,0.00031828836789721607,0.0006417966650279465,0.037006320417013454
9.85,6.0,2.0110730953705583e-06,0.00029261113537641626,0.0005900210933730058,0.034020914759984464
15.39,12.0,4.004107250352697e-07,0.0002846920255000767,0.0005740530002183546,0.0331001864297679
19.29,12.0,2.5101334627425236e-07,0.0002801308944420656,0.0005648559355529811,0.032569879027986706
19.05,6.0,4.988936987642748e-07,0.0002716476189771475,0.0005477502589055202,0.031583557058024146
18.19,6.0,5.009759278797145e-07,0.00024873454819227827,0.0005015483429749099,0.028919531210003215
16.37,6.0,5.771185199571486e-07,0.00023200164502277365,0.0004678081170239208,0.026974052711092086
17.06,12.0,2.4872150774158177e-07,0.0002171338762584008,0.00043782874808743935,0.02524542713041073
21.7,12.0,1.5034326721828074e-07,0.00021243503657943067,0.000428354007758764,0.024699108809395943
19.16,6.0,3.691218750577524e-07,0.00020320159221929267,0.00040973569055098173,0.023625567219417776
18.52,12.0,1.9209261473002027e-07,0.00019766330055719086,0.00039856827924351966,0.022981648633373822
17.35,12.0,2.1763838101905637e-07,0.0001965274580602079,0.0003962779664326032,0.022849588037932314
13.23,6.0,6.808699125380953e-07,0.00017872835204125,0.0003603878490559765,0.02078014571169985
21.0,18.0,8.822696917279269e-08,0.00017508642032340704,0.00035304425794011794,0.020356710532532688
20.78,6.0,2.459755690708707e-07,0.00015939216875792423,0.00032139836908347844,0.018531992570093598
19.08,12.0,1.353508249890935e-07,0.00014780310088809004,0.0002980301726307448,0.01718457053969099
19.92,6.0,2.4569696376507497e-07,0.0001463125419221021,0.00029502460953172665,0.01701126825076281
18.73,12.0,1.3882802267434472e-07,0.00014618590787608498,0.0002947692646413377,0.016996544935193435
16.09,12.0,1.760049534702965e-07,0.00013675584884642033,0.00027575449361392194,0.0159001436173928
2.65,6.0,1.230195530376447e-05,0.00012917053068952695,0.00026045945808236213,0.015018224130251398
18.03,6.0,2.629871754300672e-07,0.00012820624802215773,0.0002585150785118788,0.014906110220475211
20.22,6.0,2.087572247336112e-07,0.00012807255737407044,0.0002582455046890756,0.014890566457463823
23.43,12.0,7.70441535766306e-08,0.00012689172094071055,0.00025586446610484874,0.01475327456803131
14.93,6.0,3.726075581665487e-07,0.0001246372282067105,0.0002513185069560111,0.0144911522635204
20.88,6.0,1.9048024728115667e-07,0.00012457408172187643,0.00025119117838399166,0.014483810433636965
22.72,12.0,6.986588717758236e-08,0.00010815239335089749,0.0002180784859527497,0.012574515834969647
8.0,3.0,2.2509769386356945e-06,0.0001080468930545133,0.00021786575515512062,0.012562249669549037
20.42,12.0,8.044489001882324e-08,0.00010063655741354786,0.0002029235543686779,0.011700674812324792
16.64,6.0,2.3513814871945547e-07,9.769990079293371e-05,0.00019700207995887152,0.011359239601936315
22.61,12.0,6.308673997218301e-08,9.671197237735655e-05,0.00019501002110170173,0.011244376480366861
19.7,6.0,1.6354508083148828e-07,9.518323704392615e-05,0.0001919274791753727,0.011066635553309157
22.52,18.0,4.148578610939525e-08,9.464982100858525e-05,0.00019085189908171128,0.011004617060928144
21.66,12.0,6.346033549354699e-08,8.928869203942059e-05,0.0001800417186282877,0.010381296586665924
20.81,6.0,1.180866599833327e-07,7.669728565917458e-05,0.00015465240680315962,0.008917336021325117
21.93,12.0,5.2999847979171555e-08,7.647878063394453e-05,0.00015421181327028574,0.0088919311753051
25.16,12.0,4.002386899098533e-08,7.600532721388113e-05,0.0001532571417940699,0.008836884334978673
13.53,12.0,1.3787173287693261e-07,7.569158134943598e-05,0.0001526245046330027,0.008800406156194209
24.43,12.0,3.7339126115321565e-08,6.68743748725409e-05,0.00013484548949299147,0.007775259148081383
22.11,12.0,4.525056731274511e-08,6.638258224779707e-05,0.000133853838844458,0.007718080069969828
18.36,6.0,1.2862454020685956e-07,6.501970507456749e-05,0.0001311057333123579,0.00755962291460858
16.7,12.0,7.203654999913634e-08,6.0294592349277114e-05,0.00012157801601308237,0.007010249914665741
21.38,6.0,8.354061805249677e-08,5.726709367498652e-05,0.00011547336768624282,0.006658252803545863
24.25,18.0,2.1521193571661378e-08,5.694507819061599e-05,0.00011482405566355807,0.006620813143804027
15.1,12.0,7.956107511817036e-08,5.4419775380828515e-05,0.00010973203507790262,0.006327204660571119
23.39,6.0,6.484658903429684e-08,5.3206626302640546e-05,0.00010728584127664439,0.006186155888359858
19.31,6.0,9.169997193284649e-08,5.1306134296427596e-05,0.00010345368919531661,0.005965192060506116
23.64,12.0,2.9420027160352625e-08,4.933738554791134e-05,9.948390421880843e-05,0.005736292250282092
17.69,6.0,1.0430217133340333e-07,4.896986944103285e-05,9.874284474089865e-05,0.0056935623858531455
22.54,6.0,6.290235257613309e-08,4.793159266301341e-05,9.664926344570025e-05,0.005572845429142558
26.89,12.0,2.1008848339563893e-08,4.5568192048514076e-05,9.188370244662378e-05,0.005298060770841215
18.33,12.0,4.507716110361786e-08,4.54377783924468e-05,9.162073635052973e-05,0.005282898012694996
20.07,12.0,3.7506574423229345e-08,4.534544847768427e-05,9.143456231040257e-05,0.005272163123348111
24.33,6.0,5.023079128968336e-08,4.460494266523881e-05,8.994140639018753e-05,0.005186066997539118
24.27,12.0,2.4858942184237755e-08,4.3925750839548105e-05,8.857188399286479e-05,0.0051070996432114124
23.81,12.0,2.5652234248986078e-08,4.3634450457525314e-05,8.798450590255404e-05,0.005073231125345202
26.15,12.0,2.0032173636254965e-08,4.110602030159518e-05,8.288617933613652e-05,0.004779259036071096
16.0,3.0,2.0104309406553275e-07,3.8600274060582276e-05,7.78335926157581e-05,0.004487924329461287
23.07,12.0,2.3968424913061342e-08,3.8253606161245893e-05,7.713457146353622e-05,0.004447618416160434
11.0,3.0,3.8227933136656215e-07,3.4691849321515505e-05,6.995264497190386e-05,0.004033504901018982
25.98,6.0,3.273949087545483e-08,3.314873451139801e-05,6.684110826878294e-05,0.003854092120461799
25.12,6.0,3.4008192652666835e-08,3.218875434574915e-05,6.49054042627686e-05,0.00374247844812222
14.53,6.0,9.843390933615042e-08,3.11543323048916e-05,6.281959565958342e-05,0.003622209668765642
21.79,6.0,4.172809895418197e-08,2.9731270504854648e-05,5.995013384598891e-05,0.0034567550488142605
20.95,6.0,4.5039622398542485e-08,2.965859134944022e-05,5.9803583597011255e-05,0.0034483048873123717
25.36,6.0,2.9690788774449986e-08,2.8636765772957007e-05,5.7743174504590505e-05,0.003329500656597134
25.51,24.0,7.230259857695717e-09,2.824139500415947e-05,5.694594888638715e-05,0.003283532224102085
27.87,24.0,6.032247402942076e-09,2.8122337392515947e-05,5.6705881118269154e-05,0.0032696897951321785
21.63,12.0,1.9691048444903142e-08,2.7646232016644008e-05,5.574586223836098e-05,0.0032143346208033784
28.62,24.0,5.584259925171809e-09,2.744105327229427e-05,5.533213981825417e-05,0.00319047917674072
26.06,12.0,1.3055500270345864e-08,2.6594054050694523e-05,5.362425058782043e-05,0.0030920014196220463
24.76,6.0,2.567244714085143e-08,2.360581514601289e-05,4.759876566042039e-05,0.0027445689101658903
26.85,12.0,9.524159317622316e-09,2.0600756604017068e-05,4.1539365616340016e-05,0.0023951808379228854
23.3,12.0,1.2477607428511887e-08,2.0326022501045855e-05,4.098539177110886e-05,0.0023632384257285554
14.42,6.0,6.417015362427494e-08,2.002108793077378e-05,4.037052170361225e-05,0.002327784706548479
23.52,12.0,1.1932665901830368e-08,1.979629273113658e-05,3.99172446630638e-05,0.0023016485230588357
27.71,6.0,1.713284472433758e-08,1.9737037122436887e-05,3.979776165368174e-05,0.0022947590722864654
17.78,6.0,3.923877015776773e-08,1.85991770547819e-05,3.7503380613262224e-05,0.0021624639006735244
27.22,24.0,4.116973088529104e-09,1.8304062351600394e-05,3.690831132576703e-05,0.0021281519044863643
26.0,9.0,1.1931232325994994e-08,1.814740436783838e-05,3.6592426167309305e-05,0.0021099378064303132
27.07,6.0,1.595801912119656e-08,1.7545842023755617e-05,3.537943585670082e-05,0.002039996171418614
30.35,12.0,5.979945887041805e-09,1.6522590485896502e-05,3.331615145576171e-05,0.0019210261489594701
27.78,6.0,1.3816494808068857e-08,1.5999500987743736e-05,3.226139379168647e-05,0.0018602082884033246
29.6,12.0,5.911736394235165e-09,1.553604324405001e-05,3.132687759730244e-05,0.0018063236118247112
19.47,6.0,2.6657269287980487e-08,1.5154657590216903e-05,3.0557851564913364e-05,0.0017619811817150511
25.24,18.0,5.264101534341461e-09,1.5089547048189794e-05,3.0426562667969898e-05,0.0017544109974928029
26.46,6.0,1.4359260542615647e-08,1.5077223569746429e-05,3.0401713606036698e-05,0.0017529781880095657
24.98,12.0,7.557296147593115e-09,1.414725838829431e-05,2.8526531814156648e-05,0.001644854257157664
28.58,12.0,4.8319455697938024e-09,1.1843098591564607e-05,2.388042400003087e-05,0.0013769573299368884
29.44,6.0,9.075835432939586e-09,1.1803123980537928e-05,2.3799819194356677e-05,0.0013723096160604062
21.17,6.0,1.7548908553691307e-08,1.1792866548080555e-05,2.377913610754963e-05,0.001371117018810682
20.66,12.0,9.15056776299465e-09,1.1721877304396146e-05,2.3635993396584386e-05,0.0013628633376746027
28.93,12.0,4.596477946149855e-09,1.1541756122782286e-05,2.3272797045978202e-05,0.0013419212523425807
27.73,6.0,9.616500598121884e-09,1.109263343993359e-05,2.236718606828209e-05,0.0012897032651825386
12.77,6.0,4.444571835986469e-08,1.0866978138986915e-05,2.1912174719453216e-05,0.0012634670805999875
22.27,6.0,1.4338677699354672e-08,1.066797620831987e-05,2.1510907226456186e-05,0.0012403297939359425
28.79,6.0,8.513635193583762e-09,1.0586705363221404e-05,2.1347032694399638e-05,0.001230880705506652
32.08,24.0,1.6468612221202059e-09,1.0167721185370148e-05,2.0502192998180366e-05,0.0011821668211832717
25.94,6.0,9.9356262556573e-09,1.0030014705086043e-05,2.02245216513355e-05,0.001166156150838767
26.66,12.0,4.58861462815934e-09,9.78751500186387e-06,1.9735545249758307e-05,0.0011379615241304218
31.32,12.0,3.2543763440596034e-09,9.577629580567411e-06,1.931233228625613e-05,0.0011135588505339277
29.51,12.0,3.657371052597772e-09,9.556710560437978e-06,1.9270151174067137e-05,0.0011111266662639397
19.0,9.0,1.1688867329157199e-08,9.494282488107934e-06,1.9144271209020836e-05,0.0011038683637914844
28.16,12.0,3.933079555351326e-09,9.356796262180803e-06,1.8867043983061372e-05,0.0010878833016819312
19.67,12.0,7.982551691520766e-09,9.267742513855605e-06,1.868747600493844e-05,0.0010775293212124894
22.87,6.0,1.100288529102797e-08,8.63176351081144e-06,1.7405087943200187e-05,0.0010035861767594524
26.96,6.0,7.435056402468665e-09,8.107929006892078e-06,1.6348828049497185e-05,0.0009426816968829301
30.51,18.0,1.907798816534083e-09,7.992723141869538e-06,1.6116526943265738e-05,0.0009292870975668782
30.64,12.0,2.6081885082697293e-09,7.347267027795826e-06,1.4815029234847503e-05,0.0008542420812179125
21.28,12.0,5.272111340170408e-09,7.164799311291584e-06,1.4447101331288349e-05,0.0008330271721487337
31.18,6.0,4.865189376573379e-09,7.093446111043986e-06,1.4303224738309094e-05,0.0008247311750044252
30.32,6.0,5.032577777951151e-09,6.937408466905659e-06,1.3988590432668571e-05,0.0008065892017546721
18.08,12.0,6.957208669639942e-09,6.825021704916782e-06,1.3761973765794198e-05,0.0007935223700879426
29.46,12.0,2.6039997275490117e-09,6.780815290537624e-06,1.3672835951840066e-05,0.000788382638636837
28.35,12.0,2.739475936604043e-09,6.6076159590889495e-06,1.3323596819906957e-05,0.0007682453335950394
22.91,12.0,4.152178976870344e-09,6.539681888570789e-06,1.3186614560114138e-05,0.0007603468671903893
27.62,12.0,2.7971834401234547e-09,6.402752894442586e-06,1.291051093635403e-05,0.000744426592552128
23.9,6.0,7.455772702392733e-09,6.385869319599375e-06,1.287646689604018e-05,0.000742463595963342
24.58,6.0,6.812774259663849e-09,6.172373479255446e-06,1.2445973883570681e-05,0.000717641151060114
33.81,12.0,1.7957754682595333e-09,6.157714080661937e-06,1.241641467224673e-05,0.0007159367519799464
33.05,24.0,9.069078239122721e-10,5.942060062273205e-06,1.198156990956769e-05,0.0006908633829579057
29.87,6.0,4.3427204834576325e-09,5.8105600068663104e-06,1.1716413197845228e-05,0.0006755743128062311
31.24,6.0,3.896914067345328e-09,5.705082194593559e-06,1.1503727737178453e-05,0.0006633107615378054
17.52,6.0,1.165715487173602e-08,5.368119818434436e-06,1.0824276801891195e-05,0.000624133276846786
32.91,18.0,1.0932408852210822e-09,5.327909454124944e-06,1.0743196623297537e-05,0.0006194581527272567
25.53,6.0,5.283989275372518e-09,5.167741511314322e-06,1.0420233983414199e-05,0.0006008359635114139
28.69,6.0,4.155196116094139e-09,5.129589605318214e-06,1.0343304480163646e-05,0.0005964001694321665
24.56,12.0,2.756390420034072e-09,4.986310269841636e-06,1.0054396028108675e-05,0.0005797415619159307
32.36,12.0,1.4890640852491933e-09,4.677150291767715e-06,9.43100584832042e-06,0.0005437965687504408
22.07,6.0,6.1256729625765795e-09,4.47480409916219e-06,9.02299498555064e-06,0.0005202704559735488
30.05,24.0,8.193343454422577e-10,4.439153483606152e-06,8.951109084343444e-06,0.0005161254785398886
26.29,6.0,4.114549024804452e-09,4.264730064209813e-06,8.599401701472667e-06,0.0004958458529002346
29.31,6.0,3.2593790579448788e-09,4.199709916161976e-06,8.468295074949009e-06,0.0004882861784826104
31.19,12.0,1.4371332515795675e-09,4.194991961360757e-06,8.45878179088783e-06,0.00048773763771047863
32.05,12.0,1.3438022005239736e-09,4.140254579814362e-06,8.348409334737679e-06,0.00048137350604686614
26.21,12.0,1.8838183967657822e-09,3.8825497157342765e-06,7.828773246806595e-06,0.00045141102631135097
35.54,12.0,1.020392872270294e-09,3.866268593032144e-06,7.795943990990014e-06,0.0004495180748112873
32.23,6.0,2.465908090765432e-09,3.843117759457926e-06,7.749262650170962e-06,0.0004468264050816379
34.77,24.0,5.166671447044808e-10,3.7479034676863043e-06,7.557272552242664e-06,0.0004357561588993536
31.58,6.0,2.3808789133362825e-09,3.5606044148944096e-06,7.179602742193088e-06,0.00041397952657310335
32.97,6.0,2.0733281650117004e-09,3.3805615730515772e-06,6.8165643559012e-06,0.00039304654954336435
27.18,6.0,3.042566825259167e-09,3.372685325799786e-06,6.800682690942688e-06,0.0003921308047066648
30.41,6.0,2.324929411197384e-09,3.2258395580363697e-06,6.5045828848245354e-06,0.00037505754007674216
34.07,12.0,8.616772096259429e-10,3.0012217211271588e-06,6.051663478480803e-06,0.0003489419779562849
28.0,9.0,1.6764427722762563e-09,2.9572450502953155e-06,5.962988919415474e-06,0.0003438289580164476
31.75,12.0,9.744703606767485e-10,2.9467983706864873e-06,5.9419242346522326e-06,0.000342614357635503
31.0,9.0,1.2349396956139592e-09,2.6702483568412824e-06,5.384288786734761e-06,0.0003104608155777234
34.64,6.0,1.4733872338508956e-09,2.6520970209316115e-06,5.347688433006501e-06,0.0003083504206641178
37.27,12.0,6.096340211286699e-10,2.540344966043167e-06,5.122351589529441e-06,0.0002953573842619929
32.92,6.0,1.5229636386990572e-09,2.4763388765246665e-06,4.993289710624337e-06,0.0002879156110265771
33.78,12.0,7.155905975843685e-10,2.4494666155312927e-06,4.939104483557299e-06,0.0002847912634193421
36.5,12.0,6.076548706892099e-10,2.4281888632740823e-06,4.89620002390586e-06,0.0002823173705686978
28.84,6.0,1.9277303886006575e-09,2.40580752497362e-06,4.851070293356807e-06,0.0002797151674722405
33.96,6.0,1.3250656273890102e-09,2.2917010025692934e-06,4.620985901580723e-06,0.0002664483850332126
22.34,6.0,2.972855582823652e-09,2.2251824037435028e-06,4.4868577989083986e-06,0.00025871449077216656
35.79,24.0,2.8602234940486794e-10,2.1983677775258146e-06,4.432788786603053e-06,0.00025559684416688865
33.29,6.0,1.3089648962831997e-09,2.1754996576226773e-06,4.3866775096303665e-06,0.0002529380446070396
34.7,12.0,5.826773395604466e-10,2.1046305504923335e-06,4.243777042012741e-06,0.0002446983313449449
29.55,12.0,7.870046511790427e-10,2.0611651814379127e-06,4.156133471851407e-06,0.000239644758746932
32.14,6.0,1.2935864679437145e-09,2.0044122320787856e-06,4.041696824763663e-06,0.00023304628377761547
33.45,12.0,5.841485514221035e-10,1.9609866871240014e-06,3.954133555916837e-06,0.00022799734139402472
29.72,6.0,1.455301600508406e-09,1.9275469698733835e-06,3.886705710052691e-06,0.00022410941768695946
33.87,12.0,5.568082778607529e-10,1.91597728411885e-06,3.863376595697249e-06,0.00022276424915005996
19.52,12.0,1.649869656045791e-09,1.8858010168603389e-06,3.802529170397187e-06,0.00021925575582202697
24.02,6.0,2.1473501096107308e-09,1.8585315198680872e-06,3.747542956662011e-06,0.00021608522291825488
39.0,14.0,3.4380716959951366e-10,1.8302574673630104e-06,3.690531157190774e-06,0.0002127978937161138
36.37,10.0,5.112442948916189e-10,1.690940505354029e-06,3.4096124349958638e-06,0.00019659997806594417
32.7,6.0,1.0517542360967831e-09,1.6864879175811916e-06,3.4006342370107146e-06,0.00019608229062767846
38.22,12.0,3.833914246658526e-10,1.6804046143104315e-06,3.388367864295554e-06,0.0001953750053708565
25.71,6.0,1.5161852699048547e-09,1.5032976951106634e-06,3.0312494724211416e-06,0.0001747833782143994
22.65,12.0,9.74766178143454e-10,1.500165148162775e-06,3.0249330047554195e-06,0.00017441916749303136
31.43,12.0,5.03257971562801e-10,1.491656627712142e-06,3.007776424118763e-06,0.00017342991037329737
34.66,6.0,8.194918996255397e-10,1.4763146571754094e-06,2.9768408747284956e-06,0.00017164615094387943
31.22,12.0,4.981511344993844e-10,1.457092068410699e-06,2.9380804467433335e-06,0.00016941120505574987
35.51,8.0,5.694968183409981e-10,1.436270975855997e-06,2.8960967957160325e-06,0.00016699040649624858
22.0,3.0,3.952168650510098e-09,1.4346372201351652e-06,2.892802490680547e-06,0.0001668004552011772
35.68,12.0,3.5361430916685536e-10,1.35045304670822e-06,2.7230535233824547e-06,0.00015701264386373934
37.51,16.0,2.380428122225767e-10,1.3397049471886615e-06,2.701381055511217e-06,0.00015576299840128506
35.16,12.0,3.547566050279527e-10,1.3154374914436484e-06,2.652448157746973e-06,0.00015294150275902002
35.0,9.0,4.748876400539422e-10,1.3089090578986778e-06,2.639284224346894e-06,0.00015218246369899264
36.43,6.0,5.817109577324739e-10,1.1578956613664887e-06,2.334780811579388e-06,0.0001346246428579358
38.11,6.0,5.268080925911435e-10,1.1473880256635102e-06,2.3135932149479018e-06,0.00013340295531648206
27.4,6.0,1.009911916870681e-09,1.1376657743548217e-06,2.2939892674090624e-06,0.00013227258178294393
25.87,12.0,5.593399369964078e-10,1.1225952535517904e-06,2.26360106926183e-06,0.00013052038290312706
28.48,6.0,9.081013884150844e-10,1.10470533900695e-06,2.227527845573614e-06,0.00012844038257432732
34.39,18.0,2.0627541541470902e-10,1.0981071739602031e-06,2.2142233055733537e-06,0.0001276732360665947
14.11,6.0,3.655770091865305e-09,1.0912473724217933e-06,2.200391201751304e-06,0.00012687566996198138
32.19,12.0,3.4119837818260317e-10,1.0604445593915304e-06,2.138280409557082e-06,0.0001232943302596415
21.07,12.0,7.111964171158202e-10,9.473136275982723e-07,1.9101631986891562e-06,0.00011014097646705629
20.52,6.0,1.467884328710315e-09,9.269689535805638e-07,1.8691401979998487e-06,0.00010777556949207649
68.51,2.0,3.9251671812486104e-10,9.210404790799863e-07,1.8571860220168844e-06,0.00010708628565678625
36.86,12.0,2.223609472371217e-10,9.065655818857449e-07,1.827998839314416e-06,0.00010540333793515789
37.24,8.0,3.2468854148984085e-10,9.006860140928183e-07,1.8161432788167589e-06,0.00010471974031864411
27.5,12.0,3.921581412182212e-10,8.894146642829257e-07,1.7934157290600913e-06,0.00010340925830086639
25.06,6.0,9.433375047682839e-10,8.886239294917232e-07,1.7918212914271106e-06,0.00010331732222025672
39.84,6.0,3.7240794438417774e-10,8.86517111606535e-07,1.7875731038434172e-06,0.00010307236957484698
36.39,6.0,4.387822380716413e-10,8.714215248102796e-07,1.757134362627448e-06,0.0001013172563561149
33.15,12.0,2.5622529190640813e-10,8.447747874154273e-07,1.7034038813444676e-06,9.821912962086343e-05
29.1,6.0,6.583377714950647e-10,8.364181386844794e-07,1.6865535348433842e-06,9.72475301163231e-05
37.4,6.0,3.7665789443843494e-10,7.904165914790555e-07,1.5937960150583675e-06,9.189908459564976e-05
36.72,6.0,3.8600696151588193e-10,7.80506076185113e-07,1.573812452019662e-06,9.074682224032619e-05
40.73,8.0,2.327881509646595e-10,7.723910849007401e-07,1.5574493835938523e-06,8.980331943614028e-05
35.59,8.0,2.951503483198168e-10,7.479109826424155e-07,1.5080877054001665e-06,8.695710009737588e-05
30.12,6.0,5.441795713050198e-10,7.403563067604792e-07,1.4928544569518303e-06,8.60787432847138e-05
67.02,2.0,3.2563373660487383e-10,7.313733724145465e-07,1.4747412681366915e-06,8.503432765342082e-05
29.14,12.0,2.8568966396197113e-10,7.276515741111404e-07,1.4672366340377034e-06,8.46016066543681e-05
34.6,24.0,1.0031025910951506e-10,7.204282809245369e-07,1.4526715856562363e-06,8.376177859563175e-05
38.16,8.0,2.3260428529607225e-10,6.773436787821622e-07,1.3657957938963519e-06,7.875247648869727e-05
36.1,6.0,3.2919027725004403e-10,6.434023968852109e-07,1.2973565930793393e-06,7.480623754336337e-05
39.95,8.0,2.0095147245304443e-10,6.414371000701176e-07,1.2933937685813852e-06,7.457773907785437e-05
41.68,4.0,3.643325968384824e-10,6.328457207084437e-07,1.2760701112365058e-06,7.357884823059319e-05
30.81,12.0,2.0839251847854333e-10,5.932935001084128e-07,1.1963170136186037e-06,6.898024427155124e-05
30.79,12.0,1.953647727743013e-10,5.556174137701128e-07,1.1203469531260555e-06,6.459977214715228e-05
31.76,6.0,3.5748366836624555e-10,5.410515320723124e-07,1.0909763092706107e-06,6.290624596262273e-05
70.0,1.0,4.249675193877917e-10,5.205852112500446e-07,1.04970801996459e-06,6.0526695521901584e-05
65.55,2.0,2.4055527922582834e-10,5.168330174166918e-07,1.0421420963190174e-06,6.009044053658387e-05
38.12,6.0,2.369828502921407e-10,5.165041222117206e-07,1.0414789120277135e-06,6.00522009948149e-05
34.87,6.0,2.8220169061220087e-10,5.147358836766543e-07,1.0379134358456059e-06,5.984661383423257e-05
36.29,12.0,1.2924677297245528e-10,5.106540000141707e-07,1.0296827256285738e-06,5.937202691886147e-05
38.97,10.0,1.3248119271304595e-10,5.03097329327792e-07,1.0144454548565596e-06,5.849343817698106e-05
42.67,4.0,2.566112765069018e-10,4.6728913451906807e-07,9.422418108442489e-07,5.4330139532418615e-05
39.23,4.0,3.0006331309494166e-10,4.6179743885311527e-07,9.311683557034216e-07,5.369163850647913e-05
37.32,8.0,1.6153790599072409e-10,4.500446060901572e-07,9.07469943720193e-07,5.232517608151847e-05
65.51,2.0,2.069902573998315e-10,4.4409759725133826e-07,8.954783950975984e-07,5.1633737320918796e-05
35.55,6.0,2.3154057820248424e-10,4.390009362719101e-07,8.852014878986795e-07,5.104116565231633e-05
28.21,6.0,3.6293288128045565e-10,4.3334186024886406e-07,8.737905270058095e-07,5.038320387395594e-05
40.95,8.0,1.2851796920756794e-10,4.310492687221829e-07,8.691677454514097e-07,5.011665195067268e-05
8.19,6.0,4.247939706473151e-09,4.2691794050055153e-07,8.608373352253121e-07,4.9636316282336507e-05
32.45,12.0,1.3404770503536795e-10,4.234567002067272e-07,8.538580902968447e-07,4.923388948867214e-05
32.51,12.0,1.2975713918531155e-10,4.1145988835662286e-07,8.296677188822944e-07,4.783906043399882e-05
17.0,3.0,1.846463210004258e-09,4.002209007684228e-07,8.070054243094477e-07,4.653234106313548e-05
33.42,6.0,2.165470260195427e-10,3.6282454209574366e-07,7.315994066818575e-07,4.2184391935702644e-05
26.63,6.0,3.2914985620745174e-10,3.5005087207662485e-07,7.058425784553063e-07,4.0699240188714015e-05
67.0,1.0,2.999182418004395e-10,3.365832468605431e-07,6.786864589695991e-07,3.9133404599763076e-05
43.71,12.0,5.826176606045276e-11,3.3401470482457564e-07,6.735072508082743e-07,3.883476883680527e-05
39.85,6.0,1.395438108690083e-10,3.3239335748997767e-07,6.70237966042791e-07,3.8646260223160995e-05
64.09,2.0,1.5640845140419193e-10,3.212629591842101e-07,6.477946308990413e-07,3.735216616376002e-05
36.59,8.0,1.1988973135917135e-10,3.210647005798608e-07,6.473948622492313e-07,3.732911530115247e-05
34.12,12.0,9.022718175048421e-11,3.1507331867269074e-07,6.353138397716137e-07,3.6632517432803626e-05
29.82,12.0,1.1559477042598325e-10,3.082912527260973e-07,6.216384819969026e-07,3.584398938458416e-05
38.57,4.0,1.9822951288681576e-10,2.9496551517558187e-07,5.947684648000432e-07,3.429465059835918e-05
25.0,3.0,6.21231590632632e-10,2.9120230810904614e-07,5.871803340710807e-07,3.3857115141377726e-05
26.91,6.0,2.5839760445895645e-10,2.8061979844242663e-07,5.65841761579309e-07,3.262672225543497e-05
39.05,6.0,1.2214435612516161e-10,2.7940521463630707e-07,5.633926747926496e-07,3.2485506672221795e-05
23.58,6.0,3.32136148782622e-10,2.770015480847067e-07,5.585459215580026e-07,3.220604042853894e-05
34.22,6.0,1.573273530380224e-10,2.7634549561128623e-07,5.572230573505976e-07,3.21297634090482e-05
42.0,6.0,9.991346530551594e-11,2.6437102919839513e-07,5.33077743275644e-07,3.073753238337241e-05
64.02,2.0,1.2817602436361009e-10,2.6269676193321875e-07,5.297017507621423e-07,3.054287094698953e-05
40.29,4.0,1.611364430590057e-10,2.615244470847662e-07,5.273378951017226e-07,3.0406569833637294e-05
25.63,12.0,1.3164244471152948e-10,2.5946725852642456e-07,5.231897800926825e-07,3.0167387423512933e-05
35.09,6.0,1.338360343221682e-10,2.471282373758835e-07,4.983093778447314e-07,2.873277084187058e-05
38.31,6.0,9.140211126094472e-11,2.0126744899660023e-07,4.058356841567447e-07,2.3400690877551382e-05
28.83,12.0,7.969034975459559e-11,1.9866804193820673e-07,4.0059423976420005e-07,2.309846654201355e-05
12.53,6.0,8.389539749180462e-10,1.9757366109319978e-07,3.9838753022832805e-07,2.2971226553709462e-05
30.27,6.0,1.424458585290758e-10,1.957206096189501e-07,3.94651037235651e-07,2.2755778477305217e-05
35.93,6.0,9.413230997727499e-11,1.8228721827099296e-07,3.675639469216302e-07,2.119392314531843e-05
44.8,4.0,8.89198551253755e-11,1.7846214923662856e-07,3.598510777207378e-07,2.074919520493515e-05
28.05,6.0,1.5114656172238338e-10,1.7842851611327356e-07,3.5978325989080483e-07,2.0745284794549362e-05
62.65,2.0,8.849139282080242e-11,1.736643584108247e-07,3.5017681229958693e-07,2.019137216614021e-05
37.99,8.0,5.7071832590241196e-11,1.6470930885543602e-07,3.321198503761012e-07,1.9150198605867464e-05
30.45,12.0,5.8103469395159815e-11,1.615857483879394e-07,3.2582150304944104e-07,1.8787032712417585e-05
68.0,1.0,1.3954388736923083e-10,1.613127337988308e-07,3.2527099643196246e-07,1.875529022232968e-05
66.51,2.0,7.237414909785543e-11,1.6005543072990725e-07,3.22735770523785e-07,1.860910781378843e-05
33.06,6.0,9.498037859699886e-11,1.5572033070977962e-07,3.1399447484319964e-07,1.810508028226252e-05
31.95,6.0,9.837200318038018e-11,1.5065672287075222e-07,3.037842159965848e-07,1.751635159137407e-05
24.06,12.0,8.55646683842804e-11,1.4862582898349502e-07,2.9968912156231933e-07,1.728022637441652e-05
17.09,6.0,3.3674883835455444e-10,1.4749599119929482e-07,2.9741091665425804e-07,1.714886392677953e-05
43.09,4.0,7.848872120750703e-11,1.4575355528234054e-07,2.9389746887131143e-07,1.6946276750016147e-05
39.69,4.0,8.892504739273432e-11,1.400569496435565e-07,2.824108332612673e-07,1.628395152917652e-05
62.55,2.0,7.055735517373177e-11,1.3804546539740616e-07,2.7835487642732977e-07,1.605008300605521e-05
41.39,4.0,7.848532066069488e-11,1.3444535429177032e-07,2.7109561239392565e-07,1.5631510169126935e-05
37.64,8.0,4.384570035984874e-11,1.242587148198113e-07,2.5055527256266746e-07,1.4447143782248332e-05
64.0,1.0,1.1965939395592332e-10,1.2253121941086546e-07,2.470719508200691e-07,1.4246293688213438e-05
62.51,2.0,6.26407595726349e-11,1.2236872382514226e-07,2.4674429472101685e-07,1.42274008717673e-05
15.52,6.0,3.223662022838695e-10,1.1653538212561878e-07,2.3498194451809772e-07,1.3549177808007074e-05
33.65,6.0,6.559068724971424e-11,1.1137298695001475e-07,2.2457249088600974e-07,1.2948963445007358e-05
33.72,12.0,3.2270668982620354e-11,1.1007525189971798e-07,2.2195573793059132e-07,1.2798080145674284e-05
38.43,4.0,6.891484725638361e-11,1.0178722939767856e-07,2.0524376935747905e-07,1.1834459582471882e-05
20.3,6.0,1.5630736389180093e-10,9.659795088513295e-08,1.9478010816478208e-07,1.12311195841016e-05
45.92,4.0,4.2456710529122515e-11,8.954120250591936e-08,1.8055088073293578e-07,1.041065513122612e-05
35.37,12.0,2.3625016758410964e-11,8.866468789431632e-08,1.7878347667009944e-07,1.0308745718760094e-05
37.8,2.0,1.1476945176571031e-10,8.200277328659998e-08,1.653503920551002e-07,9.534187263505628e-06
61.22,2.0,4.3281559039289515e-11,8.110964163962852e-08,1.6354948140214695e-07,9.430345844101088e-06
35.34,6.0,4.246883125963298e-11,7.956535536492238e-08,1.6043558255782947e-07,9.250796861287408e-06
37.47,4.0,5.369950833352049e-11,7.539410970026275e-08,1.520246827996098e-07,8.765820125806078e-06
44.23,4.0,3.6427182753154383e-11,7.125156946516997e-08,1.4367166466956873e-07,8.284180874290237e-06
65.02,2.0,3.248587196697694e-11,6.867513333818926e-08,1.3847653886312482e-07,7.984627291861469e-06
29.61,6.0,5.181896329926092e-11,6.816784622017773e-08,1.3745364511836639e-07,7.925646721014404e-06
39.15,8.0,2.1281032464322596e-11,6.524764553561308e-08,1.315653524580102e-07,7.5861247870872456e-06
26.51,12.0,3.0540210151213764e-11,6.44093032089098e-08,1.2987491899044572e-07,7.488653538087205e-06
61.1,2.0,3.4199562244744934e-11,6.38334829298164e-08,1.287138349796818e-07,7.42170484658609e-06
42.53,4.0,3.454675313214901e-11,6.249507641605756e-08,1.2601507208533847e-07,7.26609281268238e-06
40.84,4.0,3.6424871426434854e-11,6.075668553929332e-08,1.2250978072143104e-07,7.063975939167466e-06
39.13,2.0,7.908396123876641e-11,6.053877232827567e-08,1.2207038052273506e-07,7.038639901399903e-06
37.04,8.0,2.0355939244729814e-11,5.58566972875386e-08,1.1262944441059283e-07,6.494270748613366e-06
61.02,2.0,2.953999572075017e-11,5.500347203203681e-08,1.1090900100539902e-07,6.395069111426349e-06
32.79,6.0,3.308018059430818e-11,5.3341791208321935e-08,1.0755838779246035e-07,6.201871058354371e-06
64.55,4.0,1.1960602743893664e-11,4.98398316338049e-08,1.004970365064042e-07,5.794709970570431e-06
66.02,4.0,1.1304781019132154e-11,4.927754046239705e-08,9.936323258837742e-08,5.729334263018667e-06
36.76,4.0,2.983583834850189e-11,4.0308217608826046e-08,8.127748998643684e-08,4.686501194264874e-06
45.74,2.0,3.710850341353677e-11,3.881549457055945e-08,7.826756325207606e-08,4.512947295915092e-06
47.09,4.0,1.7319844402854786e-11,3.839809504112906e-08,7.742591884093263e-08,4.464417653345811e-06
31.48,6.0,2.527892447344347e-11,3.7577121229773716e-08,7.577050724771572e-08,4.368965783339668e-06
44.64,2.0,3.738313934049614e-11,3.7252298352804394e-08,7.511553439859478e-08,4.3311997174814746e-06
31.8,12.0,1.2184052558972128e-11,3.695423141136246e-08,7.451451221787127e-08,4.296544474458955e-06
31.05,6.0,2.484038284658339e-11,3.591919359615958e-08,7.242746196729618e-08,4.1762041010856734e-06
30.2,12.0,1.292082540980913e-11,3.5351378321237766e-08,7.128251924694383e-08,4.1101861245562365e-06
63.1,4.0,8.355076476424823e-12,3.326155945264721e-08,6.706860848031784e-08,3.867209897760676e-06
59.81,2.0,1.8357181923533353e-11,3.2831819870239385e-08,6.62020815863507e-08,3.817245518642703e-06
65.0,1.0,3.089620289302121e-11,3.263411430575366e-08,6.580342808612168e-08,3.794258956124188e-06
39.89,4.0,1.9650911398470983e-11,3.126460003496733e-08,6.304193951050811e-08,3.6350301277029192e-06
33.41,12.0,9.174727451653902e-12,3.071698750813726e-08,6.193773361140796e-08,3.5713610568973276e-06
45.4,4.0,1.4802541785744883e-11,3.0508038620420204e-08,6.15164090742153e-08,3.547067270917273e-06
46.87,4.0,1.3772731928751158e-11,3.0258692047466285e-08,6.101362664451102e-08,3.518076581642079e-06
37.03,4.0,2.1407068119961158e-11,2.9349090392466746e-08,5.9179505867369946e-08,3.4123202496744945e-06
39.51,4.0,1.8688420488268483e-11,2.9172624382187098e-08,5.8823679804242065e-08,3.391803138847405e-06
20.0,3.0,9.695879362941493e-11,2.9087638088824467e-08,5.8652313442305655e-08,3.3819220677168146e-06
38.94,2.0,3.7092002359890623e-11,2.811573778879709e-08,5.669257367733045e-08,3.2689224813548677e-06
35.03,12.0,7.454397556189036e-12,2.7439637404331835e-08,5.532928486209471e-08,3.1903145585241256e-06
61.0,1.0,2.8000426110989696e-11,2.6047396389748157e-08,5.2521970080288184e-08,3.028443367868395e-06
27.06,12.0,1.182779412156919e-11,2.597383589096593e-08,5.2373642690543704e-08,3.0198907355307615e-06
38.69,4.0,1.7328884793116974e-11,2.594134053529611e-08,5.2308119055371076e-08,3.016112609575588e-06
59.66,2.0,1.4527759372599958e-11,2.585214780354162e-08,5.212827083106132e-08,3.0057424699692256e-06
34.83,6.0,1.4073891808627347e-11,2.5607446145797454e-08,5.163485440838598e-08,2.9772918293979714e-06
63.55,2.0,1.229970088816972e-11,2.483924594365875e-08,5.00858555207935e-08,2.8879757698367256e-06
40.36,4.0,1.4797705072224574e-11,2.4105461562653822e-08,4.8606252694935165e-08,2.8026611223054118e-06
43.59,2.0,2.5364315010978848e-11,2.4096099260429903e-08,4.8587374548730856e-08,2.801572598844035e-06
42.04,8.0,6.815427914637499e-12,2.408572225032892e-08,4.8566450345563235e-08,2.8003660987029695e-06
24.88,6.0,2.513955920251663e-11,2.3342080719536688e-08,4.7066971562873776e-08,2.7139053934447033e-06
63.51,2.0,1.1457212546870651e-11,2.3103469100764666e-08,4.658583509478187e-08,2.686162821267667e-06
67.51,4.0,5.068545660027684e-12,2.3097362572746154e-08,4.657352189168534e-08,2.685452835747362e-06
59.56,2.0,1.2481218380837174e-11,2.213544079841472e-08,4.463390282592344e-08,2.573613419081948e-06
40.15,4.0,1.2743540545875409e-11,2.0542587359951156e-08,4.142207315260551e-08,2.3884176951208405e-06
36.35,2.0,3.0807821225630143e-11,2.0348565919528707e-08,4.103084832013768e-08,2.365859473343907e-06
59.51,2.0,1.1441230129580273e-11,2.0256697944421864e-08,4.084560573513225e-08,2.355178292170601e-06
36.51,8.0,7.389535711708724e-12,1.9700502207415448e-08,3.972409265103251e-08,2.2905112803215127e-06
48.04,2.0,1.6041244225053757e-11,1.8511595835712035e-08,3.732678184312975e-08,2.152281126239057e-06
34.18,6.0,9.745677435249343e-12,1.707442686655685e-08,3.4428874333725234e-08,1.985186313075416e-06
28.51,12.0,6.648789489553058e-12,1.6216397565019904e-08,3.269874405010613e-08,1.8854261255774037e-06
61.65,4.0,4.257733703242152e-12,1.6183645806023414e-08,3.263270340326561e-08,1.8816181884678822e-06
48.28,8.0,3.0106869080849835e-12,1.4035822365492189e-08,2.830183221777845e-08,1.6318979647456692e-06
11.14,6.0,7.431060471610202e-11,1.3821772477194973e-08,2.7870222023015942e-08,1.6070111025461978e-06
32.6,6.0,8.373499089686781e-12,1.335154429850557e-08,2.6922053923506633e-08,1.552339250210997e-06
58.41,2.0,6.905581950291267e-12,1.17809228071969e-08,2.3755052748431827e-08,1.369728360139181e-06
38.0,3.0,1.0667011822396654e-11,1.1552373803655576e-08,2.32942065376911e-08,1.3431557344666947e-06
46.6,4.0,5.224386168260685e-12,1.1347366757462206e-08,2.288083032974679e-08,1.319320253172489e-06
44.93,4.0,4.781180003272024e-12,9.653202426606215e-09,1.946471737300877e-08,1.1223454517340092e-06
36.66,4.0,7.099905991602182e-12,9.542273652713333e-09,1.9241040593331164e-08,1.1094481354504557e-06
31.61,12.0,3.163862295871086e-12,9.482095300725642e-09,1.9119696964383182e-08,1.1024514004125496e-06
45.18,4.0,4.586003794380874e-12,9.36003374433136e-09,1.8873572042069754e-08,1.0882597128671699e-06
49.24,2.0,7.623274824638766e-12,9.2432207248745e-09,1.8638030269636942e-08,1.0746782550983603e-06
58.23,2.0,5.404232552400093e-12,9.162876292594354e-09,1.8476023756387253e-08,1.0653368775785816e-06
38.3,4.0,6.0256013039066105e-12,8.839557112830997e-09,1.7824082962312422e-08,1.0277456415483899e-06
43.27,4.0,4.629827725749912e-12,8.667037502603833e-09,1.747621442025037e-08,1.0076873654119953e-06
40.04,4.0,5.265341119132106e-12,8.440341813968766e-09,1.7019105233686618e-08,9.813302184442685e-07
39.36,2.0,1.0853338684474655e-11,8.405910811125623e-09,1.6949678559553707e-08,9.773270412879362e-07
44.03,4.0,4.3274551292743e-12,8.390935495662865e-09,1.6919482333454603e-08,9.75585911613541e-07
36.01,2.0,1.2898448120732663e-11,8.36464360629513e-09,1.68664673677335e-08,9.725290418675964e-07
41.61,4.0,4.783129897290482e-12,8.279597852209823e-09,1.6694981109195887e-08,9.626410574383201e-07
58.1,2.0,4.747470850081255e-12,8.013730794937157e-09,1.6158886774911284e-08,9.317295868911527e-07
34.04,12.0,2.3028316085195503e-12,8.006945502822474e-09,1.6145204911891235e-08,9.309406837471961e-07
63.02,4.0,1.9960872964096753e-12,7.92845874133923e-09,1.5986944206036425e-08,9.218152913769647e-07
42.58,6.0,2.804250549022709e-12,7.626159368067253e-09,1.5377387749770808e-08,8.866679577088436e-07
40.11,2.0,9.165890145930328e-12,7.373958622400949e-09,1.4868850166209273e-08,8.573454233504695e-07
62.1,2.0,3.821213949671137e-12,7.36730049496595e-09,1.485542471804934e-08,8.565713052170777e-07
40.71,2.0,8.847657622321414e-12,7.330284340093289e-09,1.4780785343364108e-08,8.522675611095776e-07
40.63,4.0,4.350351661429998e-12,7.182430593020923e-09,1.4482653047767389e-08,8.350771021080002e-07
58.03,2.0,4.248605055344919e-12,7.1525266106731686e-09,1.4422354657761378e-08,8.316002664328019e-07
46.36,2.0,6.554633892109868e-12,7.04295411707205e-09,1.4201412681664081e-08,8.188606403073395e-07
62.02,2.0,3.606179484728016e-12,6.936486238874338e-09,1.3986730852066215e-08,8.064819773963016e-07
40.85,2.0,8.28029675991843e-12,6.909907646151928e-09,1.3933137777700748e-08,8.033917736134337e-07
33.18,12.0,2.0700205715626817e-12,6.837277947871536e-09,1.3786687254088165e-08,7.949473623265495e-07
60.22,4.0,1.6616402889428626e-12,6.026769327995762e-09,1.2152377672970654e-08,7.007122450144392e-07
32.74,6.0,3.692972282899259e-12,5.938299430902006e-09,1.1973986972470805e-08,6.904261469683776e-07
23.26,6.0,7.122525931121233e-12,5.779929793104879e-09,1.1654650434816677e-08,6.720130406416662e-07
38.74,4.0,3.826760182973174e-12,5.743967034642734e-09,1.1582135128653608e-08,6.678317713998082e-07
31.1,6.0,3.853933539708107e-12,5.5901305993466086e-09,1.1271939340522502e-08,6.499457253152778e-07
61.55,4.0,1.4716843462406395e-12,5.576211987905782e-09,1.1243873852413218e-08,6.483274550714042e-07
18.68,6.0,1.062422652535466e-11,5.561782586023163e-09,1.1214778406457106e-08,6.466497969369842e-07
64.51,4.0,1.2764514878908345e-12,5.311314641113761e-09,1.0709734842341788e-08,6.17528729507648e-07
39.66,2.0,6.570484318341784e-12,5.1676859163758115e-09,1.0420121881780186e-08,6.008294996744798e-07
36.06,6.0,2.607362510948216e-12,5.08435689634902e-09,1.0252097245798164e-08,5.911411141531371e-07
49.51,8.0,9.006097195434777e-13,4.414788845202127e-09,8.901980227465569e-09,5.132926837959877e-07
47.57,4.0,1.7633708074696344e-12,3.9905081373037805e-09,8.046460608059342e-09,4.639629896982323e-07
57.04,2.0,2.4498312505226883e-12,3.984650528975151e-09,8.034649326625494e-09,4.6328194523494033e-07
50.48,4.0,1.5614849758170365e-12,3.978663718381808e-09,8.022577521745077e-09,4.625858788579097e-07
40.78,2.0,4.675841032475925e-12,3.887961818503732e-09,7.839686210830925e-09,4.5204027333831407e-07
47.84,4.0,1.6061787166748458e-12,3.6765430824687212e-09,7.41338147148993e-09,4.274593263826964e-07
42.93,4.0,1.9687213565250916e-12,3.6283534600757428e-09,7.316211916896728e-09,4.2185648070275204e-07
31.51,12.0,1.1892205417531452e-12,3.5426879938826185e-09,7.1434760708649115e-09,4.118964444263421e-07
58.0,1.0,4.136671176108853e-12,3.478940459107545e-09,7.014935541744453e-09,4.044847324832814e-07
62.0,1.0,3.5321872368670438e-12,3.394431934629229e-09,6.844532552986377e-09,3.9465920993756436e-07
41.22,2.0,3.938057135154142e-12,3.3453795363134437e-09,6.745623297022428e-09,3.8895605219639585e-07
46.18,4.0,1.489949887727021e-12,3.1780631105217356e-09,6.408246456056028e-09,3.6950273285336254e-07
23.0,3.0,7.264658017053473e-12,2.882253068265965e-09,5.8117750868514915e-09,3.3510989192547044e-07
56.82,2.0,1.7561861305079515e-12,2.8353625077050873e-09,5.717224960536538e-09,3.2965808380532715e-07
44.53,4.0,1.428667361988152e-12,2.8330473788225053e-09,5.7125567346576994e-09,3.293889115393046e-07
35.76,2.0,4.365499448594344e-12,2.791736897376082e-09,5.629258279869132e-09,3.245858804920591e-07
39.28,2.0,3.545884032995651e-12,2.735649531456144e-09,5.516163715228168e-09,3.1806479067563894e-07
27.84,6.0,2.3244962623342685e-12,2.7022269049635865e-09,5.448770331168576e-09,3.141788540536599e-07
21.52,6.0,3.83238125094159e-12,2.661588778778934e-09,5.366827613529842e-09,3.0945399549639735e-07
56.67,2.0,1.6522772658278748e-12,2.652731150286652e-09,5.3489670914380056e-09,3.084241487562045e-07
42.88,4.0,1.4262755845514254e-12,2.622920799990071e-09,5.288857501099979e-09,3.049581993653838e-07
60.1,4.0,7.173404728079157e-13,2.5910337877821915e-09,5.224560529684011e-09,3.0125080346303943e-07
41.24,4.0,1.4934914945969316e-12,2.54042903230938e-09,5.122521100748634e-09,2.9536715836465424e-07
39.61,4.0,1.5998012298792436e-12,2.5100881296805326e-09,5.061341704687826e-09,2.9183952343459886e-07
34.0,3.0,2.865514943994091e-12,2.484401456442876e-09,5.009547096771415e-09,2.8885302013710233e-07
38.2,2.0,3.1837186092969524e-12,2.3225227254821264e-09,4.6831348236621595e-09,2.7003192332414075e-07
56.56,2.0,1.4415431489811495e-12,2.305748266795348e-09,4.649310805166139e-09,2.68081613304689e-07
56.51,2.0,1.3863516252996621e-12,2.21331036979091e-09,4.462919029646391e-09,2.573341692249048e-07
37.36,2.0,3.054118674115337e-12,2.131774834532505e-09,4.298510776351343e-09,2.4785430615897076e-07
58.81,4.0,5.221056247146921e-13,1.80596335588812e-09,3.6415445108128053e-09,2.0997329890158774e-07
48.82,2.0,1.4934696127951315e-12,1.779469043645399e-09,3.5881213796065823e-09,2.0689289412726324e-07
60.65,2.0,9.499668416223501e-13,1.7474640051643128e-09,3.5235864200133205e-09,2.0317177570620807e-07
60.56,2.0,9.419078674175059e-13,1.726988074909997e-09,3.4822987542485178e-09,2.0079110800907022e-07
60.51,2.0,9.338970963589192e-13,1.7094986348850016e-09,3.4470330473821173e-09,1.987576695087725e-07
51.74,2.0,1.2399683510045944e-12,1.6596976378196493e-09,3.3466143168995406e-09,1.9296747470315425e-07
43.86,4.0,8.573790572943653e-13,1.6495973062343585e-09,3.3262480082909603e-09,1.9179314304462486e-07
44.68,2.0,1.5870192665525018e-12,1.5838452280193968e-09,3.1936655177783117e-09,1.841483695626949e-07
55.68,2.0,9.512731819541834e-13,1.4744734320289838e-09,2.973128228343243e-09,1.7143207787492427e-07
40.45,2.0,1.7147266415876305e-12,1.4026463928186816e-09,2.8282961864795897e-09,1.6308098906454025e-07
41.33,4.0,7.908995366970408e-13,1.3508564086785452e-09,2.7238668624594186e-09,1.5705954140641896e-07
45.9,4.0,6.282432999428381e-13,1.3237086329795599e-09,2.6691260875399843e-09,1.539031606289402e-07
50.76,4.0,4.849329334535749e-13,1.2496721695098624e-09,2.5198389625996866e-09,1.4529518947434592e-07
44.98,2.0,1.1232188361552334e-12,1.1361358527710183e-09,2.290904333527481e-09,1.320947029345362e-07
41.07,4.0,6.356864246506421e-13,1.0724029983856332e-09,2.162393405944791e-09,1.246846978311199e-07
42.79,2.0,1.1604910733983142e-12,1.0624295776961566e-09,2.14228300046653e-09,1.2352512167655672e-07
49.11,4.0,4.360245794270358e-13,1.0516912855780102e-09,2.1206303082395e-09,1.2227661648775277e-07
40.93,2.0,1.250470856480535e-12,1.047269342302448e-09,2.1117139018186558e-09,1.217624919823478e-07
47.47,4.0,4.185695189418718e-13,9.430371261760372e-10,1.9015400612213614e-09,1.09643761997861e-07
43.49,2.0,9.878150136826535e-13,9.339790954369488e-10,1.8832754480390636e-09,1.0859061516094577e-07
58.66,4.0,2.577491831080821e-13,8.869149390749103e-10,1.7883752831506491e-09,1.031186236395577e-07
53.03,4.0,3.0691753879803456e-13,8.630521191000729e-10,1.740258292953387e-09,1.0034417364040624e-07
41.8,2.0,9.87112978363307e-13,8.622431866003485e-10,1.7386271614609428e-09,1.0025012177329497e-07
55.24,2.0,5.530969694940854e-13,8.440259754479741e-10,1.701893976893295e-09,9.813206776628565e-08
45.83,4.0,3.999959850287945e-13,8.399915685604683e-10,1.6937589988453283e-09,9.766300081621771e-08
54.34,2.0,5.434186389103022e-13,8.023576203510608e-10,1.617873905675879e-09,9.328742795065713e-08
37.16,2.0,1.1570855857269205e-12,7.989675969444384e-10,1.6110382624787656e-09,9.28932813054767e-08
34.51,12.0,2.2208633000975813e-13,7.935144571248656e-10,1.6000425513465789e-09,9.225926303840935e-08
47.16,2.0,6.992522259476437e-13,7.775684752537796e-10,1.567889073501721e-09,9.04052772380993e-08
44.19,4.0,3.976476060800927e-13,7.76605774674421e-10,1.5659478840535025e-09,9.029334727238691e-08
55.43,2.0,4.747203710264265e-13,7.294078500821041e-10,1.4707779889055547e-09,8.480580296776644e-08
42.57,4.0,3.986868541110734e-13,7.22420579649265e-10,1.456688856804778e-09,8.399341648256044e-08
37.75,4.0,4.981139953525533e-13,7.098124433773882e-10,1.4312658108261656e-09,8.252751078886224e-08
37.72,2.0,9.597411481408003e-13,6.828558269021794e-10,1.3769104893655546e-09,7.939335545283606e-08
55.11,2.0,4.432368259500037e-13,6.730551202050803e-10,1.3571483443815239e-09,7.825386017456959e-08
55.03,2.0,4.4302840350399545e-13,6.707450029050489e-10,1.3524902238577407e-09,7.798527058843225e-08
39.34,4.0,4.2944401030853434e-13,6.64779327957611e-10,1.3404610368937267e-09,7.729166158202353e-08
26.23,6.0,6.234915667550831e-13,6.434432968912456e-10,1.2974390638515076e-09,7.481099284981197e-08
60.02,4.0,1.784671352862794e-13,6.430170884364646e-10,1.2965796571232873e-09,7.476143902305335e-08
50.09,2.0,4.940188633908847e-13,6.197466641238647e-10,1.2496571735393607e-09,7.205586487957719e-08
32.42,6.0,3.8859504046415396e-13,6.126200812917385e-10,1.2352871319166615e-09,7.12272810092134e-08
61.51,4.0,1.6116938307335235e-13,6.09703776166492e-10,1.2294066942621144e-09,7.088821199889537e-08
36.17,4.0,4.575749659159494e-13,5.985080554180618e-10,1.2068316429449798e-09,6.958652311829636e-08
40.6,2.0,6.87442281468872e-13,5.664524399303503e-10,1.1421946998755583e-09,6.585952427840817e-08
57.42,4.0,1.4555854170770483e-13,4.799065120103027e-10,9.676834908175745e-10,5.57971196716797e-08
46.13,4.0,2.1894581421851997e-13,4.659166926570104e-10,9.394744190735959e-10,5.417057032278469e-08
48.45,2.0,3.228127815497818e-13,3.7882079914866885e-10,7.638542594033759e-10,4.404422306269067e-08
59.03,2.0,2.0849110682950884e-13,3.631915080970045e-10,7.323393569267999e-10,4.222705784119748e-08
59.1,2.0,2.0143436967953026e-13,3.5180512664529956e-10,7.093798573675821e-10,4.090320148045167e-08
52.05,4.0,1.290389521938845e-13,3.4956652149323303e-10,7.048659339389551e-10,4.0642926371776305e-08
39.4,2.0,4.376458779893344e-13,3.396132013197235e-10,6.847960591410905e-10,3.948568723675092e-08
58.56,4.0,9.594458219324865e-14,3.289939723406496e-10,6.633834458276858e-10,3.8251025119572486e-08
59.23,2.0,1.8679090519494473e-13,3.2763124771193304e-10,6.606356478863417e-10,3.809258570004986e-08
55.0,1.0,4.1916397618710316e-13,3.169927569914967e-10,6.391841951976539e-10,3.6855684084842156e-08
53.84,2.0,1.9881442920382034e-13,2.8818151513093753e-10,5.810892071100224e-10,3.3505897679049816e-08
50.41,4.0,1.0622945362526828e-13,2.6992904166180666e-10,5.442849196068669e-10,3.138374384080519e-08
48.77,4.0,1.0903943353468594e-13,2.5940481237901784e-10,5.230638636810515e-10,3.016012701951197e-08
40.34,2.0,3.088588412877089e-13,2.512566673875511e-10,5.066339441202581e-10,2.9212769545060144e-08
57.24,4.0,7.208141429258941e-14,2.361387132225229e-10,4.761501013418952e-10,2.74550557474217e-08
47.15,4.0,1.0392138569394523e-13,2.3101724039764025e-10,4.658231635378018e-10,2.6859599288812326e-08
45.53,4.0,1.0263417194451982e-13,2.127606384409896e-10,4.290105513524114e-10,2.4736965445178237e-08
37.59,4.0,1.4349661269592976e-13,2.0276071373934876e-10,4.088467031840228e-10,2.3574307758063414e-08
43.92,4.0,1.0411595149492957e-13,2.008396704337191e-10,4.049731114625512e-10,2.335095449959295e-08
53.56,2.0,1.3647288131323882e-13,1.9577034824384104e-10,3.947513301988811e-10,2.2761561420307424e-08
59.0,1.0,2.1098627037211326e-13,1.8361080179133158e-10,3.70232820732041e-10,2.1347811759520464e-08
42.32,4.0,1.0176842851658286e-13,1.822672554731999e-10,3.675236939361603e-10,2.1191602137810584e-08
49.76,2.0,1.466554256198823e-13,1.8155941691741422e-10,3.6609640827227405e-10,2.1109304124308e-08
53.51,2.0,1.2343141370216073e-13,1.7669206871464302e-10,3.562818873562062e-10,2.054339388271509e-08
53.67,2.0,1.2049936125973476e-13,1.7357932989464787e-10,3.5000536079956795e-10,2.018148618590471e-08
45.51,4.0,8.002512964305548e-14,1.657320434907678e-10,3.341820924947842e-10,1.9269108529804388e-08
42.23,2.0,1.6387119176099552e-13,1.4609116745492743e-10,2.945782300561157e-10,1.6985529784357224e-08
56.04,4.0,4.6007049352116704e-14,1.4450814201499857e-10,2.913862175590431e-10,1.6801476728804752e-08
24.52,6.0,1.5683897636900618e-13,1.4139033719665906e-10,2.850994759233433e-10,1.6438980025367452e-08
51.39,2.0,1.0447861212838639e-13,1.3796400731553415e-10,2.7819062435104304e-10,1.6040612148234594e-08
37.0,3.0,1.3102133156097704e-13,1.3452615218023314e-10,2.712585332562221e-10,1.5640904268475355e-08
52.46,2.0,9.773137755654262e-14,1.3447837551780261e-10,2.711621963940972e-10,1.5635349436264425e-08
44.24,2.0,1.3146986039369793e-13,1.2864325839523335e-10,2.593962662281485e-10,1.4956919950024666e-08
53.36,4.0,4.2460029366282246e-14,1.2088370360580552e-10,2.4374989995074623e-10,1.405474255432522e-08
57.11,4.0,3.630306172118514e-14,1.183842842727847e-10,2.3871007080764307e-10,1.3764143456075688e-08
47.32,2.0,1.045971937029004e-13,1.17096558350397e-10,2.361135002577405e-10,1.361442388445577e-08
41.58,6.0,4.5122795986564774e-14,1.1702597139115574e-10,2.3597116871312643e-10,1.3606216975581904e-08
43.28,2.0,1.23532809690977e-13,1.1568847627559995e-10,2.3327424356211975e-10,1.3450710906888775e-08
51.1,2.0,8.84098558185829e-14,1.1541906677115994e-10,2.327310062373669e-10,1.3419387567897275e-08
54.06,2.0,7.83357250945168e-14,1.1448766222563628e-10,2.30852922111773e-10,1.3311096287015023e-08
44.44,2.0,1.108738852971098e-13,1.0948796173089593e-10,2.2077152603417855e-10,1.27297978885853e-08
35.38,6.0,5.566578266133307e-14,1.0454033983798348e-10,2.1079514124930988e-10,1.2154554494423705e-08
46.81,2.0,9.356520232551081e-14,1.0250067914759707e-10,2.0668236943321475e-10,1.1917409990686135e-08
38.59,2.0,1.3558079249911858e-13,1.0093990001559375e-10,2.0353521439144324e-10,1.1735943438701569e-08
29.21,6.0,7.450116545316988e-14,9.532424119733085e-11,1.9221179995029793e-10,1.1083029633040995e-08
36.04,4.0,7.162533620811771e-14,9.304131173434488e-11,1.87608500981133e-10,1.081760108547943e-08
41.94,2.0,9.738386397316702e-14,8.564910836440038e-11,1.7270286210597693e-10,9.958134406558156e-09
54.69,4.0,2.700129784565762e-14,8.076088185636194e-11,1.6284624217516821e-10,9.389796714475657e-09
50.11,4.0,2.8400975852887897e-14,7.13148503666015e-11,1.4379926427921528e-10,8.291538332340382e-09
57.51,2.0,4.134477747642219e-14,6.836358955726408e-11,1.3784834198326728e-10,7.948405141938075e-09
57.56,2.0,3.9289513271991624e-14,6.508307873505412e-11,1.3123351996136313e-10,7.566991157442778e-09
52.12,2.0,4.465284078783313e-14,6.063855778987738e-11,1.2227158792750873e-10,7.0502416221583095e-09
57.66,2.0,3.5708767289187656e-14,5.936582561827448e-11,1.1970525077668866e-10,6.902265323625817e-09
48.5,4.0,2.483439920609834e-14,5.841050693274329e-11,1.1777894617918356e-10,6.7911936259364325e-09
51.73,4.0,2.1782759583011027e-14,5.82906646441375e-11,1.1753729618843883e-10,6.777259965209358e-09
46.89,4.0,2.6108476851785744e-14,5.741254059707684e-11,1.1576664685994573e-10,6.675163429083648e-09
40.58,4.0,3.249147722521059e-14,5.3513462989921825e-11,1.0790454677287836e-10,6.221830760301434e-09
45.3,4.0,2.4644662637288823e-14,5.057084773171666e-11,1.0197105736623347e-10,5.8797027591163616e-09
57.82,2.0,2.943178376609139e-14,4.9195226565021756e-11,9.919725484570987e-11,5.719763902401444e-09
55.83,4.0,1.482923650312987e-14,4.6222730180255796e-11,9.320351313546779e-11,5.374161722906825e-09
52.03,2.0,3.2525573070022686e-14,4.4023363150275695e-11,8.876870945621591e-11,5.118448699010388e-09
45.64,2.0,4.0402175092314185e-14,4.207886535864522e-11,8.484782410917222e-11,4.892368466161634e-09
48.14,4.0,1.807753024025415e-14,4.188563756666885e-11,8.445819958943108e-11,4.869902519226186e-09
42.14,4.0,2.302149159736438e-14,4.0886169076919136e-11,8.244287132669975e-11,4.753697671959098e-09
55.67,4.0,1.2247539353731521e-14,3.795512445721399e-11,7.653271295552629e-11,4.4129149500834465e-09
41.73,2.0,4.204020721352719e-14,3.65960003793754e-11,7.379217516497256e-11,4.254894154528597e-09
58.51,4.0,1.0242251304908563e-14,3.5059226216702003e-11,7.069342374335792e-11,4.07621857977167e-09
52.26,2.0,2.3827063113623792e-14,3.253585468165329e-11,6.560529738008569e-11,3.782834639371627e-09
57.03,4.0,8.531917241239247e-15,2.7745794868510026e-11,5.5946620772863615e-11,3.2259104594748545e-09
52.0,1.0,3.729766910479323e-14,2.5213224314840214e-11,5.083994550844381e-11,2.931456980049985e-09
39.04,4.0,1.574610509838575e-14,2.399706416993988e-11,4.838768019226678e-11,2.7900581212166744e-09
50.69,2.0,1.7787017811640305e-14,2.2847424379051965e-11,4.606954651792038e-11,2.656393360714069e-09
40.51,4.0,1.3754232390954359e-14,2.25706953535561e-11,4.551155011091052e-11,2.6242190055723977e-09
51.47,4.0,8.462046768172222e-15,2.2415961888888218e-11,4.51995455527542e-11,2.606228664893082e-09
29.05,6.0,1.623615398033112e-14,2.055497093909919e-11,4.14470434015996e-11,2.389857492311323e-09
40.0,1.0,4.3677448361431494e-14,1.747097934457259e-11,3.522848275039617e-11,2.0312921389356625e-09
29.0,3.0,2.651539718760109e-14,1.6724586776079384e-11,3.3723456775286467e-11,1.9445115797558907e-09
48.54,2.0,1.3885549525562027e-14,1.6357177341112067e-11,3.298261239061837e-11,1.9017941177120842e-09
46.52,2.0,1.4643221179145978e-14,1.584396531583594e-11,3.194777166285159e-11,1.8421246777802873e-09
27.51,6.0,1.3844881736430446e-14,1.572086321171677e-11,3.1699548580105695e-11,1.8278120092428253e-09
27.0,6.0,1.3492900158605402e-14,1.4754486323435005e-11,2.9750946222574345e-11,1.7154546114289663e-09
54.25,4.0,4.9909217208997e-15,1.4688282624607816e-11,2.96174530842592e-11,1.7077573295340099e-09
43.58,4.0,7.573425405053047e-15,1.4381934844195735e-11,2.899973341983628e-11,1.6721393011534336e-09
46.7,4.0,6.31553757307943e-15,1.3774187446886235e-11,2.7774271567901404e-11,1.6014785507589859e-09
30.0,6.0,1.0116003580252092e-14,1.365660483334032e-11,2.7537177985947422e-11,1.587807614868061e-09
49.87,4.0,5.476768250912298e-15,1.3620722640018883e-11,2.7464825131334075e-11,1.5836357126647508e-09
47.89,2.0,1.1701412785820824e-14,1.3415669758943572e-11,2.705135650193382e-11,1.5597949023026357e-09
49.27,2.0,1.1013772452468885e-14,1.3370719757297221e-11,2.6960719318614115e-11,1.5545687164553183e-09
50.51,2.0,1.0254529269841549e-14,1.307965208368289e-11,2.6373810461538177e-11,1.5207272548148322e-09
24.0,6.0,1.513785225776811e-14,1.3079104350711647e-11,2.6372706012774964e-11,1.5206635717403588e-09
43.55,4.0,6.397250012179633e-15,1.2135583273104758e-11,2.4470190111888434e-11,1.4109635423336865e-09
52.85,4.0,4.224504541602009e-15,1.1799041184694409e-11,2.3791586644817806e-11,1.371834923088807e-09
43.31,2.0,1.2122643635306439e-14,1.1371039729917437e-11,2.292856451140552e-11,1.3220726302376299e-09
56.03,2.0,7.17193739464425e-15,1.1256355740894153e-11,2.269731571593897e-11,1.3087387076926897e-09
45.13,4.0,5.4983197581061436e-15,1.1200077347262212e-11,2.2583835963019523e-11,1.3021954077252495e-09
24.64,6.0,1.1912266226367574e-14,1.0846118399107673e-11,2.187011313996071e-11,1.2610417886457553e-09
33.0,6.0,6.313714312997724e-15,1.031345233028178e-11,2.079604527878018e-11,1.1991104923546905e-09
38.63,2.0,1.3763161589559285e-14,1.0267318545811227e-11,2.070302111577376e-11,1.1937466720509652e-09
56.11,2.0,6.400071191097094e-15,1.0073712054786826e-11,2.0312632987272156e-11,1.171236695048047e-09
55.56,4.0,3.2622043745613145e-15,1.0070424904270777e-11,2.0306004776971595e-11,1.1708545090886308e-09
50.57,2.0,7.646157449501714e-15,9.775612299187939e-12,1.971154464008256e-11,1.1365776368336164e-09
30.61,6.0,6.8677235654417105e-15,9.65258547122832e-12,1.9463473344184785e-11,1.1222737204026123e-09
38.51,2.0,1.2250863790452341e-14,9.08401550062041e-12,1.8317008855450996e-11,1.0561679979383754e-09
56.24,2.0,5.565756560205856e-15,8.802243999965563e-12,1.774884480153056e-11,1.0234073711316074e-09
35.17,6.0,4.567366190845914e-15,8.474747967114591e-12,1.708848180088986e-11,9.85330506409685e-10
43.14,2.0,8.817327691256994e-15,8.20452341671463e-12,1.6543601017463382e-11,9.539124047595685e-10
49.49,2.0,6.230651779675167e-15,7.629433104212237e-12,1.5383988911333555e-11,8.870485840243525e-10
56.43,2.0,3.8945444929085826e-15,6.200114832710463e-12,1.2501911548677377e-11,7.208665451313467e-10
43.51,4.0,3.189561931166405e-15,6.0378407356980045e-12,1.2174702059461457e-11,7.019994804343302e-10
40.26,2.0,7.443769458257011e-15,6.033175145917306e-12,1.2165294364227656e-11,7.014570279674068e-10
53.08,4.0,2.133999949954605e-15,6.011477859022121e-12,1.2121543954932204e-11,6.989343572322878e-10
18.0,6.0,1.1936176989876361e-14,5.8009820170799106e-12,1.1697100139239932e-11,6.744607120757738e-10
56.0,1.0,7.341137948230191e-15,5.7554521514124696e-12,1.1605293718108103e-11,6.691671073846434e-10
33.6,6.0,3.2554768063396006e-15,5.513149971536111e-12,1.1116715602605414e-11,6.409954460528635e-10
49.69,4.0,1.82531956599924e-15,4.506714008452124e-12,9.087338126642863e-12,5.239805140427852e-10
43.97,2.0,4.623492045299338e-15,4.46860506178181e-12,9.010495246576842e-12,5.195497147001841e-10
43.03,2.0,4.523214203065658e-15,4.1884963520387975e-12,8.44568404425103e-12,4.869824150127085e-10
42.3,2.0,4.619625673981549e-15,4.132255165376495e-12,8.332279315465165e-12,4.804434409747684e-10
46.57,4.0,1.820348793353951e-15,3.948336532784719e-12,7.961425784707107e-12,4.5905983876110495e-10
49.03,2.0,3.2707274110671366e-15,3.931414348102697e-12,7.927303891514277e-12,4.570923531359281e-10
15.0,6.0,8.563425394183148e-15,2.8901560705368117e-12,5.827710700630427e-12,3.3602874747845063e-10
48.12,4.0,1.203661102675165e-15,2.7876791137956815e-12,5.621076165057612e-12,3.2411409561235625e-10
54.44,4.0,9.399994629417783e-16,2.786158408159431e-12,5.618009814212677e-12,3.2393728827124344e-10
54.11,4.0,7.403198235194117e-16,2.1676564432648366e-12,4.370862452199217e-12,2.520261403940672e-10
45.21,2.0,2.047557980351952e-15,2.0926042559196953e-12,4.219527221636473e-12,2.433000744330613e-10
43.0,3.0,1.492521271597201e-15,2.0697538733874174e-12,4.173451710298388e-12,2.406433371377987e-10
51.26,4.0,7.642790230552809e-16,2.0085252725892785e-12,4.049990359649021e-12,2.335244931951478e-10
54.51,2.0,1.20892104797234e-15,1.7958522167629112e-12,3.621156409880734e-12,2.0879771068666023e-10
41.9,2.0,2.036607357520141e-15,1.7881412599026836e-12,3.605608036467771e-12,2.0790118360910302e-10
55.51,4.0,5.593802213088011e-16,1.7234504618524159e-12,3.4751655112792113e-12,2.0037980161045709e-10
54.56,2.0,1.1537175470072007e-15,1.7173085687202185e-12,3.4627809979674485e-12,1.9966570430706285e-10
45.03,4.0,8.44143338047923e-16,1.7119226895611876e-12,3.4519209112311787e-12,1.9903950621128207e-10
46.51,4.0,7.348352506221924e-16,1.5894486470958023e-12,3.2049642520039756e-12,1.8479986029464408e-10
51.12,4.0,5.843254295445654e-16,1.5268423473999491e-12,3.0787249092972573e-12,1.7752083592446514e-10
54.67,2.0,9.332162999136593e-16,1.3946917602209635e-12,2.812256465309551e-12,1.6215613062671684e-10
33.51,6.0,8.267504974845885e-16,1.3926612130127887e-12,2.808162069918987e-12,1.6192004571697282e-10
49.0,1.0,2.2894402496642895e-15,1.3742365098609893e-12,2.771010498483699e-12,1.5977786731149611e-10
49.12,4.0,5.502777345264671e-16,1.3278201734123645e-12,2.6774165976686918e-12,1.5438119563747376e-10
54.84,2.0,8.712873377271002e-16,1.309980512272695e-12,2.6414447049466624e-12,1.5230703810345183e-10
54.03,4.0,4.465859090400265e-16,1.303584268487837e-12,2.6285473189788746e-12,1.515633683032277e-10
52.56,4.0,4.587748941953881e-16,1.267595032661857e-12,2.5559786238593686e-12,1.4737902062712992e-10
32.0,3.0,1.6343068946552996e-15,1.2551476950952698e-12,2.530879812390102e-12,1.459318104592842e-10
12.0,6.0,5.3413818045925736e-15,1.1537384697919956e-12,2.32639825048858e-12,1.3414130014435513e-10
41.51,2.0,1.2781034898561257e-15,1.101086156511052e-12,2.220230125988885e-12,1.2801959237085338e-10
35.04,6.0,5.261486757956217e-16,9.691658608155346e-13,1.954226041748444e-12,1.1268166229107124e-10
50.86,2.0,6.940490397283053e-16,8.977524328885629e-13,1.8102280056764982e-12,1.0437866267659514e-10
49.57,4.0,3.310847488630124e-16,8.134752279564213e-13,1.640291449651328e-12,9.458003487824505e-11
49.79,2.0,6.537996885506444e-16,8.103847139585237e-13,1.6340597372259672e-12,9.422071118691746e-11
52.72,2.0,5.674152979156913e-16,7.884235564538528e-13,1.5897772592335487e-12,9.166736110153579e-11
47.51,4.0,3.0481821978470203e-16,6.879747220540722e-13,1.3872322295498312e-12,7.998851221405711e-11
44.58,2.0,6.512032932288014e-16,6.469704718228139e-13,1.304551259383522e-12,7.522108564254206e-11
46.03,2.0,5.820359011048619e-16,6.16667037220601e-13,1.2434474138516198e-12,7.169780699420755e-11
55.05,2.0,4.057359385417524e-16,6.148928148600257e-13,1.2398698718837557e-12,7.149152411431392e-11
48.03,4.0,2.186529803548629e-16,5.044324256786687e-13,1.0171375431384674e-12,5.864866534935477e-11
39.96,2.0,5.649822259946436e-16,4.5113830745672284e-13,9.09675283155736e-13,5.24523370691444e-11
38.35,2.0,5.947855530084608e-16,4.37464774237723e-13,8.821039707729446e-13,5.086256124768432e-11
9.0,6.0,2.834213811812436e-15,3.4435697813521095e-13,6.943614107118394e-13,4.003723024782764e-11
46.49,2.0,2.5412170037818166e-16,2.745784972586253e-13,5.536600818722921e-13,3.1924320440312315e-11
53.11,2.0,1.8831532211502715e-16,2.656187618432458e-13,5.355936713807208e-13,3.0882602070823324e-11
44.71,2.0,2.4255278295316495e-16,2.4243150656168833e-13,4.888388898309883e-13,2.8186697711486203e-11
53.45,2.0,1.661183724376445e-16,2.3730009502717516e-13,4.78491911612796e-13,2.7590085712460603e-11
53.25,2.0,1.1566494937686503e-16,1.6401289821639464e-13,3.3071560796353813e-13,1.9069229277894706e-11
53.0,1.0,2.0482428268037809e-16,1.438378525122955e-13,2.900346458057926e-13,1.672354441769623e-11
46.29,2.0,1.2717481311673658e-16,1.362678122545832e-13,2.7477041663014156e-13,1.5843401240622736e-11
52.09,2.0,5.471858861151817e-17,7.42257654515244e-14,1.4966883345645379e-13,8.629980660757991e-12
38.04,2.0,9.838657106121518e-17,7.118268416278916e-14,1.4353276434584806e-13,8.27617181134908e-12
6.0,6.0,1.179715508968011e-15,6.370463748427258e-14,1.2845403102328723e-13,7.406724419014803e-12
51.68,2.0,3.5228793143404793e-17,4.7048053243017086e-14,9.486769455921965e-14,5.470119265778634e-12
51.51,2.0,3.311483343057288e-17,4.392682654565492e-14,8.857405304665859e-14,5.107224711950577e-12
50.74,2.0,3.005130015150434e-17,3.869104894506184e-14,7.801663109282269e-14,4.498478420655574e-12
51.57,2.0,2.5743603673412895e-17,3.422612108380244e-14,6.901355055337924e-14,3.979356241720109e-12
44.84,2.0,3.26620839520518e-17,3.2841725413788084e-14,6.622205512436229e-14,3.818397202949891e-12
43.21,2.0,3.335283124016741e-17,3.113486796269628e-14,6.278034775998078e-14,3.6199466150174166e-12
51.03,4.0,1.1548116044760557e-17,3.007129418055649e-14,6.063575758567411e-14,3.4962884605299427e-12
52.37,2.0,1.590717551552431e-17,2.1816691219541597e-14,4.399117617508368e-14,2.536553475212507e-12
44.91,2.0,2.1404235417618417e-17,2.1586171418668164e-14,4.352635604860248e-14,2.509751711547857e-12
53.7,2.0,1.1716999169582126e-17,1.6895912802537428e-14,3.406891857503647e-14,1.9644310819129016e-12
52.51,4.0,5.565776004932568e-18,1.5344844445599088e-14,3.0941344340106004e-14,1.7840935691575296e-12
41.04,2.0,1.501190351962373e-17,1.264002276352318e-14,2.548734190036814e-14,1.4696130290766245e-12
50.27,2.0,9.809342166777503e-18,1.2394103827723378e-14,2.4991470958221418e-14,1.4410208596708066e-12
41.15,2.0,1.2366901221373154e-17,1.0468581883892375e-14,2.1108848510680587e-14,1.2171468849661725e-12
51.86,2.0,6.498513486452726e-18,8.737251382535691e-15,1.7617793687744968e-14,1.0158508976065463e-12
50.03,2.0,6.100318457684175e-18,7.634548549791747e-15,1.539430369580008e-14,8.876433397153686e-13
48.88,2.0,5.515896571833868e-18,6.588738455055555e-15,1.328553222077402e-14,7.660505095505776e-13
39.59,2.0,7.64870501065778e-18,5.992760375850371e-15,1.2083802021864687e-14,6.967581382764084e-13
41.0,1.0,1.422703685111706e-17,5.978912236681945e-15,1.2055878634045473e-14,6.951480616071546e-13
51.07,2.0,4.040954272196838e-18,5.269404370944676e-15,1.0625226973572845e-14,6.126559630384014e-13
3.0,6.0,2.805042439401825e-16,3.786807293192462e-15,7.63571822599328e-15,4.4027937613672803e-13
50.12,2.0,2.283423459695756e-18,2.8679798653778696e-15,5.782994600547936e-15,3.3345039452396795e-13
50.0,1.0,4.434575469414486e-18,2.7716096683840537e-15,5.588673735329606e-15,3.222457551205088e-13
47.79,2.0,1.796839591534671e-18,2.0519908135325948e-15,4.137634276407124e-15,2.385780857781058e-13
48.57,2.0,1.2984101295324716e-18,1.5314747477835503e-15,3.088065681430751e-15,1.7805942957156567e-13
42.72,2.0,1.3294154819196926e-18,1.2130916272517193e-15,2.4460779571903666e-15,1.4104209258369833e-13
44.14,2.0,1.2292036486547975e-18,1.1972443537897725e-15,2.4141235149816973e-15,1.3919958327887125e-13
39.74,2.0,1.1085441579718056e-18,8.751956127187405e-16,1.7647444334860682e-15,1.0175605689207283e-13
46.16,2.0,7.419479943600453e-19,7.905455879906283e-16,1.594056123624303e-15,9.191408258716131e-14
48.51,2.0,6.432132950573561e-19,7.567404416349794e-16,1.5258914265127723e-15,8.798367166436829e-14
44.0,1.0,1.4068463706507063e-18,6.809136433949419e-16,1.3729942705415608e-15,7.916754429406736e-14
46.0,1.0,1.053815119766133e-18,5.574681983562843e-16,1.1240788751656118e-15,6.481495666008697e-14
52.68,4.0,1.5918247775413312e-19,4.417313757677193e-16,8.907071460980293e-16,5.135862468963125e-14
44.31,2.0,3.408649574917576e-19,3.3455895577816015e-16,6.746046784310821e-16,3.8898047068770434e-14
47.29,2.0,2.880507368655738e-19,3.2204072381571154e-16,6.493629155020007e-16,3.744259424742677e-14
47.13,2.0,2.346790821431809e-19,2.606111207200024e-16,5.254962638198129e-16,3.0300380442164876e-14
47.03,2.0,1.6468898513597285e-19,1.8214601756038598e-16,3.672792298087623e-16,2.1177506212540293e-14
47.7,2.0,1.370808957320972e-19,1.5592951889526054e-16,3.1441628190040336e-16,1.812940189059054e-14
42.51,2.0,1.7068537393566411e-19,1.542142353508725e-16,3.109575841614993e-16,1.792997162906696e-14
42.33,2.0,1.4956656064952485e-19,1.3401163834197423e-16,2.7022106755275683e-16,1.55810834711167e-14
45.71,2.0,3.944528939346122e-20,4.120060477147025e-17,8.307689946119261e-17,4.790256054975037e-15
45.57,2.0,3.944338113914843e-20,4.0961951313005646e-17,8.259567862754458e-17,4.762508618237351e-15
49.43,2.0,2.2131728030695928e-20,2.703390578949508e-17,5.451116763393788e-17,3.1431415052292285e-15
41.87,2.0,2.8955101264100235e-20,2.5379146257983853e-17,5.117451051459864e-17,2.9507481675751595e-15
47.0,1.0,3.2360095755266815e-20,1.78708628808461e-17,3.603480791293808e-17,2.077785255761109e-15
44.54,2.0,9.028901720114969e-21,8.956670506354047e-18,1.80602304090123e-17,1.0413620228018742e-15
41.62,2.0,5.5713040688239424e-21,4.8247493236015326e-18,9.72862453611013e-18,5.609574128660105e-16
48.69,2.0,8.407538518713592e-22,9.967136913934966e-19,2.0097734873258465e-18,1.1588455610681656e-16
42.76,2.0,3.336672643329766e-22,3.0497187960034066e-19,6.149452980261269e-19,3.5458057010470374e-17
44.51,2.0,9.867311584157293e-23,9.773572124107794e-20,1.9707430831050956e-19,1.1363404325235078e-17
41.76,2.0,1.1028885753772086e-22,9.617188377289258e-20,1.939209864396606e-19,1.118158219076585e-17
42.15,2.0,9.915762465634161e-24,8.81015495071595e-21,1.776479644262364e-20,1.0243271508276298e-18
60.0,2.0,1.7620584926521673e-34,3.1717052867739e-31,6.395426540250892e-31,3.687635300219123e-29
66.0,2.0,6.914114827353566e-35,1.5058942093976064e-31,3.0364850838293335e-31,1.7508526621710827e-29
63.0,2.0,5.883195468080151e-35,1.167520140640506e-31,2.354187611587516e-31,1.3574364876510802e-29
69.0,2.0,3.6951307212065e-35,8.796258681832073e-32,1.773677600604619e-31,1.0227114782778755e-29
51.0,2.0,6.621280345214464e-35,8.610975088951412e-32,1.7363170169361626e-31,1.001169176711984e-29
54.0,2.0,5.288494301925026e-35,7.710624692206686e-32,1.5547703629365563e-31,8.964884574961315e-30
45.0,2.0,7.087652913917124e-35,7.176248575341086e-32,1.4470187627317766e-31,8.343583396581027e-30
57.0,2.0,3.901050372132303e-35,6.337256329528924e-32,1.2778443662862123e-31,7.368115267442834e-30
48.0,2.0,2.734721327998276e-35,3.1503989698540145e-32,6.352464482813635e-32,3.662863160537966e-30
36.0,2.0,2.4808152117655455e-35,1.6075682572240736e-32,3.2415006338666216e-32,1.8690656655811237e-30
