from,to,R1,R2,distance,bond_index,trg,shell
0,1,0,0,1.0,0.18452831083089444,0.0019221699044884837,1.0
0,2,0,0,1.732050807568877,0.06308945983460842,0.0019715456198315124,1.73
0,3,0,0,2.6457513110645903,0.02021878032739796,0.0014742860655394343,2.65
0,4,0,0,3.4641016151377544,0.011332207028230777,0.001416525878528847,3.46
0,5,0,0,1.732050807568877,0.28201081303950143,0.008812837907484416,1.73
0,6,0,0,1.0000000000000002,0.24029565948814466,0.0025030797863348415,1.0
0,7,0,0,1.7320508075688772,0.11731638442230366,0.003666137013196989,1.73
0,8,0,0,1.9999999999999998,0.005787219180755928,0.00024113413253149698,2.0
0,9,0,0,2.9999999999999996,0.002516864539240291,0.00023595605055377718,3.0
0,10,0,0,3.605551275463989,0.0004734922542128334,6.411874275798784e-05,3.61
0,11,0,0,4.582575694955839,0.006765596565754162,0.0014799742487587222,4.58
0,12,0,0,2.6457513110645907,0.020218780327397937,0.0014742860655394333,2.65
0,13,0,0,2.9999999999999996,0.000704402373398792,6.603772250613672e-05,3.0
0,14,0,0,2.645751311064591,0.004217786261503328,0.00030754691490128447,2.65
0,15,0,0,3.464101615137755,0.007330448856775381,0.0009163061070969228,3.46
0,16,0,0,3.6055512754639896,0.00012386106462750255,1.6772852501640974e-05,3.61
0,17,0,0,4.58257569495584,0.0007475161780727213,0.0001635191639534078,4.58
0,18,0,0,5.000000000000001,0.011952786460652799,0.003112704807461668,5.0
0,19,0,0,4.0,0.004659764913504626,0.0007766274855841044,4.0
0,20,0,0,4.58257569495584,0.006765596565754167,0.001479974248758724,4.58
0,21,0,0,4.358898943540673,0.004275954127879738,0.0008462825878095314,4.36
0,22,0,0,5.196152422706632,0.0036179591176333085,0.001017551001834368,5.2
0,23,0,0,5.291502622129181,0.0010503562417553283,0.00030635390384530414,5.29
1,0,0,0,1.0,0.18452831083089444,0.0019221699044884837,1.0
1,2,0,0,0.9999999999999996,0.2402956594881445,0.0025030797863348363,1.0
1,3,0,0,1.7320508075688767,0.2820108130395019,0.008812837907484428,1.73
1,4,0,0,2.64575131106459,0.020218780327397774,0.0014742860655394202,2.65
1,5,0,0,2.6457513110645903,0.02021878032739806,0.0014742860655394413,2.65
1,6,0,0,1.7320508075688772,0.06308945983460854,0.0019715456198315163,1.73
1,7,0,0,1.9999999999999996,0.0057872191807559386,0.00024113413253149733,2.0
1,8,0,0,1.7320508075688767,0.1173163844223037,0.0036661370131969885,1.73
1,9,0,0,2.6457513110645894,0.004217786261503361,0.00030754691490128647,2.65
1,10,0,0,2.9999999999999996,0.0007044023733987773,6.603772250613534e-05,3.0
1,11,0,0,3.9999999999999987,0.00465976491350461,0.000776627485584101,4.0
1,12,0,0,3.4641016151377544,0.011332207028230833,0.001416525878528854,3.46
1,13,0,0,3.6055512754639887,0.0004734922542128363,6.411874275798822e-05,3.61
1,14,0,0,3.0,0.0025168645392403084,0.0002359560505537789,3.0
1,15,0,0,3.605551275463989,0.00012386106462750142,1.6772852501640815e-05,3.61
1,16,0,0,3.4641016151377544,0.007330448856775346,0.0009163061070969181,3.46
1,17,0,0,4.358898943540673,0.004275954127879769,0.0008462825878095374,4.36
1,18,0,0,4.582575694955841,0.006765596565754183,0.001479974248758728,4.58
1,19,0,0,4.58257569495584,0.006765596565754121,0.0014799742487587142,4.58
1,20,0,0,4.999999999999999,0.011952786460652773,0.003112704807461658,5.0
1,21,0,0,4.58257569495584,0.0007475161780727045,0.00016351916395340412,4.58
1,22,0,0,5.2915026221291805,0.001050356241755348,0.0003063539038453098,5.29
1,23,0,0,5.196152422706631,0.0036179591176333336,0.0010175510018343749,5.2
2,0,0,0,1.732050807568877,0.06308945983460842,0.0019715456198315124,1.73
2,1,0,0,0.9999999999999996,0.2402956594881445,0.0025030797863348363,1.0
2,3,0,0,1.0,0.2402956594881446,0.0025030797863348398,1.0
2,4,0,0,1.7320508075688772,0.06308945983460865,0.0019715456198315198,1.73
2,5,0,0,2.999999999999999,0.0007044023733987795,6.603772250613555e-05,3.0
2,6,0,0,1.9999999999999996,0.0063429036658195145,0.0002642876527424797,2.0
2,7,0,0,1.7320508075688767,0.09412525689753276,0.002941414278047897,1.73
2,8,0,0,0.9999999999999996,0.16127539952093867,0.0016799520783431097,1.0
2,9,0,0,1.7320508075688767,0.094125256897533,0.0029414142780479044,1.73
2,10,0,0,2.0000000000000004,0.006342903665819476,0.00026428765274247827,2.0
2,11,0,0,2.9999999999999996,0.0007044023733987642,6.603772250613411e-05,3.0
2,12,0,0,3.6055512754639887,0.0004734922542128245,6.411874275798664e-05,3.61
2,13,0,0,3.4641016151377535,0.004872233156359555,0.000609029144544944,3.46
2,14,0,0,2.6457513110645907,0.00013955419809146932,1.0175826944169638e-05,2.65
2,15,0,0,2.9999999999999996,2.746246916099141e-31,2.574606483842944e-32,3.0
2,16,0,0,2.6457513110645907,0.00013955419809146105,1.0175826944169037e-05,2.65
2,17,0,0,3.4641016151377544,0.004872233156359549,0.0006090291445449435,3.46
2,18,0,0,3.60555127546399,0.0004734922542128491,6.411874275799001e-05,3.61
2,19,0,0,4.358898943540673,0.004275954127879742,0.0008462825878095321,4.36
2,20,0,0,4.582575694955838,0.0007475161780727094,0.00016351916395340507,4.58
2,21,0,0,3.9999999999999996,0.008591736130820466,0.0014319560218034107,4.0
2,22,0,0,4.58257569495584,0.0007475161780727243,0.00016351916395340843,4.58
2,23,0,0,4.358898943540673,0.004275954127879749,0.0008462825878095334,4.36
3,0,0,0,2.6457513110645903,0.02021878032739796,0.0014742860655394343,2.65
3,1,0,0,1.7320508075688767,0.28201081303950176,0.008812837907484425,1.73
3,2,0,0,1.0,0.2402956594881446,0.0025030797863348398,1.0
3,4,0,0,0.9999999999999998,0.18452831083089424,0.001922169904488481,1.0
3,5,0,0,3.999999999999999,0.004659764913504613,0.0007766274855841019,4.0
3,6,0,0,2.9999999999999996,0.0007044023733987905,6.603772250613659e-05,3.0
3,7,0,0,2.6457513110645903,0.004217786261503366,0.00030754691490128707,2.65
3,8,0,0,1.7320508075688767,0.11731638442230392,0.0036661370131969954,1.73
3,9,0,0,1.9999999999999996,0.005787219180755968,0.00024113413253149855,2.0
3,10,0,0,1.7320508075688776,0.06308945983460865,0.001971545619831521,1.73
3,11,0,0,2.64575131106459,0.020218780327397993,0.001474286065539436,2.65
3,12,0,0,4.582575694955839,0.006765596565754171,0.0014799742487587241,4.58
3,13,0,0,4.358898943540673,0.004275954127879756,0.0008462825878095348,4.36
3,14,0,0,3.4641016151377544,0.007330448856775282,0.00091630610709691,3.46
3,15,0,0,3.605551275463989,0.00012386106462750505,1.6772852501641306e-05,3.61
3,16,0,0,2.9999999999999996,0.0025168645392402884,0.00023595605055377693,3.0
3,17,0,0,3.605551275463989,0.0004734922542128345,6.4118742757988e-05,3.61
3,18,0,0,3.4641016151377553,0.011332207028230748,0.0014165258785288441,3.46
3,19,0,0,5.196152422706631,0.003617959117633305,0.0010175510018343669,5.2
3,20,0,0,5.29150262212918,0.0010503562417553396,0.0003063539038453072,5.29
3,21,0,0,4.58257569495584,0.0007475161780727081,0.00016351916395340488,4.58
3,22,0,0,4.999999999999999,0.011952786460652884,0.003112704807461687,5.0
3,23,0,0,4.58257569495584,0.00676559656575419,0.0014799742487587291,4.58
4,0,0,0,3.4641016151377544,0.011332207028230777,0.001416525878528847,3.46
4,1,0,0,2.64575131106459,0.020218780327397764,0.0014742860655394194,2.65
4,2,0,0,1.7320508075688772,0.06308945983460867,0.0019715456198315206,1.73
4,3,0,0,0.9999999999999998,0.18452831083089424,0.001922169904488481,1.0
4,5,0,0,4.582575694955839,0.0067655965657542555,0.0014799742487587428,4.58
4,6,0,0,3.6055512754639887,0.00047349225421282494,6.411874275798669e-05,3.61
4,7,0,0,2.9999999999999996,0.0025168645392403,0.00023595605055377804,3.0
4,8,0,0,1.9999999999999996,0.00578721918075589,0.0002411341325314953,2.0
4,9,0,0,1.7320508075688772,0.11731638442230377,0.0036661370131969924,1.73
4,10,0,0,1.0000000000000004,0.2402956594881444,0.0025030797863348398,1.0
4,11,0,0,1.7320508075688767,0.28201081303950104,0.008812837907484402,1.73
4,12,0,0,4.999999999999999,0.011952786460652823,0.0031127048074616713,5.0
4,13,0,0,4.582575694955839,0.0007475161780727115,0.00016351916395340556,4.58
4,14,0,0,3.605551275463989,0.00012386106462750488,1.6772852501641286e-05,3.61
4,15,0,0,3.4641016151377544,0.007330448856775324,0.0009163061070969154,3.46
4,16,0,0,2.6457513110645907,0.004217786261503285,0.0003075469149012812,2.65
4,17,0,0,3.0,0.0007044023733987568,6.603772250613346e-05,3.0
4,18,0,0,2.6457513110645916,0.02021878032739796,0.0014742860655394359,2.65
4,19,0,0,5.2915026221291805,0.0010503562417553485,0.0003063539038453099,5.29
4,20,0,0,5.196152422706631,0.0036179591176333185,0.0010175510018343705,5.2
4,21,0,0,4.358898943540673,0.004275954127879745,0.0008462825878095328,4.36
4,22,0,0,4.58257569495584,0.006765596565754146,0.0014799742487587196,4.58
4,23,0,0,3.9999999999999996,0.004659764913504649,0.000776627485584108,4.0
5,0,0,0,1.732050807568877,0.28201081303950143,0.008812837907484416,1.73
5,1,0,0,2.6457513110645903,0.02021878032739806,0.0014742860655394413,2.65
5,2,0,0,2.999999999999999,0.0007044023733987792,6.60377225061355e-05,3.0
5,3,0,0,3.999999999999999,0.004659764913504619,0.0007766274855841028,4.0
5,4,0,0,4.582575694955839,0.0067655965657542555,0.0014799742487587428,4.58
5,6,0,0,0.9999999999999998,0.24029565948814466,0.002503079786334839,1.0
5,7,0,0,1.7320508075688772,0.11731638442230359,0.0036661370131969868,1.73
5,8,0,0,2.6457513110645907,0.004217786261503292,0.00030754691490128175,2.65
5,9,0,0,3.464101615137754,0.007330448856775367,0.0009163061070969204,3.46
5,10,0,0,4.358898943540673,0.004275954127879707,0.0008462825878095252,4.36
5,11,0,0,5.196152422706631,0.003617959117633302,0.001017551001834366,5.2
5,12,0,0,1.0000000000000009,0.18452831083089438,0.0019221699044884865,1.0
5,13,0,0,1.7320508075688772,0.06308945983460848,0.0019715456198315146,1.73
5,14,0,0,2.0000000000000004,0.0057872191807559255,0.000241134132531497,2.0
5,15,0,0,3.0000000000000004,0.0025168645392403028,0.00023595605055377842,3.0
5,16,0,0,3.6055512754639896,0.00012386106462750657,1.6772852501641516e-05,3.61
5,17,0,0,4.58257569495584,0.000747516178072724,0.00016351916395340838,4.58
5,18,0,0,5.291502622129181,0.0010503562417553526,0.00030635390384531124,5.29
5,19,0,0,2.645751311064591,0.020218780327397868,0.0014742860655394283,2.65
5,20,0,0,3.464101615137754,0.011332207028230741,0.001416525878528842,3.46
5,21,0,0,3.6055512754639896,0.0004734922542128363,6.411874275798825e-05,3.61
5,22,0,0,4.58257569495584,0.006765596565754174,0.0014799742487587256,4.58
5,23,0,0,5.0,0.011952786460652839,0.0031127048074616765,5.0
6,0,0,0,1.0000000000000002,0.24029565948814466,0.0025030797863348415,1.0
6,1,0,0,1.7320508075688772,0.06308945983460854,0.0019715456198315163,1.73
6,2,0,0,1.9999999999999996,0.006342903665819512,0.0002642876527424796,2.0
6,3,0,0,2.9999999999999996,0.0007044023733987913,6.603772250613666e-05,3.0
6,4,0,0,3.6055512754639887,0.00047349225421282494,6.411874275798669e-05,3.61
6,5,0,0,0.9999999999999998,0.24029565948814466,0.002503079786334839,1.0
6,7,0,0,0.9999999999999998,0.16127539952093844,0.001679952078343108,1.0
6,8,0,0,1.7320508075688772,0.0941252568975331,0.0029414142780479088,1.73
6,9,0,0,2.64575131106459,0.00013955419809147127,1.0175826944169774e-05,2.65
6,10,0,0,3.4641016151377544,0.004872233156359536,0.0006090291445449419,3.46
6,11,0,0,4.358898943540673,0.0042759541278796975,0.0008462825878095232,4.36
6,12,0,0,1.7320508075688772,0.06308945983460845,0.0019715456198315137,1.73
6,13,0,0,1.9999999999999993,0.00634290366581953,0.0002642876527424802,2.0
6,14,0,0,1.7320508075688776,0.09412525689753323,0.002941414278047915,1.73
6,15,0,0,2.6457513110645907,0.00013955419809145802,1.0175826944168817e-05,2.65
6,16,0,0,3.0,5.143421833379885e-32,4.821957968793642e-33,3.0
6,17,0,0,3.9999999999999996,0.008591736130820416,0.0014319560218034025,4.0
6,18,0,0,4.582575694955841,0.0007475161780727236,0.00016351916395340835,4.58
6,19,0,0,2.9999999999999996,0.0007044023733987768,6.60377225061353e-05,3.0
6,20,0,0,3.6055512754639882,0.00047349225421283855,6.411874275798852e-05,3.61
6,21,0,0,3.4641016151377544,0.004872233156359533,0.0006090291445449415,3.46
6,22,0,0,4.358898943540673,0.004275954127879742,0.0008462825878095321,4.36
6,23,0,0,4.58257569495584,0.0007475161780727096,0.00016351916395340523,4.58
7,0,0,0,1.7320508075688772,0.11731638442230366,0.003666137013196989,1.73
7,1,0,0,1.9999999999999996,0.0057872191807559386,0.00024113413253149733,2.0
7,2,0,0,1.7320508075688767,0.09412525689753276,0.002941414278047897,1.73
7,3,0,0,2.6457513110645903,0.004217786261503366,0.00030754691490128707,2.65
7,4,0,0,2.9999999999999996,0.002516864539240299,0.0002359560505537779,3.0
7,5,0,0,1.7320508075688772,0.11731638442230359,0.0036661370131969868,1.73
7,6,0,0,0.9999999999999998,0.16127539952093844,0.001679952078343108,1.0
7,8,0,0,1.0,0.13251628557902437,0.001380377974781504,1.0
7,9,0,0,1.7320508075688767,0.054900181083822566,0.0017156306588694541,1.73
7,10,0,0,2.6457513110645903,0.0001395541980914628,1.0175826944169159e-05,2.65
7,11,0,0,3.464101615137754,0.0073304488567753475,0.000916306107096918,3.46
7,12,0,0,1.9999999999999996,0.00578721918075588,0.00024113413253149486,2.0
7,13,0,0,1.732050807568877,0.09412525689753297,0.002941414278047904,1.73
7,14,0,0,1.0000000000000004,0.1325162855790246,0.0013803779747815074,1.0
7,15,0,0,1.7320508075688776,0.054900181083822656,0.0017156306588694589,1.73
7,16,0,0,2.0000000000000004,0.0007769163117052426,3.237151298771845e-05,2.0
7,17,0,0,2.9999999999999996,1.8390113457846466e-31,1.7240731366731055e-32,3.0
7,18,0,0,3.6055512754639896,0.00012386106462750694,1.6772852501641567e-05,3.61
7,19,0,0,2.6457513110645907,0.004217786261503312,0.0003075469149012832,2.65
7,20,0,0,2.999999999999999,0.0025168645392402646,0.00023595605055377466,3.0
7,21,0,0,2.6457513110645907,0.00013955419809146281,1.0175826944169164e-05,2.65
7,22,0,0,3.4641016151377544,0.007330448856775329,0.0009163061070969161,3.46
7,23,0,0,3.605551275463989,0.00012386106462750068,1.6772852501640716e-05,3.61
8,0,0,0,1.9999999999999998,0.005787219180755928,0.00024113413253149698,2.0
8,1,0,0,1.7320508075688767,0.1173163844223037,0.0036661370131969885,1.73
8,2,0,0,0.9999999999999996,0.16127539952093867,0.0016799520783431097,1.0
8,3,0,0,1.7320508075688767,0.11731638442230392,0.0036661370131969954,1.73
8,4,0,0,1.9999999999999996,0.005787219180755892,0.00024113413253149538,2.0
8,5,0,0,2.6457513110645907,0.004217786261503292,0.00030754691490128175,2.65
8,6,0,0,1.7320508075688772,0.0941252568975331,0.0029414142780479088,1.73
8,7,0,0,1.0,0.13251628557902437,0.001380377974781504,1.0
8,9,0,0,0.9999999999999996,0.1325162855790244,0.001380377974781503,1.0
8,10,0,0,1.7320508075688772,0.09412525689753327,0.0029414142780479144,1.73
8,11,0,0,2.64575131106459,0.004217786261503331,0.00030754691490128436,2.65
8,12,0,0,2.9999999999999996,0.0025168645392403036,0.00023595605055377837,3.0
8,13,0,0,2.6457513110645907,0.00013955419809146506,1.0175826944169328e-05,2.65
8,14,0,0,1.7320508075688776,0.054900181083822906,0.0017156306588694667,1.73
8,15,0,0,2.0000000000000004,0.0007769163117052273,3.2371512987717814e-05,2.0
8,16,0,0,1.7320508075688776,0.054900181083822844,0.0017156306588694645,1.73
8,17,0,0,2.6457513110645907,0.00013955419809146547,1.0175826944169359e-05,2.65
8,18,0,0,3.0000000000000004,0.0025168645392402876,0.00023595605055377701,3.0
8,19,0,0,3.4641016151377544,0.007330448856775334,0.0009163061070969165,3.46
8,20,0,0,3.6055512754639887,0.00012386106462751188,1.6772852501642228e-05,3.61
8,21,0,0,3.0,3.1243576369915673e-32,2.9290852846795947e-33,3.0
8,22,0,0,3.605551275463989,0.00012386106462749868,1.6772852501640445e-05,3.61
8,23,0,0,3.4641016151377544,0.007330448856775283,0.0009163061070969103,3.46
9,0,0,0,2.9999999999999996,0.002516864539240291,0.00023595605055377718,3.0
9,1,0,0,2.6457513110645894,0.004217786261503359,0.0003075469149012863,2.65
9,2,0,0,1.7320508075688767,0.09412525689753297,0.0029414142780479035,1.73
9,3,0,0,1.9999999999999996,0.00578721918075597,0.00024113413253149863,2.0
9,4,0,0,1.7320508075688772,0.11731638442230381,0.0036661370131969937,1.73
9,5,0,0,3.464101615137754,0.007330448856775367,0.0009163061070969204,3.46
9,6,0,0,2.64575131106459,0.0001395541980914706,1.0175826944169725e-05,2.65
9,7,0,0,1.7320508075688767,0.05490018108382258,0.0017156306588694545,1.73
9,8,0,0,0.9999999999999996,0.1325162855790244,0.001380377974781503,1.0
9,10,0,0,1.0,0.16127539952093817,0.0016799520783431058,1.0
9,11,0,0,1.7320508075688772,0.11731638442230359,0.0036661370131969868,1.73
9,12,0,0,3.6055512754639882,0.00012386106462749494,1.677285250163993e-05,3.61
9,13,0,0,2.999999999999999,5.623476109646072e-31,5.272008852793189e-32,3.0
9,14,0,0,1.9999999999999996,0.0007769163117052298,3.2371512987717896e-05,2.0
9,15,0,0,1.7320508075688772,0.05490018108382271,0.0017156306588694593,1.73
9,16,0,0,1.0000000000000002,0.13251628557902456,0.0013803779747815065,1.0
9,17,0,0,1.7320508075688776,0.09412525689753293,0.0029414142780479053,1.73
9,18,0,0,2.000000000000001,0.0057872191807559195,0.00024113413253149687,2.0
9,19,0,0,3.6055512754639887,0.00012386106462750011,1.6772852501640635e-05,3.61
9,20,0,0,3.4641016151377535,0.007330448856775395,0.0009163061070969239,3.46
9,21,0,0,2.6457513110645907,0.00013955419809146704,1.0175826944169474e-05,2.65
9,22,0,0,2.9999999999999996,0.0025168645392403244,0.00023595605055378032,3.0
9,23,0,0,2.6457513110645907,0.004217786261503326,0.00030754691490128425,2.65
10,0,0,0,3.605551275463989,0.0004734922542128334,6.411874275798784e-05,3.61
10,1,0,0,2.9999999999999996,0.0007044023733987773,6.603772250613534e-05,3.0
10,2,0,0,2.0000000000000004,0.006342903665819483,0.0002642876527424786,2.0
10,3,0,0,1.7320508075688776,0.06308945983460865,0.001971545619831521,1.73
10,4,0,0,1.0000000000000004,0.2402956594881444,0.0025030797863348398,1.0
10,5,0,0,4.358898943540673,0.004275954127879707,0.0008462825878095252,4.36
10,6,0,0,3.4641016151377544,0.004872233156359536,0.0006090291445449419,3.46
10,7,0,0,2.6457513110645903,0.00013955419809146273,1.0175826944169155e-05,2.65
10,8,0,0,1.7320508075688772,0.09412525689753327,0.0029414142780479144,1.73
10,9,0,0,1.0,0.16127539952093817,0.0016799520783431058,1.0
10,11,0,0,0.999999999999999,0.2402956594881445,0.0025030797863348337,1.0
10,12,0,0,4.582575694955839,0.0007475161780727086,0.0001635191639534049,4.58
10,13,0,0,3.999999999999999,0.008591736130820486,0.0014319560218034137,4.0
10,14,0,0,2.9999999999999996,2.8605784973941078e-33,2.681792341306975e-34,3.0
10,15,0,0,2.6457513110645903,0.00013955419809146745,1.0175826944169498e-05,2.65
10,16,0,0,1.7320508075688767,0.0941252568975331,0.0029414142780479074,1.73
10,17,0,0,1.9999999999999996,0.0063429036658193905,0.0002642876527424745,2.0
10,18,0,0,1.7320508075688776,0.06308945983460856,0.0019715456198315185,1.73
10,19,0,0,4.582575694955839,0.0007475161780727051,0.00016351916395340415,4.58
10,20,0,0,4.358898943540672,0.0042759541278797305,0.0008462825878095295,4.36
10,21,0,0,3.464101615137754,0.004872233156359516,0.0006090291445449391,3.46
10,22,0,0,3.6055512754639882,0.000473492254212829,6.411874275798723e-05,3.61
10,23,0,0,2.999999999999999,0.0007044023733987879,6.603772250613633e-05,3.0
11,0,0,0,4.582575694955839,0.006765596565754162,0.0014799742487587222,4.58
11,1,0,0,3.9999999999999987,0.0046597649135046056,0.0007766274855841004,4.0
11,2,0,0,2.9999999999999996,0.0007044023733987642,6.603772250613411e-05,3.0
11,3,0,0,2.64575131106459,0.020218780327398003,0.0014742860655394367,2.65
11,4,0,0,1.7320508075688767,0.28201081303950104,0.008812837907484402,1.73
11,5,0,0,5.196152422706631,0.003617959117633302,0.001017551001834366,5.2
11,6,0,0,4.358898943540673,0.0042759541278796975,0.0008462825878095232,4.36
11,7,0,0,3.464101615137754,0.0073304488567753475,0.000916306107096918,3.46
11,8,0,0,2.64575131106459,0.004217786261503336,0.0003075469149012847,2.65
11,9,0,0,1.7320508075688772,0.11731638442230362,0.003666137013196987,1.73
11,10,0,0,0.999999999999999,0.2402956594881445,0.0025030797863348337,1.0
11,12,0,0,5.2915026221291805,0.0010503562417553498,0.00030635390384531027,5.29
11,13,0,0,4.582575694955839,0.0007475161780727299,0.00016351916395340957,4.58
11,14,0,0,3.6055512754639887,0.0001238610646274993,1.6772852501640527e-05,3.61
11,15,0,0,2.9999999999999996,0.002516864539240271,0.0002359560505537753,3.0
11,16,0,0,1.9999999999999996,0.005787219180755964,0.0002411341325314984,2.0
11,17,0,0,1.7320508075688776,0.06308945983460842,0.001971545619831514,1.73
11,18,0,0,1.0000000000000013,0.18452831083089424,0.001922169904488487,1.0
11,19,0,0,4.999999999999999,0.011952786460652846,0.003112704807461677,5.0
11,20,0,0,4.582575694955839,0.006765596565754242,0.0014799742487587395,4.58
11,21,0,0,3.605551275463989,0.00047349225421285107,6.411874275799024e-05,3.61
11,22,0,0,3.4641016151377544,0.011332207028230781,0.0014165258785288476,3.46
11,23,0,0,2.6457513110645907,0.020218780327398003,0.0014742860655394378,2.65
12,0,0,0,2.6457513110645907,0.020218780327397937,0.0014742860655394333,2.65
12,1,0,0,3.4641016151377544,0.011332207028230831,0.0014165258785288537,3.46
12,2,0,0,3.6055512754639887,0.0004734922542128245,6.411874275798664e-05,3.61
12,3,0,0,4.582575694955839,0.006765596565754169,0.0014799742487587237,4.58
12,4,0,0,4.999999999999999,0.01195278646065283,0.003112704807461673,5.0
12,5,0,0,1.0000000000000009,0.18452831083089438,0.0019221699044884865,1.0
12,6,0,0,1.7320508075688772,0.06308945983460848,0.0019715456198315146,1.73
12,7,0,0,1.9999999999999996,0.005787219180755877,0.00024113413253149476,2.0
12,8,0,0,2.9999999999999996,0.0025168645392403036,0.00023595605055377837,3.0
12,9,0,0,3.6055512754639882,0.00012386106462749483,1.6772852501639917e-05,3.61
12,10,0,0,4.582575694955839,0.0007475161780727086,0.0001635191639534049,4.58
12,11,0,0,5.2915026221291805,0.0010503562417553522,0.00030635390384531097,5.29
12,13,0,0,0.9999999999999989,0.24029565948814482,0.0025030797863348363,1.0
12,14,0,0,1.7320508075688767,0.11731638442230385,0.0036661370131969933,1.73
12,15,0,0,2.64575131106459,0.0042177862615033245,0.00030754691490128387,2.65
12,16,0,0,3.464101615137754,0.007330448856775283,0.00091630610709691,3.46
12,17,0,0,4.358898943540672,0.00427595412787975,0.0008462825878095334,4.36
12,18,0,0,5.196152422706631,0.003617959117633331,0.001017551001834374,5.2
12,19,0,0,1.7320508075688767,0.28201081303950176,0.008812837907484425,1.73
12,20,0,0,2.645751311064589,0.020218780327397923,0.00147428606553943,2.65
12,21,0,0,2.999999999999999,0.0007044023733987968,6.603772250613717e-05,3.0
12,22,0,0,3.9999999999999987,0.004659764913504598,0.0007766274855840991,4.0
12,23,0,0,4.582575694955839,0.006765596565754215,0.0014799742487587337,4.58
13,0,0,0,2.9999999999999996,0.000704402373398792,6.603772250613672e-05,3.0
13,1,0,0,3.6055512754639887,0.0004734922542128361,6.411874275798821e-05,3.61
13,2,0,0,3.4641016151377535,0.004872233156359545,0.0006090291445449428,3.46
13,3,0,0,4.358898943540673,0.004275954127879756,0.0008462825878095348,4.36
13,4,0,0,4.582575694955839,0.0007475161780727115,0.00016351916395340556,4.58
13,5,0,0,1.7320508075688772,0.06308945983460848,0.0019715456198315146,1.73
13,6,0,0,1.9999999999999993,0.006342903665819532,0.00026428765274248033,2.0
13,7,0,0,1.732050807568877,0.09412525689753297,0.002941414278047904,1.73
13,8,0,0,2.6457513110645907,0.00013955419809146506,1.0175826944169328e-05,2.65
13,9,0,0,2.999999999999999,5.4406241166836295e-31,5.1005851093909e-32,3.0
13,10,0,0,3.999999999999999,0.00859173613082049,0.0014319560218034146,4.0
13,11,0,0,4.582575694955839,0.0007475161780727299,0.00016351916395340957,4.58
13,12,0,0,0.9999999999999989,0.24029565948814482,0.0025030797863348363,1.0
13,14,0,0,0.9999999999999998,0.16127539952093836,0.0016799520783431071,1.0
13,15,0,0,1.7320508075688776,0.09412525689753297,0.002941414278047907,1.73
13,16,0,0,2.6457513110645907,0.00013955419809146563,1.0175826944169369e-05,2.65
13,17,0,0,3.464101615137754,0.004872233156359572,0.0006090291445449463,3.46
13,18,0,0,4.358898943540673,0.004275954127879783,0.0008462825878095404,4.36
13,19,0,0,1.0000000000000004,0.24029565948814455,0.0025030797863348415,1.0
13,20,0,0,1.7320508075688767,0.06308945983460848,0.0019715456198315137,1.73
13,21,0,0,2.0,0.00634290366581945,0.0002642876527424771,2.0
13,22,0,0,3.0,0.0007044023733987918,6.603772250613674e-05,3.0
13,23,0,0,3.605551275463989,0.00047349225421282917,6.411874275798728e-05,3.61
14,0,0,0,2.645751311064591,0.004217786261503328,0.00030754691490128447,2.65
14,1,0,0,3.0,0.0025168645392403045,0.00023595605055377856,3.0
14,2,0,0,2.6457513110645907,0.00013955419809146932,1.0175826944169638e-05,2.65
14,3,0,0,3.4641016151377544,0.007330448856775282,0.00091630610709691,3.46
14,4,0,0,3.605551275463989,0.00012386106462750475,1.6772852501641265e-05,3.61
14,5,0,0,2.0000000000000004,0.0057872191807559255,0.000241134132531497,2.0
14,6,0,0,1.7320508075688776,0.09412525689753323,0.002941414278047915,1.73
14,7,0,0,1.0000000000000004,0.13251628557902456,0.001380377974781507,1.0
14,8,0,0,1.7320508075688776,0.05490018108382288,0.0017156306588694658,1.73
14,9,0,0,1.9999999999999996,0.0007769163117052307,3.2371512987717936e-05,2.0
14,10,0,0,2.9999999999999996,6.999701187909739e-33,6.562219863665378e-34,3.0
14,11,0,0,3.6055512754639887,0.00012386106462749938,1.6772852501640537e-05,3.61
14,12,0,0,1.7320508075688767,0.11731638442230381,0.003666137013196992,1.73
14,13,0,0,0.9999999999999998,0.1612753995209383,0.0016799520783431065,1.0
14,15,0,0,0.9999999999999998,0.1325162855790245,0.0013803779747815048,1.0
14,16,0,0,1.7320508075688772,0.054900181083822844,0.0017156306588694637,1.73
14,17,0,0,2.64575131106459,0.0001395541980914684,1.0175826944169564e-05,2.65
14,18,0,0,3.4641016151377544,0.007330448856775327,0.0009163061070969156,3.46
14,19,0,0,1.7320508075688767,0.11731638442230366,0.003666137013196987,1.73
14,20,0,0,1.9999999999999987,0.0057872191807559386,0.00024113413253149711,2.0
14,21,0,0,1.7320508075688767,0.0941252568975331,0.0029414142780479074,1.73
14,22,0,0,2.64575131106459,0.004217786261503299,0.0003075469149012821,2.65
14,23,0,0,2.9999999999999996,0.0025168645392402897,0.00023595605055377707,3.0
15,0,0,0,3.464101615137755,0.007330448856775381,0.0009163061070969228,3.46
15,1,0,0,3.605551275463989,0.00012386106462750147,1.677285250164082e-05,3.61
15,2,0,0,2.9999999999999996,2.746246916099141e-31,2.574606483842944e-32,3.0
15,3,0,0,3.605551275463989,0.00012386106462750505,1.6772852501641306e-05,3.61
15,4,0,0,3.4641016151377544,0.007330448856775324,0.0009163061070969154,3.46
15,5,0,0,3.0000000000000004,0.0025168645392403028,0.00023595605055377842,3.0
15,6,0,0,2.6457513110645907,0.00013955419809145872,1.0175826944168866e-05,2.65
15,7,0,0,1.7320508075688776,0.054900181083822656,0.0017156306588694589,1.73
15,8,0,0,2.0000000000000004,0.0007769163117052273,3.2371512987717814e-05,2.0
15,9,0,0,1.7320508075688772,0.05490018108382274,0.0017156306588694602,1.73
15,10,0,0,2.6457513110645903,0.00013955419809146753,1.0175826944169504e-05,2.65
15,11,0,0,2.9999999999999996,0.002516864539240271,0.0002359560505537753,3.0
15,12,0,0,2.64575131106459,0.0042177862615033245,0.00030754691490128387,2.65
15,13,0,0,1.7320508075688776,0.09412525689753297,0.002941414278047907,1.73
15,14,0,0,0.9999999999999998,0.1325162855790245,0.0013803779747815048,1.0
15,16,0,0,1.0,0.1325162855790243,0.0013803779747815033,1.0
15,17,0,0,1.7320508075688767,0.0941252568975331,0.0029414142780479074,1.73
15,18,0,0,2.6457513110645903,0.0042177862615033375,0.00030754691490128495,2.65
15,19,0,0,1.9999999999999996,0.005787219180755949,0.00024113413253149777,2.0
15,20,0,0,1.7320508075688765,0.11731638442230362,0.003666137013196985,1.73
15,21,0,0,0.9999999999999998,0.16127539952093858,0.0016799520783431093,1.0
15,22,0,0,1.7320508075688767,0.11731638442230381,0.003666137013196992,1.73
15,23,0,0,1.9999999999999996,0.005787219180755898,0.00024113413253149562,2.0
16,0,0,0,3.6055512754639896,0.00012386106462750255,1.6772852501640974e-05,3.61
16,1,0,0,3.4641016151377544,0.007330448856775346,0.0009163061070969181,3.46
16,2,0,0,2.6457513110645907,0.00013955419809146075,1.0175826944169015e-05,2.65
16,3,0,0,2.9999999999999996,0.0025168645392402863,0.00023595605055377674,3.0
16,4,0,0,2.6457513110645907,0.004217786261503285,0.0003075469149012812,2.65
16,5,0,0,3.6055512754639896,0.00012386106462750613,1.677285250164146e-05,3.61
16,6,0,0,3.0,4.6488904393399626e-32,4.358334786881215e-33,3.0
16,7,0,0,2.0000000000000004,0.0007769163117052412,3.23715129877184e-05,2.0
16,8,0,0,1.7320508075688776,0.054900181083822865,0.0017156306588694652,1.73
16,9,0,0,1.0000000000000002,0.1325162855790245,0.0013803779747815059,1.0
16,10,0,0,1.7320508075688767,0.0941252568975331,0.0029414142780479074,1.73
16,11,0,0,1.9999999999999996,0.005787219180755962,0.0002411341325314983,2.0
16,12,0,0,3.464101615137754,0.007330448856775283,0.00091630610709691,3.46
16,13,0,0,2.6457513110645907,0.00013955419809146563,1.0175826944169369e-05,2.65
16,14,0,0,1.7320508075688772,0.054900181083822844,0.0017156306588694637,1.73
16,15,0,0,1.0,0.1325162855790243,0.0013803779747815033,1.0
16,17,0,0,0.9999999999999996,0.16127539952093844,0.0016799520783431074,1.0
16,18,0,0,1.7320508075688772,0.11731638442230374,0.0036661370131969915,1.73
16,19,0,0,2.9999999999999996,0.0025168645392402763,0.00023595605055377582,3.0
16,20,0,0,2.6457513110645903,0.004217786261503339,0.00030754691490128506,2.65
16,21,0,0,1.7320508075688772,0.0941252568975332,0.0029414142780479122,1.73
16,22,0,0,1.9999999999999996,0.005787219180755915,0.00024113413253149636,2.0
16,23,0,0,1.7320508075688767,0.1173163844223039,0.003666137013196994,1.73
17,0,0,0,4.58257569495584,0.0007475161780727213,0.0001635191639534078,4.58
17,1,0,0,4.358898943540673,0.00427595412787977,0.0008462825878095378,4.36
17,2,0,0,3.4641016151377544,0.004872233156359549,0.0006090291445449435,3.46
17,3,0,0,3.605551275463989,0.00047349225421283383,6.411874275798791e-05,3.61
17,4,0,0,3.0,0.0007044023733987565,6.603772250613342e-05,3.0
17,5,0,0,4.58257569495584,0.0007475161780727223,0.000163519163953408,4.58
17,6,0,0,3.9999999999999996,0.008591736130820427,0.0014319560218034042,4.0
17,7,0,0,2.9999999999999996,1.7243616361712044e-31,1.6165890339105036e-32,3.0
17,8,0,0,2.6457513110645907,0.0001395541980914649,1.0175826944169318e-05,2.65
17,9,0,0,1.7320508075688776,0.09412525689753293,0.0029414142780479053,1.73
17,10,0,0,1.9999999999999996,0.006342903665819388,0.00026428765274247437,2.0
17,11,0,0,1.7320508075688776,0.06308945983460842,0.001971545619831514,1.73
17,12,0,0,4.358898943540672,0.004275954127879752,0.0008462825878095339,4.36
17,13,0,0,3.464101615137754,0.004872233156359572,0.0006090291445449463,3.46
17,14,0,0,2.64575131106459,0.0001395541980914684,1.0175826944169564e-05,2.65
17,15,0,0,1.7320508075688767,0.0941252568975331,0.0029414142780479074,1.73
17,16,0,0,0.9999999999999996,0.16127539952093844,0.0016799520783431074,1.0
17,18,0,0,1.0,0.24029565948814435,0.002503079786334837,1.0
17,19,0,0,3.6055512754639887,0.0004734922542128464,6.411874275798959e-05,3.61
17,20,0,0,2.999999999999999,0.0007044023733987763,6.603772250613525e-05,3.0
17,21,0,0,1.9999999999999996,0.006342903665819536,0.00026428765274248055,2.0
17,22,0,0,1.7320508075688767,0.06308945983460859,0.001971545619831517,1.73
17,23,0,0,0.9999999999999996,0.24029565948814446,0.002503079786334836,1.0
18,0,0,0,5.000000000000001,0.011952786460652799,0.003112704807461668,5.0
18,1,0,0,4.582575694955841,0.006765596565754183,0.001479974248758728,4.58
18,2,0,0,3.60555127546399,0.0004734922542128493,6.411874275799003e-05,3.61
18,3,0,0,3.4641016151377553,0.011332207028230748,0.0014165258785288441,3.46
18,4,0,0,2.6457513110645916,0.02021878032739796,0.0014742860655394359,2.65
18,5,0,0,5.291502622129181,0.001050356241755353,0.00030635390384531135,5.29
18,6,0,0,4.582575694955841,0.0007475161780727223,0.00016351916395340805,4.58
18,7,0,0,3.6055512754639896,0.00012386106462750705,1.6772852501641584e-05,3.61
18,8,0,0,3.0000000000000004,0.0025168645392402876,0.00023595605055377701,3.0
18,9,0,0,2.000000000000001,0.0057872191807559195,0.00024113413253149687,2.0
18,10,0,0,1.7320508075688776,0.06308945983460856,0.0019715456198315185,1.73
18,11,0,0,1.0000000000000013,0.18452831083089424,0.001922169904488487,1.0
18,12,0,0,5.196152422706631,0.00361795911763333,0.0010175510018343738,5.2
18,13,0,0,4.358898943540673,0.004275954127879782,0.0008462825878095399,4.36
18,14,0,0,3.4641016151377544,0.007330448856775327,0.0009163061070969156,3.46
18,15,0,0,2.6457513110645903,0.004217786261503336,0.0003075469149012848,2.65
18,16,0,0,1.7320508075688772,0.11731638442230381,0.0036661370131969937,1.73
18,17,0,0,1.0,0.24029565948814435,0.002503079786334837,1.0
18,19,0,0,4.582575694955839,0.0067655965657542035,0.001479974248758731,4.58
18,20,0,0,3.999999999999999,0.00465976491350457,0.0007766274855840947,4.0
18,21,0,0,2.9999999999999996,0.0007044023733987719,6.603772250613484e-05,3.0
18,22,0,0,2.64575131106459,0.02021878032739783,0.0014742860655394244,2.65
18,23,0,0,1.7320508075688763,0.28201081303950165,0.008812837907484416,1.73
19,0,0,0,4.0,0.004659764913504626,0.0007766274855841044,4.0
19,1,0,0,4.58257569495584,0.006765596565754121,0.0014799742487587142,4.58
19,2,0,0,4.358898943540673,0.004275954127879742,0.0008462825878095321,4.36
19,3,0,0,5.196152422706631,0.003617959117633305,0.0010175510018343669,5.2
19,4,0,0,5.2915026221291805,0.0010503562417553485,0.0003063539038453099,5.29
19,5,0,0,2.645751311064591,0.02021878032739786,0.001474286065539428,2.65
19,6,0,0,2.9999999999999996,0.0007044023733987776,6.603772250613538e-05,3.0
19,7,0,0,2.6457513110645907,0.004217786261503312,0.0003075469149012832,2.65
19,8,0,0,3.4641016151377544,0.007330448856775331,0.0009163061070969163,3.46
19,9,0,0,3.6055512754639887,0.00012386106462750011,1.6772852501640635e-05,3.61
19,10,0,0,4.582575694955839,0.0007475161780727053,0.0001635191639534042,4.58
19,11,0,0,4.999999999999999,0.011952786460652846,0.003112704807461677,5.0
19,12,0,0,1.7320508075688767,0.28201081303950176,0.008812837907484425,1.73
19,13,0,0,1.0000000000000004,0.24029565948814455,0.0025030797863348415,1.0
19,14,0,0,1.7320508075688767,0.11731638442230366,0.003666137013196987,1.73
19,15,0,0,1.9999999999999996,0.005787219180755946,0.00024113413253149766,2.0
19,16,0,0,2.9999999999999996,0.0025168645392402785,0.00023595605055377604,3.0
19,17,0,0,3.6055512754639887,0.0004734922542128464,6.411874275798959e-05,3.61
19,18,0,0,4.582575694955839,0.0067655965657542035,0.001479974248758731,4.58
19,20,0,0,0.9999999999999989,0.18452831083089452,0.0019221699044884803,1.0
19,21,0,0,1.7320508075688767,0.06308945983460862,0.001971545619831518,1.73
19,22,0,0,2.64575131106459,0.020218780327398017,0.0014742860655394378,2.65
19,23,0,0,3.464101615137754,0.011332207028230765,0.001416525878528845,3.46
20,0,0,0,4.58257569495584,0.006765596565754167,0.001479974248758724,4.58
20,1,0,0,4.999999999999999,0.011952786460652773,0.003112704807461658,5.0
20,2,0,0,4.582575694955838,0.0007475161780727089,0.0001635191639534049,4.58
20,3,0,0,5.29150262212918,0.0010503562417553396,0.0003063539038453072,5.29
20,4,0,0,5.196152422706631,0.003617959117633322,0.0010175510018343716,5.2
20,5,0,0,3.464101615137754,0.011332207028230741,0.001416525878528842,3.46
20,6,0,0,3.6055512754639882,0.000473492254212839,6.411874275798858e-05,3.61
20,7,0,0,2.999999999999999,0.002516864539240264,0.00023595605055377463,3.0
20,8,0,0,3.6055512754639887,0.00012386106462751185,1.6772852501642224e-05,3.61
20,9,0,0,3.4641016151377535,0.007330448856775395,0.0009163061070969239,3.46
20,10,0,0,4.358898943540672,0.004275954127879729,0.0008462825878095292,4.36
20,11,0,0,4.582575694955839,0.006765596565754242,0.0014799742487587395,4.58
20,12,0,0,2.645751311064589,0.020218780327397923,0.00147428606553943,2.65
20,13,0,0,1.7320508075688767,0.06308945983460848,0.0019715456198315137,1.73
20,14,0,0,1.9999999999999987,0.0057872191807559386,0.00024113413253149711,2.0
20,15,0,0,1.7320508075688765,0.11731638442230362,0.003666137013196985,1.73
20,16,0,0,2.6457513110645903,0.004217786261503339,0.00030754691490128506,2.65
20,17,0,0,2.999999999999999,0.0007044023733987769,6.60377225061353e-05,3.0
20,18,0,0,3.999999999999999,0.0046597649135045735,0.0007766274855840953,4.0
20,19,0,0,0.9999999999999989,0.18452831083089452,0.0019221699044884803,1.0
20,21,0,0,0.9999999999999998,0.24029565948814408,0.002503079786334833,1.0
20,22,0,0,1.7320508075688776,0.28201081303950154,0.008812837907484427,1.73
20,23,0,0,2.6457513110645907,0.020218780327397986,0.0014742860655394367,2.65
21,0,0,0,4.358898943540673,0.004275954127879738,0.0008462825878095314,4.36
21,1,0,0,4.58257569495584,0.0007475161780727045,0.00016351916395340412,4.58
21,2,0,0,3.9999999999999996,0.008591736130820475,0.0014319560218034122,4.0
21,3,0,0,4.58257569495584,0.0007475161780727081,0.00016351916395340488,4.58
21,4,0,0,4.358898943540673,0.004275954127879745,0.0008462825878095328,4.36
21,5,0,0,3.6055512754639896,0.0004734922542128367,6.411874275798832e-05,3.61
21,6,0,0,3.4641016151377544,0.004872233156359533,0.0006090291445449415,3.46
21,7,0,0,2.6457513110645907,0.00013955419809146281,1.0175826944169164e-05,2.65
21,8,0,0,3.0,3.3206022432950073e-32,3.113064603089069e-33,3.0
21,9,0,0,2.6457513110645907,0.0001395541980914672,1.0175826944169484e-05,2.65
21,10,0,0,3.464101615137754,0.004872233156359514,0.0006090291445449389,3.46
21,11,0,0,3.605551275463989,0.0004734922542128514,6.411874275799028e-05,3.61
21,12,0,0,2.999999999999999,0.0007044023733987968,6.603772250613717e-05,3.0
21,13,0,0,2.0,0.006342903665819452,0.0002642876527424772,2.0
21,14,0,0,1.7320508075688767,0.0941252568975331,0.0029414142780479074,1.73
21,15,0,0,0.9999999999999998,0.16127539952093858,0.0016799520783431093,1.0
21,16,0,0,1.7320508075688772,0.0941252568975332,0.0029414142780479122,1.73
21,17,0,0,1.9999999999999996,0.006342903665819536,0.00026428765274248055,2.0
21,18,0,0,2.9999999999999996,0.0007044023733987713,6.603772250613479e-05,3.0
21,19,0,0,1.7320508075688767,0.06308945983460862,0.001971545619831518,1.73
21,20,0,0,0.9999999999999998,0.24029565948814413,0.0025030797863348337,1.0
21,22,0,0,0.9999999999999998,0.24029565948814446,0.002503079786334837,1.0
21,23,0,0,1.7320508075688772,0.0630894598346084,0.001971545619831512,1.73
22,0,0,0,5.196152422706632,0.0036179591176333085,0.001017551001834368,5.2
22,1,0,0,5.2915026221291805,0.0010503562417553476,0.0003063539038453096,5.29
22,2,0,0,4.58257569495584,0.0007475161780727243,0.00016351916395340843,4.58
22,3,0,0,4.999999999999999,0.011952786460652884,0.003112704807461687,5.0
22,4,0,0,4.58257569495584,0.006765596565754146,0.0014799742487587196,4.58
22,5,0,0,4.58257569495584,0.006765596565754176,0.0014799742487587259,4.58
22,6,0,0,4.358898943540673,0.004275954127879742,0.0008462825878095321,4.36
22,7,0,0,3.4641016151377544,0.007330448856775329,0.0009163061070969161,3.46
22,8,0,0,3.605551275463989,0.0001238610646274993,1.6772852501640527e-05,3.61
22,9,0,0,2.9999999999999996,0.0025168645392403253,0.0002359560505537804,3.0
22,10,0,0,3.6055512754639882,0.000473492254212829,6.411874275798723e-05,3.61
22,11,0,0,3.4641016151377544,0.011332207028230781,0.0014165258785288476,3.46
22,12,0,0,3.9999999999999987,0.0046597649135046,0.0007766274855840995,4.0
22,13,0,0,3.0,0.0007044023733987918,6.603772250613674e-05,3.0
22,14,0,0,2.64575131106459,0.004217786261503301,0.0003075469149012822,2.65
22,15,0,0,1.7320508075688767,0.11731638442230381,0.003666137013196992,1.73
22,16,0,0,1.9999999999999996,0.005787219180755917,0.00024113413253149644,2.0
22,17,0,0,1.7320508075688767,0.06308945983460862,0.001971545619831518,1.73
22,18,0,0,2.64575131106459,0.02021878032739783,0.0014742860655394244,2.65
22,19,0,0,2.64575131106459,0.020218780327398024,0.0014742860655394385,2.65
22,20,0,0,1.7320508075688776,0.28201081303950154,0.008812837907484427,1.73
22,21,0,0,0.9999999999999998,0.24029565948814446,0.002503079786334837,1.0
22,23,0,0,1.0,0.18452831083089424,0.0019221699044884818,1.0
23,0,0,0,5.291502622129181,0.0010503562417553283,0.00030635390384530414,5.29
23,1,0,0,5.196152422706631,0.0036179591176333354,0.0010175510018343753,5.2
23,2,0,0,4.358898943540673,0.00427595412787975,0.0008462825878095339,4.36
23,3,0,0,4.58257569495584,0.00676559656575419,0.0014799742487587291,4.58
23,4,0,0,3.9999999999999996,0.004659764913504649,0.000776627485584108,4.0
23,5,0,0,5.0,0.011952786460652839,0.0031127048074616765,5.0
23,6,0,0,4.58257569495584,0.0007475161780727099,0.0001635191639534053,4.58
23,7,0,0,3.605551275463989,0.00012386106462750085,1.6772852501640737e-05,3.61
23,8,0,0,3.4641016151377544,0.007330448856775283,0.0009163061070969103,3.46
23,9,0,0,2.6457513110645907,0.004217786261503326,0.00030754691490128425,2.65
23,10,0,0,2.999999999999999,0.0007044023733987884,6.603772250613637e-05,3.0
23,11,0,0,2.6457513110645907,0.020218780327398003,0.0014742860655394378,2.65
23,12,0,0,4.582575694955839,0.00676559656575421,0.0014799742487587328,4.58
23,13,0,0,3.605551275463989,0.00047349225421282933,6.411874275798729e-05,3.61
23,14,0,0,2.9999999999999996,0.0025168645392402897,0.00023595605055377707,3.0
23,15,0,0,1.9999999999999996,0.005787219180755896,0.00024113413253149557,2.0
23,16,0,0,1.7320508075688767,0.11731638442230392,0.0036661370131969954,1.73
23,17,0,0,0.9999999999999996,0.24029565948814446,0.002503079786334836,1.0
23,18,0,0,1.7320508075688763,0.28201081303950165,0.008812837907484416,1.73
23,19,0,0,3.464101615137754,0.011332207028230765,0.001416525878528845,3.46
23,20,0,0,2.6457513110645907,0.020218780327397993,0.0014742860655394374,2.65
23,21,0,0,1.7320508075688772,0.06308945983460842,0.001971545619831513,1.73
23,22,0,0,1.0,0.18452831083089424,0.0019221699044884818,1.0
