site,x_over_a,y_over_a,M_i_over_a2,c_i
0,-5.196152422706632,1.0,1.1203336527701637,0.43121662400603383
1,-6.06217782649107,0.49999999999999994,-1.7419729570271532,-0.6704857037737835
2,-6.06217782649107,-0.5000000000000001,-1.7419729570271512,-0.6704857037737827
3,-5.196152422706632,-1.0,1.120333652770164,0.4312166240060339
4,-4.330127018922194,-0.5000000000000004,0.1386678337884481,0.05337327411046853
5,-4.330127018922194,0.5,0.138667833788448,0.05337327411046849
6,-4.330127018922194,2.5,0.00866015856345494,0.0033332965852237014
7,-5.196152422706632,1.9999999999999998,-1.218941981948615,-0.4691709876030458
8,-3.4641016151377553,0.9999999999999993,0.12768154252707678,0.04914464863236962
9,-3.4641016151377553,1.9999999999999998,1.127963809554639,0.43415347272168436
10,-3.464101615137755,3.9999999999999996,1.1203336527701626,0.4312166240060334
11,-4.330127018922194,3.4999999999999996,-1.2189419819486031,-0.4691709876030413
12,-2.5980762113533165,2.499999999999999,0.12768154252707584,0.04914464863236925
13,-2.598076211353316,3.4999999999999996,0.13866783378844713,0.053373274110468154
14,-2.598076211353316,5.499999999999999,-1.7419729570271556,-0.6704857037737845
15,-3.464101615137755,4.999999999999999,-1.741972957027156,-0.6704857037737846
16,-1.7320508075688776,3.9999999999999987,0.13866783378844716,0.05337327411046817
17,-1.7320508075688774,4.999999999999999,1.1203336527701655,0.4312166240060345
18,-5.196152422706631,-2.0,-1.218941981948603,-0.4691709876030412
19,-4.330127018922193,-2.5,0.008660158563451058,0.0033332965852222074
20,-3.4641016151377544,-2.0,1.1279638095546265,0.4341534727216796
21,-3.4641016151377544,-0.9999999999999998,0.1276815425270742,0.04914464863236862
22,-2.598076211353316,-0.5000000000000004,0.1713112112437682,0.0659377159511936
23,-2.598076211353316,0.5,0.17131121124376544,0.06593771595119255
24,-1.7320508075688776,0.9999999999999993,1.1761173284063233,0.45268777076931616
25,-1.7320508075688774,1.9999999999999998,0.17131121124376586,0.0659377159511927
26,-0.8660254037844388,2.499999999999999,0.1713112112437639,0.06593771595119195
27,-0.8660254037844386,3.4999999999999996,0.12768154252707367,0.04914464863236842
28,-0.8660254037844383,5.499999999999999,-1.2189419819486071,-0.4691709876030428
29,0.0,3.9999999999999987,1.1279638095546325,0.43415347272168187
30,2.220446049250313e-16,4.999999999999999,0.008660158563451722,0.003333296585222463
31,-4.330127018922193,-3.4999999999999996,-1.2189419819486091,-0.4691709876030436
32,-3.4641016151377544,-3.9999999999999996,1.1203336527701635,0.4312166240060337
33,-2.598076211353316,-3.5,0.1386678337884476,0.053373274110468334
34,-2.598076211353316,-2.4999999999999996,0.12768154252707387,0.0491446486323685
35,-1.7320508075688776,-2.0,0.1713112112437661,0.0659377159511928
36,-1.7320508075688774,-0.9999999999999998,1.1761173284063222,0.4526877707693157
37,-0.8660254037844388,-0.5000000000000004,0.49310010076823857,0.18979431727731608
38,-0.8660254037844386,0.5,0.49310010076824123,0.1897943172773171
39,-2.220446049250313e-16,0.9999999999999993,0.4931001007682372,0.18979431727731555
40,0.0,1.9999999999999998,1.1761173284063253,0.45268777076931693
41,0.8660254037844384,2.499999999999999,0.17131121124376406,0.06593771595119201
42,0.8660254037844386,3.4999999999999996,0.12768154252707153,0.0491446486323676
43,0.8660254037844389,5.499999999999999,-1.218941981948611,-0.4691709876030443
44,1.7320508075688772,3.9999999999999987,0.1386678337884476,0.053373274110468334
45,1.7320508075688774,4.999999999999999,1.1203336527701682,0.43121662400603555
46,-3.4641016151377544,-4.999999999999999,-1.7419729570271651,-0.6704857037737881
47,-2.598076211353316,-5.499999999999999,-1.7419729570271463,-0.6704857037737808
48,-1.7320508075688776,-5.0,1.1203336527701624,0.43121662400603333
49,-1.7320508075688774,-3.999999999999999,0.1386678337884467,0.05337327411046799
50,-0.8660254037844388,-3.5,0.12768154252707106,0.049144648632367414
51,-0.8660254037844386,-2.4999999999999996,0.17131121124376353,0.06593771595119181
52,-2.220446049250313e-16,-2.0,1.1761173284063262,0.45268777076931727
53,0.0,-0.9999999999999998,0.493100100768239,0.18979431727731624
54,0.8660254037844384,-0.5000000000000004,0.4931001007682358,0.18979431727731502
55,0.8660254037844386,0.5,0.4931001007682382,0.18979431727731594
56,1.732050807568877,0.9999999999999993,1.176117328406326,0.4526877707693172
57,1.7320508075688772,1.9999999999999998,0.1713112112437652,0.06593771595119245
58,2.5980762113533156,2.499999999999999,0.12768154252707306,0.049144648632368185
59,2.598076211353316,3.4999999999999996,0.1386678337884469,0.05337327411046807
60,2.598076211353316,5.499999999999999,-1.7419729570271758,-0.6704857037737922
61,3.4641016151377544,3.9999999999999987,1.1203336527701657,0.4312166240060346
62,3.4641016151377544,4.999999999999999,-1.7419729570271534,-0.6704857037737836
63,-0.866025403784439,-5.499999999999999,-1.2189419819486083,-0.46917098760304327
64,-4.440892098500626e-16,-5.0,0.008660158563452031,0.0033332965852225817
65,-2.220446049250313e-16,-3.999999999999999,1.1279638095546287,0.4341534727216804
66,0.8660254037844384,-3.5,0.1276815425270743,0.04914464863236867
67,0.8660254037844386,-2.4999999999999996,0.17131121124376417,0.06593771595119205
68,1.732050807568877,-2.0,0.1713112112437665,0.06593771595119295
69,1.7320508075688772,-0.9999999999999998,1.176117328406326,0.4526877707693172
70,2.5980762113533156,-0.5000000000000004,0.17131121124376472,0.06593771595119227
71,2.598076211353316,0.5,0.1713112112437637,0.06593771595119187
72,3.4641016151377544,0.9999999999999993,0.12768154252707345,0.04914464863236834
73,3.4641016151377544,1.9999999999999998,1.1279638095546254,0.43415347272167915
74,4.330127018922193,2.499999999999999,0.008660158563454142,0.0033332965852233944
75,4.330127018922193,3.4999999999999996,-1.2189419819486058,-0.4691709876030423
76,0.8660254037844382,-5.499999999999999,-1.218941981948609,-0.46917098760304354
77,1.7320508075688767,-5.0,1.1203336527701617,0.43121662400603306
78,1.732050807568877,-3.999999999999999,0.13866783378844794,0.053373274110468466
79,2.5980762113533156,-3.5,0.13866783378844721,0.05337327411046819
80,2.598076211353316,-2.4999999999999996,0.12768154252707448,0.04914464863236873
81,3.4641016151377544,-2.0,1.12796380955463,0.4341534727216809
82,3.4641016151377544,-0.9999999999999998,0.12768154252707187,0.04914464863236773
83,4.330127018922193,-0.5000000000000004,0.13866783378844708,0.05337327411046813
84,4.330127018922193,0.5,0.13866783378844702,0.05337327411046811
85,5.196152422706631,0.9999999999999993,1.1203336527701646,0.43121662400603417
86,5.196152422706631,1.9999999999999998,-1.2189419819486078,-0.4691709876030431
87,2.598076211353316,-5.499999999999999,-1.7419729570271718,-0.6704857037737907
88,3.4641016151377544,-5.0,-1.7419729570271614,-0.6704857037737867
89,3.4641016151377544,-3.999999999999999,1.120333652770161,0.4312166240060328
90,4.330127018922193,-3.5,-1.2189419819486098,-0.4691709876030439
91,4.330127018922194,-2.4999999999999996,0.008660158563447911,0.003333296585220996
92,5.196152422706632,-2.0,-1.218941981948606,-0.46917098760304243
93,5.196152422706632,-0.9999999999999998,1.1203336527701648,0.4312166240060342
94,6.06217782649107,-0.5000000000000004,-1.7419729570271598,-0.670485703773786
95,6.06217782649107,0.5,-1.7419729570271683,-0.6704857037737894
