type,class,sites,d12_excite,d23_virtual,d34_decay,d14_filled,d13,d24,copies,value,value_per_copy,% of total
αββα,2-center polarization,Ca-Ca-Ca-Ca,1.73,0.0,1.73,0.0,1.73,1.73,12,0.0653934306782332,0.0054494525565194326,9.468287345143597
αββα,2-center polarization,Cb-Ca-Ca-Cb,1.73,0.0,1.73,0.0,1.73,1.73,12,0.050603648957817174,0.004216970746484764,7.326881065514614
αββα,2-center polarization,Ca-Cb-Cb-Ca,1.73,0.0,1.73,0.0,1.73,1.73,12,0.050603648957817174,0.004216970746484764,7.326881065514614
αββα,2-center polarization,Cc-Ca-Ca-Cc,1.73,0.0,1.73,0.0,1.73,1.73,12,0.038207094733873695,0.0031839245611561414,5.531989189303271
αββα,2-center polarization,Ca-Cc-Cc-Ca,1.73,0.0,1.73,0.0,1.73,1.73,12,0.038207094733873695,0.0031839245611561414,5.531989189303271
αββα,2-center polarization,Cc-Cb-Cb-Cc,1.73,0.0,1.73,0.0,1.73,1.73,12,0.031200656423213513,0.0026000547019344594,4.5175299308836845
αββα,2-center polarization,Cb-Cc-Cc-Cb,1.73,0.0,1.73,0.0,1.73,1.73,12,0.031200656423213513,0.0026000547019344594,4.5175299308836845
αββα,2-center polarization,Cc-Cc-Cc-Cc,1.73,0.0,1.73,0.0,1.73,1.73,12,0.025529972372018588,0.0021274976976682156,3.6964739703174754
αβαβ,2-center transfer,Ca-Ca-Ca-Ca,1.73,1.73,1.73,1.73,0.0,0.0,12,0.023786494126236322,0.0019822078438530267,3.4440364878385497
αββα,2-center polarization,Ca-Ca-Ca-Ca,1.0,0.0,1.0,0.0,1.0,1.0,12,0.02179781022607774,0.0018164841855064784,3.156095781714534
αβαγ,3-center,Ca-Ca-Ca-Cb,1.73,1.73,1.0,1.0,0.0,1.0,24,0.019541658815313313,0.0008142357839713881,2.829428567137899
αβαγ,3-center,Ca-Cb-Ca-Ca,1.0,1.0,1.73,1.73,0.0,1.0,24,0.01954165881531331,0.0008142357839713879,2.8294285671378985
αββα,2-center polarization,Cb-Ca-Ca-Cb,1.0,0.0,1.0,0.0,1.0,1.0,12,0.016867882985939053,0.0014056569154949211,2.442293688504871
αββα,2-center polarization,Ca-Cb-Cb-Ca,1.0,0.0,1.0,0.0,1.0,1.0,12,0.01686788298593905,0.001405656915494921,2.4422936885048703
αβγα,3-center,Cb-Ca-Ca-Cb,1.0,1.0,1.73,0.0,1.73,1.0,24,-0.015598154462188513,-0.000649923102591188,-2.2584502291771313
αββγ,3-center,Ca-Cb-Cb-Ca,1.0,0.0,1.73,1.0,1.0,1.73,24,-0.015598154462188499,-0.0006499231025911874,-2.2584502291771296
αβγα,3-center,Ca-Ca-Cb-Ca,1.73,3.0,1.73,0.0,1.73,1.73,24,0.014471282276175081,0.0006029700948406284,2.0952908789524196
αββγ,3-center,Ca-Ca-Ca-Cb,1.73,0.0,1.73,3.0,1.73,1.73,24,0.014471282276175071,0.000602970094840628,2.0952908789524183
αβαβ,2-center transfer,Ca-Cb-Ca-Cb,1.0,1.0,1.0,1.0,0.0,0.0,24,0.011649194232860663,0.00048538309303586095,1.6866819371938544
αβαγ,3-center,Ca-Ca-Ca-Ca,1.0,1.0,1.73,1.73,0.0,2.65,24,-0.00998758413434781,-0.00041614933893115874,-1.4460981093515144
αβαγ,3-center,Ca-Ca-Ca-Ca,1.73,1.73,1.0,1.0,0.0,2.65,24,-0.009987584134347806,-0.0004161493389311586,-1.446098109351514
αββγ,3-center,Ca-Ca-Ca-Cb,1.0,0.0,1.73,1.0,1.0,1.73,24,-0.009392222868665768,-0.00039134261952774034,-1.3598960019046222
αβγα,3-center,Ca-Ca-Cb-Ca,1.0,1.0,1.73,0.0,1.73,1.0,24,-0.009392222868665763,-0.0003913426195277401,-1.3598960019046216
αββγ,3-center,Ca-Ca-Ca-Cb,1.73,0.0,1.0,1.0,1.73,1.0,24,0.00939222286866576,0.00039134261952773996,1.359896001904621
αβγα,3-center,Ca-Ca-Cb-Ca,1.73,1.0,1.0,0.0,1.0,1.73,24,0.009392222868665758,0.0003913426195277399,1.359896001904621
αβαγ,3-center,Ca-Cc-Ca-Ca,1.73,1.73,1.73,1.73,0.0,1.73,24,0.008555982625288745,0.00035649927605369767,1.2388171285109686
αβαγ,3-center,Ca-Ca-Ca-Cc,1.73,1.73,1.73,1.73,0.0,1.73,24,0.00855598262528874,0.00035649927605369746,1.2388171285109677
αββα,2-center polarization,Cc-Cc-Cc-Cc,1.0,0.0,1.0,0.0,1.0,1.0,12,0.008509990790672863,0.0007091658992227386,1.2321579901058253
αβαγ,3-center,Ca-Cc-Ca-Cb,1.73,1.73,1.0,1.0,0.0,1.0,24,0.007449390596919868,0.00031039127487166116,1.078594133788513
αβαγ,3-center,Ca-Cb-Ca-Cc,1.0,1.0,1.73,1.73,0.0,1.0,24,0.007449390596919863,0.00031039127487166094,1.078594133788512
αβαβ,2-center transfer,Ca-Cc-Ca-Cc,1.73,1.73,1.73,1.73,0.0,0.0,24,0.006999913752165264,0.000291663073006886,1.0135145703371697
αβγα,3-center,Cb-Ca-Ca-Cb,1.73,3.46,1.73,0.0,1.73,1.73,12,0.006913086179945426,0.0005760905149954522,1.0009428426462983
αββγ,3-center,Ca-Cb-Cb-Ca,1.73,0.0,1.73,3.46,1.73,1.73,12,0.0069130861799454255,0.0005760905149954521,1.000942842646298
αβαβ,2-center transfer,Ca-Cb-Ca-Cb,1.73,1.73,1.73,1.73,0.0,0.0,24,0.0067622945272725115,0.000281762271969688,0.9791097826286733
αββγ,3-center,Ca-Cb-Cb-Cc,1.73,0.0,1.73,3.0,1.73,1.73,24,0.006629671155166678,0.00027623629813194493,0.9599073003188119
αβγα,3-center,Cb-Ca-Cc-Cb,1.73,3.0,1.73,0.0,1.73,1.73,24,0.006629671155166675,0.00027623629813194477,0.9599073003188113
αβγα,3-center,Cc-Ca-Cb-Cc,1.73,3.0,1.73,0.0,1.73,1.73,24,0.006618343476226293,0.0002757643115094289,0.9582671704456931
αββγ,3-center,Ca-Cc-Cc-Cb,1.73,0.0,1.73,3.0,1.73,1.73,24,0.006618343476226279,0.0002757643115094283,0.958267170445691
αβγα,3-center,Cc-Ca-Cc-Cc,1.73,3.46,1.73,0.0,1.73,1.73,24,0.005901942677543874,0.00024591427823099474,0.8545397998847027
αββγ,3-center,Ca-Cc-Cc-Cc,1.73,0.0,1.73,3.46,1.73,1.73,24,0.005901942677543871,0.00024591427823099463,0.8545397998847024
αβαβ,2-center transfer,Ca-Ca-Ca-Ca,1.0,1.0,1.0,1.0,0.0,0.0,12,0.005664743631194569,0.0004720619692662141,0.8201958496509248
αβαγ,3-center,Cb-Ca-Cb-Cc,1.0,1.0,1.73,1.73,0.0,2.65,24,-0.005399042718070631,-0.00022496011325294298,-0.7817251261052666
αβαγ,3-center,Cb-Cc-Cb-Ca,1.73,1.73,1.0,1.0,0.0,2.65,24,-0.005399042718070631,-0.00022496011325294298,-0.7817251261052666
αββα,2-center polarization,Cb-Cc-Cc-Cb,1.0,0.0,1.0,0.0,1.0,1.0,6,0.005200109403868919,0.0008666849006448198,0.7529216551472807
αββα,2-center polarization,Cc-Cb-Cb-Cc,1.0,0.0,1.0,0.0,1.0,1.0,6,0.005200109403868918,0.0008666849006448196,0.7529216551472806
αβαγ,3-center,Cb-Ca-Cb-Ca,1.0,1.0,1.0,1.0,0.0,1.73,24,-0.004590041226477615,-0.00019125171776990062,-0.664590140134847
αββγ,3-center,Ca-Cc-Cc-Cc,1.73,0.0,1.73,3.0,1.73,1.73,24,0.004556684757877137,0.00018986186491154737,0.6597604710648357
αβγα,3-center,Cc-Ca-Cc-Cc,1.73,3.0,1.73,0.0,1.73,1.73,24,0.004556684757877131,0.00018986186491154713,0.6597604710648348
αβγα,3-center,Cc-Cb-Cb-Cc,1.73,3.46,1.73,0.0,1.73,1.73,12,0.004340726572744349,0.0003617272143953624,0.6284919761997457
αββγ,3-center,Cb-Cc-Cc-Cb,1.73,0.0,1.73,3.46,1.73,1.73,12,0.004340726572744343,0.0003617272143953619,0.6284919761997448
αββγ,3-center,Ca-Cc-Cc-Cb,1.73,0.0,1.0,1.0,1.73,1.0,24,-0.004223593003162768,-0.00017598304179844868,-0.6115322558875044
αβγα,3-center,Cc-Ca-Cb-Cc,1.73,1.0,1.0,0.0,1.0,1.73,24,-0.0042235930031627655,-0.00017598304179844857,-0.611532255887504
αβαγ,3-center,Cc-Ca-Cc-Cb,1.73,1.73,1.0,1.0,0.0,1.0,24,0.004125565223107067,0.00017189855096279446,0.5973388548111657
αβαγ,3-center,Cc-Cb-Cc-Ca,1.0,1.0,1.73,1.73,0.0,1.0,24,0.004125565223107062,0.00017189855096279424,0.5973388548111649
αβαβ,2-center transfer,Cb-Cc-Cb-Cc,1.73,1.73,1.73,1.73,0.0,0.0,24,0.00411301625980355,0.00017137567749181458,0.5955218956883754
αβαγ,3-center,Cc-Cb-Cc-Cb,1.73,1.73,1.73,1.73,0.0,3.46,24,-0.0039039702106814724,-0.00016266542544506136,-0.5652542060913276
αβαγ,3-center,Ca-Cb-Ca-Ca,1.73,1.73,1.0,1.0,0.0,1.0,24,-0.0033211311069065532,-0.00013838046278777304,-0.4808651772043054
αβαγ,3-center,Ca-Ca-Ca-Cb,1.0,1.0,1.73,1.73,0.0,1.0,24,-0.003321131106906544,-0.00013838046278777266,-0.4808651772043041
αβαγ,3-center,Cc-Ca-Cc-Ca,1.73,1.73,1.73,1.73,0.0,1.73,24,0.0032129976947398112,0.00013387490394749214,0.4652085859016816
αβαγ,3-center,Cb-Cc-Cb-Cc,1.73,1.73,1.0,1.0,0.0,1.0,24,0.003199705505726476,0.00013332106273860318,0.46328401544072073
αβαγ,3-center,Cb-Cc-Cb-Cc,1.0,1.0,1.73,1.73,0.0,1.0,24,0.003199705505726475,0.00013332106273860312,0.4632840154407206
αβαγ,3-center,Cc-Ca-Cc-Cc,1.73,1.73,1.0,1.0,0.0,2.65,24,-0.003121105752411195,-0.00013004607301713312,-0.45190359019115206
αβαγ,3-center,Cc-Cc-Cc-Ca,1.0,1.0,1.73,1.73,0.0,2.65,24,-0.003121105752411194,-0.0001300460730171331,-0.4519035901911519
αβγα,3-center,Cc-Ca-Cb-Cc,1.73,1.73,1.73,0.0,1.73,1.73,24,0.0030857407130535706,0.00012857252971056545,0.4467831010053514
αββγ,3-center,Ca-Cc-Cc-Cb,1.73,0.0,1.73,1.73,1.73,1.73,24,0.003085740713053549,0.00012857252971056453,0.44678310100534824
αββγ,3-center,Ca-Ca-Ca-Cc,1.73,0.0,1.73,1.73,1.73,1.73,24,-0.00289833259316948,-0.00012076385804872834,-0.4196483580889452
αβγα,3-center,Ca-Ca-Cc-Ca,1.73,1.73,1.73,0.0,1.73,1.73,24,-0.002898332593169478,-0.00012076385804872824,-0.41964835808894485
αβαγ,3-center,Cb-Ca-Cb-Cc,1.0,1.0,1.0,1.0,0.0,1.73,24,-0.0028025561926371804,-0.00011677317469321585,-0.40578093330761733
αβαγ,3-center,Cb-Cc-Cb-Ca,1.0,1.0,1.0,1.0,0.0,1.73,24,-0.0028025561926371795,-0.00011677317469321581,-0.40578093330761716
αβαγ,3-center,Cc-Ca-Cc-Cb,1.73,1.73,1.73,1.73,0.0,3.0,24,-0.0026540119637818793,-0.00011058383182424498,-0.3842732768400248
αβαγ,3-center,Cc-Cb-Cc-Ca,1.73,1.73,1.73,1.73,0.0,3.0,24,-0.0026540119637818785,-0.00011058383182424494,-0.38427327684002466
αβγα,3-center,Ca-Ca-Cb-Ca,1.0,1.73,1.0,0.0,1.0,1.0,24,0.0026454482932007457,0.00011022701221669773,0.38303334657561805
αββγ,3-center,Ca-Ca-Ca-Cb,1.0,0.0,1.0,1.73,1.0,1.0,24,0.0026454482932007353,0.0001102270122166973,0.38303334657561655
αβαγ,3-center,Cc-Ca-Cc-Cb,1.73,1.73,1.73,1.73,0.0,1.73,24,0.0024879079193444857,0.0001036628299726869,0.3602231420541274
αβαγ,3-center,Cc-Cb-Cc-Ca,1.73,1.73,1.73,1.73,0.0,1.73,24,0.002487907919344484,0.00010366282997268683,0.3602231420541272
αβγα,3-center,Ca-Ca-Ca-Ca,1.0,2.65,1.73,0.0,1.73,1.0,24,0.0024823498067746757,0.00010343124194894483,0.3594183852710408
αββγ,3-center,Ca-Ca-Ca-Ca,1.0,0.0,1.73,2.65,1.0,1.73,24,0.00248234980677465,0.00010343124194894376,0.3594183852710371
αβαγ,3-center,Cc-Cc-Cc-Cb,1.0,1.0,1.73,1.73,0.0,1.0,24,0.002467958134530649,0.00010283158893877704,0.3573346210951856
αβαγ,3-center,Cc-Cb-Cc-Cc,1.73,1.73,1.0,1.0,0.0,1.0,24,0.002467958134530649,0.00010283158893877704,0.3573346210951856
αβαγ,3-center,Cc-Cc-Cc-Cb,1.0,1.0,1.73,1.73,0.0,2.65,24,-0.0024270100812641667,-0.00010112542005267361,-0.35140576967188275
αβαγ,3-center,Cc-Cb-Cc-Cc,1.73,1.73,1.0,1.0,0.0,2.65,24,-0.0024270100812641662,-0.0001011254200526736,-0.35140576967188264
αβαγ,3-center,Cb-Ca-Cb-Ca,1.73,1.73,1.0,1.0,0.0,1.0,24,-0.0023524788171876226,-9.801995071615094e-05,-0.3406144192693355
αβαγ,3-center,Cb-Ca-Cb-Ca,1.0,1.0,1.73,1.73,0.0,1.0,24,-0.002352478817187616,-9.801995071615067e-05,-0.3406144192693345
αββγ,3-center,Ca-Cb-Cb-Cc,1.0,0.0,1.73,2.65,1.0,1.73,24,-0.0023299044015572864,-9.707935006488693e-05,-0.3373458791175207
αβγα,3-center,Cb-Ca-Cc-Cb,1.0,2.65,1.73,0.0,1.73,1.0,24,-0.002329904401557282,-9.707935006488676e-05,-0.33734587911752
αββγ,3-center,Ca-Cb-Cb-Cc,1.73,0.0,1.73,1.73,1.73,1.73,24,-0.002182994834871389,-9.095811811964122e-05,-0.3160749046984402
αβγα,3-center,Cb-Ca-Cc-Cb,1.73,1.73,1.73,0.0,1.73,1.73,24,-0.0021829948348713888,-9.09581181196412e-05,-0.31607490469844013
αββγ,3-center,Cb-Cc-Cc-Cc,1.73,0.0,1.73,3.0,1.73,1.73,24,0.002084272168611391,8.68446736921413e-05,0.3017808913406197
αβγα,3-center,Cc-Cb-Cc-Cc,1.73,3.0,1.73,0.0,1.73,1.73,24,0.0020842721686113908,8.684467369214128e-05,0.30178089134061964
αβαγ,3-center,Cc-Ca-Cc-Cc,1.73,1.73,1.73,1.73,0.0,3.46,24,-0.001956729069981483,-8.153037791589514e-05,-0.28331397969226163
αβαγ,3-center,Cc-Cc-Cc-Ca,1.73,1.73,1.73,1.73,0.0,3.46,24,-0.001956729069981482,-8.153037791589508e-05,-0.28331397969226146
αβαγ,3-center,Cb-Cc-Cb-Cc,1.73,1.73,1.73,1.73,0.0,1.73,24,0.0019519851053407357,8.133271272253065e-05,0.28262710304566374
αβαβ,2-center transfer,Cb-Cc-Cb-Cc,1.0,1.0,1.0,1.0,0.0,0.0,12,0.0017189558038904378,0.0001432463169908698,0.24888688842340315
αβγα,3-center,Ca-Cb-Cc-Ca,1.73,1.73,1.73,0.0,1.73,1.73,24,-0.0016974816282976193,-7.072840117906747e-05,-0.24577765156422496
αββγ,3-center,Cb-Ca-Ca-Cc,1.73,0.0,1.73,1.73,1.73,1.73,24,-0.0016974816282976138,-7.072840117906724e-05,-0.24577765156422415
αβγα,3-center,Cb-Ca-Ca-Cb,1.0,2.65,1.73,0.0,1.73,1.0,24,-0.001664654941453546,-6.936062256056442e-05,-0.24102468937207333
αββγ,3-center,Ca-Cb-Cb-Ca,1.0,0.0,1.73,2.65,1.0,1.73,24,-0.0016646549414535308,-6.936062256056378e-05,-0.24102468937207114
αβαγ,3-center,Ca-Cb-Ca-Ca,1.0,1.0,1.0,1.0,0.0,1.73,24,-0.0015483291602770876,-6.451371501154532e-05,-0.22418192840352213
αβαγ,3-center,Ca-Ca-Ca-Cb,1.0,1.0,1.0,1.0,0.0,1.73,24,-0.0015483291602770843,-6.451371501154518e-05,-0.22418192840352166
αββγ,3-center,Ca-Cc-Cc-Cc,1.73,0.0,1.0,2.65,1.73,1.0,24,0.0014381492064176782,5.992288360073659e-05,0.2082290191893127
αβγα,3-center,Cc-Ca-Cc-Cc,1.73,2.65,1.0,0.0,1.0,1.73,24,0.0014381492064176752,5.992288360073646e-05,0.20822901918931228
αβαγ,3-center,Cc-Cc-Cc-Cb,1.0,1.0,1.0,1.0,0.0,1.73,24,-0.0013039108033349352,-5.43296168056223e-05,-0.18879269722304998
αβαγ,3-center,Cc-Cb-Cc-Cc,1.0,1.0,1.0,1.0,0.0,1.73,24,-0.0013039108033349345,-5.432961680562227e-05,-0.1887926972230499
αβαγ,3-center,Cc-Cb-Cc-Cc,1.0,1.0,1.73,1.73,0.0,2.65,24,-0.0012831050040818875,-5.3462708503411976e-05,-0.18578023429321017
αβαγ,3-center,Cc-Cc-Cc-Cb,1.73,1.73,1.0,1.0,0.0,2.65,24,-0.001283105004081887,-5.346270850341196e-05,-0.18578023429321008
αβαγ,3-center,Cb-Ca-Cb-Ca,1.73,1.73,1.0,1.0,0.0,2.65,24,-0.0011940909061214826,-4.9753787755061773e-05,-0.17289192045928842
αβαγ,3-center,Cb-Ca-Cb-Ca,1.0,1.0,1.73,1.73,0.0,2.65,24,-0.0011940909061214807,-4.975378775506169e-05,-0.17289192045928814
αβαγ,3-center,Cc-Cc-Cc-Cc,1.0,1.0,1.73,1.73,0.0,1.0,24,0.0011428247310157646,4.761769712565686e-05,0.1654691125112577
αβαγ,3-center,Cc-Cc-Cc-Cc,1.73,1.73,1.0,1.0,0.0,1.0,24,0.001142824731015764,4.761769712565683e-05,0.16546911251125762
αβγα,3-center,Cc-Cb-Cc-Cc,1.73,1.73,1.73,0.0,1.73,1.73,24,-0.001042136084305698,-4.342233684607075e-05,-0.1508904456703102
αββγ,3-center,Cb-Cc-Cc-Cc,1.73,0.0,1.73,1.73,1.73,1.73,24,-0.001042136084305694,-4.342233684607059e-05,-0.15089044567030963
αβαβ,2-center transfer,Cc-Cc-Cc-Cc,1.0,1.0,1.0,1.0,0.0,0.0,12,0.0010384521867309213,8.653768222757677e-05,0.15035705568868207
αβαγ,3-center,Cc-Cc-Cc-Cc,1.0,1.0,1.0,1.0,0.0,1.73,24,-0.0010191455305967518,-4.2464397108197994e-05,-0.1475616530609829
αβαγ,3-center,Cc-Ca-Cc-Cc,1.73,1.73,1.73,1.73,0.0,3.0,24,-0.0009786846934500674,-4.077852889375281e-05,-0.1417033454549043
αβαγ,3-center,Cc-Cc-Cc-Ca,1.73,1.73,1.73,1.73,0.0,3.0,24,-0.0009786846934500665,-4.077852889375277e-05,-0.14170334545490415
αβαγ,3-center,Cc-Cb-Cc-Cc,1.73,1.73,1.73,1.73,0.0,3.0,24,-0.0008501133275621753,-3.542138864842397e-05,-0.1230875514224104
αβαγ,3-center,Cc-Cc-Cc-Cb,1.73,1.73,1.73,1.73,0.0,3.0,24,-0.0008501133275621744,-3.5421388648423935e-05,-0.12308755142241028
αβαγ,3-center,Ca-Cb-Ca-Ca,1.73,1.73,1.73,1.73,0.0,3.0,24,0.0008298417611523024,3.45767400480126e-05,0.12015243984141294
αβαγ,3-center,Ca-Ca-Ca-Cb,1.73,1.73,1.73,1.73,0.0,3.0,24,0.0008298417611522973,3.457674004801239e-05,0.1201524398414122
αβαγ,3-center,Cc-Cb-Cc-Cc,1.73,1.73,1.73,1.73,0.0,1.73,24,0.0008269723476724125,3.445718115301719e-05,0.11973697866958197
αβαγ,3-center,Cc-Cc-Cc-Cb,1.73,1.73,1.73,1.73,0.0,1.73,24,0.0008269723476724118,3.445718115301716e-05,0.11973697866958187
αββγ,3-center,Ca-Cb-Cb-Cc,1.0,0.0,1.0,1.73,1.0,1.0,24,-0.0007276649449571301,-3.0319372706547085e-05,-0.10535830156614677
αβγα,3-center,Cb-Ca-Cc-Cb,1.0,1.73,1.0,0.0,1.0,1.0,24,-0.0007276649449571289,-3.0319372706547037e-05,-0.1053583015661466
αβγα,3-center,Cb-Cc-Cc-Cb,1.0,1.0,1.73,0.0,1.73,1.0,24,-0.0006883894751281118,-2.868289479700466e-05,-0.09967162279582124
αββγ,3-center,Cc-Cb-Cb-Cc,1.0,0.0,1.73,1.0,1.0,1.73,24,-0.0006883894751281077,-2.8682894797004488e-05,-0.09967162279582066
αβαγ,3-center,Ca-Cb-Ca-Cc,1.73,1.73,1.73,1.73,0.0,1.73,24,0.0006679524496607036,2.7831352069195983e-05,0.09671255446742037
αβαγ,3-center,Ca-Cc-Ca-Cb,1.73,1.73,1.73,1.73,0.0,1.73,24,0.0006679524496607022,2.7831352069195925e-05,0.09671255446742018
αβαγ,3-center,Cb-Cc-Cb-Ca,1.73,1.73,1.73,1.73,0.0,1.73,24,0.0006238664328703596,2.599443470293165e-05,0.09032935862428282
αβαγ,3-center,Cb-Ca-Cb-Cc,1.73,1.73,1.73,1.73,0.0,1.73,24,0.000623866432870359,2.5994434702931622e-05,0.09032935862428271
αββγ,3-center,Cb-Cc-Cc-Cc,1.0,0.0,1.73,2.65,1.0,1.73,24,-0.0005944749001848115,-2.476978750770048e-05,-0.08607377095905912
αββγ,3-center,Cb-Cc-Cc-Cc,1.73,0.0,1.0,2.65,1.73,1.0,24,0.0005944749001848113,2.4769787507700472e-05,0.08607377095905909
αβγα,3-center,Cc-Cb-Cc-Cc,1.73,2.65,1.0,0.0,1.0,1.73,24,0.0005944749001848074,2.476978750770031e-05,0.08607377095905853
αβγα,3-center,Cc-Cb-Cc-Cc,1.0,2.65,1.73,0.0,1.73,1.0,24,-0.0005944749001848073,-2.4769787507700306e-05,-0.08607377095905852
αβαβ,2-center transfer,Cc-Cc-Cc-Cc,1.73,1.73,1.73,1.73,0.0,0.0,12,0.0005583565631765756,4.652971359804796e-05,0.08084421212301318
αβαγ,3-center,Cb-Ca-Cb-Ca,1.73,1.73,1.73,1.73,0.0,3.46,24,0.0005122625784424096,2.134427410176707e-05,0.07417028344517405
αβαγ,3-center,Cc-Cc-Cc-Cc,1.73,1.73,1.73,1.73,0.0,1.73,24,0.0004922013561989992,2.0508389841624965e-05,0.07126562750763778
αβγα,3-center,Cc-Ca-Ca-Cc,1.73,1.73,1.73,0.0,1.73,1.73,12,0.00046904923918013845,3.908743659834487e-05,0.06791344221456784
αββγ,3-center,Ca-Cc-Cc-Ca,1.73,0.0,1.73,1.73,1.73,1.73,12,0.0004690492391801374,3.9087436598344785e-05,0.06791344221456769
αβγα,3-center,Cc-Cc-Cc-Cc,1.0,1.0,1.73,0.0,1.73,1.0,24,0.00039594939706682174,1.6497891544450907e-05,0.05732934679649561
αββγ,3-center,Cc-Cc-Cc-Cc,1.0,0.0,1.73,1.0,1.0,1.73,24,0.0003959493970668167,1.6497891544450697e-05,0.05732934679649487
αβγα,3-center,Cc-Cb-Cc-Cc,1.0,1.73,1.0,0.0,1.0,1.0,24,-0.00034737869476856567,-1.4474112282023569e-05,-0.05029681522343668
αββγ,3-center,Cb-Cc-Cc-Cc,1.0,0.0,1.0,1.73,1.0,1.0,24,-0.0003473786947685649,-1.4474112282023539e-05,-0.05029681522343657
αβαγ,3-center,Cb-Cc-Cb-Ca,1.73,1.73,1.73,1.73,0.0,3.0,24,-0.000309739411507244,-1.2905808812801833e-05,-0.0448470392186113
αβαγ,3-center,Cb-Ca-Cb-Cc,1.73,1.73,1.73,1.73,0.0,3.0,24,-0.00030973941150724116,-1.2905808812801715e-05,-0.04484703921861089
αβγα,3-center,Cb-Ca-Ca-Cb,1.0,1.73,1.0,0.0,1.0,1.0,12,0.00023030310117902252,1.9191925098251878e-05,0.033345489230717014
αββγ,3-center,Ca-Cb-Cb-Ca,1.0,0.0,1.0,1.73,1.0,1.0,12,0.00023030310117902084,1.9191925098251736e-05,0.03334548923071677
αββγ,3-center,Cc-Cc-Cc-Cc,1.73,0.0,1.73,1.73,1.73,1.73,12,-0.00014042839042767338,-1.1702365868972782e-05,-0.020332567632482375
αβγα,3-center,Cc-Cc-Cc-Cc,1.73,1.73,1.73,0.0,1.73,1.73,12,-0.00014042839042767275,-1.170236586897273e-05,-0.020332567632482285
αββγ,3-center,Cc-Cb-Cb-Cc,1.73,0.0,1.73,1.73,1.73,1.73,12,-6.694280202108713e-05,-5.578566835090594e-06,-0.009692620170724425
αβγα,3-center,Cb-Cc-Cc-Cb,1.73,1.73,1.73,0.0,1.73,1.73,12,-6.694280202108696e-05,-5.57856683509058e-06,-0.009692620170724402
αββγ,3-center,Cc-Cc-Cc-Cc,1.0,0.0,1.0,1.73,1.0,1.0,12,-4.680946347589117e-05,-3.900788622990931e-06,-0.006777522544160798
αβγα,3-center,Cc-Cc-Cc-Cc,1.0,1.73,1.0,0.0,1.0,1.0,12,-4.680946347589086e-05,-3.9007886229909045e-06,-0.006777522544160753
αββγ,3-center,Cb-Ca-Ca-Cc,1.0,0.0,1.73,1.0,1.0,1.73,24,-1.0582210045081051e-18,-4.409254185450438e-20,-1.532193745064416e-16
αβγα,3-center,Ca-Cb-Cc-Ca,1.0,1.0,1.73,0.0,1.73,1.0,24,1.0582210045081026e-18,4.409254185450428e-20,1.532193745064412e-16
αβγα,3-center,Cc-Cb-Cc-Cc,1.73,1.0,1.0,0.0,1.0,1.73,24,7.014696187196338e-19,2.922790077998474e-20,1.0156549128927365e-16
αββγ,3-center,Cb-Cc-Cc-Cc,1.73,0.0,1.0,1.0,1.73,1.0,24,-7.0146961871963305e-19,-2.922790077998471e-20,-1.0156549128927353e-16
αβαγ,3-center,Cb-Cc-Cb-Ca,1.73,1.73,1.0,1.0,0.0,2.0,24,2.5869792174270695e-19,1.077908007261279e-20,3.745676336670214e-17
αβαγ,3-center,Cb-Ca-Cb-Cc,1.0,1.0,1.73,1.73,0.0,2.0,24,1.367251773380877e-19,5.696882389086988e-21,1.979638096558274e-17
αβαγ,3-center,Cc-Cb-Cc-Cb,1.0,1.0,1.73,1.73,0.0,2.0,24,-1.3552527156068762e-19,-5.646886315028651e-21,-1.9622647112354826e-17
αβαγ,3-center,Cc-Cb-Cc-Cb,1.73,1.73,1.0,1.0,0.0,2.0,24,-1.0842021724855001e-19,-4.517509052022917e-21,-1.569811768988385e-17
αβαγ,3-center,Ca-Cc-Ca-Ca,1.73,1.73,1.0,1.0,0.0,2.0,24,9.486769009248188e-20,3.952820420520078e-21,1.3735852978648459e-17
αβαγ,3-center,Cc-Ca-Cc-Cc,1.73,1.73,1.0,1.0,0.0,2.0,24,-6.776263578034371e-20,-2.8234431575143214e-21,-9.8113235561774e-18
αβαγ,3-center,Ca-Ca-Ca-Cc,1.0,1.0,1.73,1.73,0.0,2.0,24,6.776263578034302e-20,2.8234431575142925e-21,9.811323556177299e-18
αβγα,3-center,Cc-Cb-Cb-Cc,1.0,2.0,1.73,0.0,1.73,1.0,24,-5.082197683525745e-20,-2.117582368135727e-21,-7.358492667133001e-18
αβαγ,3-center,Cc-Cc-Cc-Ca,1.0,1.0,1.73,1.73,0.0,2.0,24,-4.0657581468206236e-20,-1.6940658945085932e-21,-5.8867941337064415e-18
αββγ,3-center,Cb-Cc-Cc-Cb,1.0,0.0,1.73,2.0,1.0,1.73,24,-3.3881317890171045e-20,-1.4117215787571269e-21,-4.905661778088582e-18
αβαγ,3-center,Cb-Ca-Cb-Cc,1.73,1.73,1.0,1.0,0.0,2.0,24,2.3716922523120927e-20,9.882051051300386e-22,3.4339632446621802e-18
αβαγ,3-center,Cb-Cc-Cb-Ca,1.0,1.0,1.73,1.73,0.0,2.0,24,2.371692252312088e-20,9.882051051300367e-22,3.4339632446621737e-18
αββγ,3-center,Cb-Ca-Ca-Cb,1.0,0.0,1.73,2.0,1.0,1.73,24,2.335280636341881e-20,9.730335984757839e-22,3.3812430189252338e-18
αβαγ,3-center,Ca-Cb-Ca-Cb,1.0,1.0,1.73,1.73,0.0,2.0,24,-2.1124694242274977e-20,-8.80195593428124e-22,-3.058635601308752e-18
αβαγ,3-center,Cc-Cc-Cc-Cc,1.73,1.73,1.0,1.0,0.0,2.0,24,-1.6940658945085983e-20,-7.058607893785826e-22,-2.452830889044358e-18
αββγ,3-center,Ca-Cb-Cb-Cc,1.73,0.0,1.0,2.0,1.73,1.0,24,-1.4399560103321764e-20,-5.9998167097174015e-22,-2.0849062556875126e-18
αβγα,3-center,Cb-Ca-Cc-Cb,1.73,2.0,1.0,0.0,1.0,1.73,24,-1.2705494208814216e-20,-5.293955920339257e-22,-1.839623166783229e-18
αβαγ,3-center,Ca-Cb-Ca-Cb,1.73,1.73,1.0,1.0,0.0,2.0,24,-1.0960298875224493e-20,-4.566791198010205e-22,-1.5869370678822975e-18
αββγ,3-center,Ca-Ca-Ca-Cc,1.0,0.0,1.73,2.0,1.0,1.73,24,-1.016439536705394e-20,-4.235164736272475e-22,-1.4716985334269547e-18
αβγα,3-center,Cb-Ca-Cc-Cb,1.0,2.0,1.73,0.0,1.73,1.0,24,8.541284234411288e-21,3.5588684310047034e-22,1.2366889546730829e-18
αββγ,3-center,Ca-Cb-Cb-Cc,1.0,0.0,1.73,2.0,1.0,1.73,24,7.694251287157277e-21,3.2059380363155318e-22,1.1140474102209066e-18
αβαγ,3-center,Cc-Cc-Cc-Cc,1.0,1.0,1.73,1.73,0.0,2.0,24,-6.776263578034475e-21,-2.8234431575143644e-22,-9.811323556177549e-19
αβγα,3-center,Cc-Ca-Cc-Cc,1.73,2.0,1.0,0.0,1.0,1.73,24,-5.082197683527033e-21,-2.117582368136264e-22,-7.358492667134865e-19
αββγ,3-center,Ca-Cc-Cc-Cc,1.73,0.0,1.0,2.0,1.73,1.0,24,-5.08219768352457e-21,-2.1175823681352374e-22,-7.358492667131299e-19
αβγα,3-center,Ca-Ca-Cc-Ca,1.0,2.0,1.73,0.0,1.73,1.0,24,-5.082197683523268e-21,-2.117582368134695e-22,-7.358492667129415e-19
αβγα,3-center,Ca-Cb-Cb-Ca,1.0,2.0,1.73,0.0,1.73,1.0,24,-3.752247948714996e-21,-1.563436645297915e-22,-5.432864035451932e-19
αβγα,3-center,Cc-Cc-Cc-Cc,1.0,2.0,1.73,0.0,1.73,1.0,24,-4.7166415197266724e-35,-1.9652672998861135e-36,-6.829205433883424e-33
αββγ,3-center,Cc-Cc-Cc-Cc,1.0,0.0,1.73,2.0,1.0,1.73,24,-4.665701301308861e-35,-1.944042208878692e-36,-6.755449305721647e-33
αβγδ,4-center,Ca-Ca-Ca-Cb,1.73,2.65,1.73,1.0,1.0,1.0,24,-0.024122684936365487,-0.001005111872348562,-3.4927134139469556
αβγδ,4-center,Ca-Ca-Cb-Ca,1.73,1.0,1.73,2.65,1.0,1.0,24,-0.024122684936365445,-0.0010051118723485603,-3.4927134139469493
αβγδ,4-center,Cb-Ca-Cb-Cc,1.73,1.0,1.73,1.0,2.0,2.0,24,0.016815337155823083,0.0007006390481592951,2.4346855998457038
αβγδ,4-center,Ca-Cb-Cc-Cb,1.73,1.0,1.73,1.0,2.0,2.0,24,0.01681533715582308,0.000700639048159295,2.4346855998457033
αβγδ,4-center,Ca-Cb-Ca-Cb,1.73,1.0,1.73,1.0,1.0,2.0,24,-0.01377012367943285,-0.0005737551533097021,-1.9937704204045417
αβγδ,4-center,Cb-Ca-Ca-Cc,1.73,1.73,1.73,1.73,3.0,1.73,24,-0.012479852283279831,-0.0005199938451366596,-1.8069525672151567
αβγδ,4-center,Ca-Cb-Cc-Ca,1.73,1.73,1.73,1.73,1.73,3.0,24,-0.01247985228327983,-0.0005199938451366596,-1.8069525672151567
αβγδ,4-center,Ca-Cc-Cc-Cb,1.73,1.0,1.73,1.0,2.65,1.0,24,0.012304021845857972,0.0005126675769107488,1.7814941520767291
αβγδ,4-center,Cc-Ca-Cb-Cc,1.73,1.0,1.73,1.0,1.0,2.65,24,0.012304021845857964,0.0005126675769107485,1.781494152076728
αβγδ,4-center,Ca-Ca-Ca-Ca,1.73,2.65,1.73,2.65,1.0,4.0,24,-0.009671810751432815,-0.00040299211464303396,-1.4003774139486591
αβγδ,4-center,Ca-Ca-Cb-Ca,1.73,1.0,1.73,1.0,1.0,2.65,24,0.009289974961662527,0.00038708229006927195,1.345091570421133
αβγδ,4-center,Ca-Ca-Ca-Cb,1.73,1.0,1.73,1.0,2.65,1.0,24,0.009289974961662508,0.00038708229006927114,1.3450915704211304
αβγδ,4-center,Ca-Cb-Cb-Ca,1.0,2.0,1.73,1.73,3.0,1.0,24,0.009245918667496817,0.00038524661114570073,1.3387126781043248
αβγδ,4-center,Cb-Ca-Ca-Cb,1.0,1.73,1.73,2.0,1.0,3.0,24,0.009245918667496798,0.0003852466111456999,1.338712678104322
αβγδ,4-center,Cb-Cc-Cc-Cc,1.73,1.0,1.73,1.0,2.65,1.0,24,0.007823464820009613,0.00032597770083373385,1.1327561833383002
αβγδ,4-center,Cc-Cb-Cc-Cc,1.73,1.0,1.73,1.0,1.0,2.65,24,0.00782346482000961,0.00032597770083373374,1.1327561833382997
αβγδ,4-center,Ca-Ca-Ca-Cc,1.73,2.65,1.73,2.65,4.0,2.0,24,0.007473477085947592,0.00031139487858114967,1.0820816064120595
αβγδ,4-center,Ca-Ca-Cc-Ca,1.73,2.65,1.73,2.65,2.0,4.0,24,0.00747347708594758,0.0003113948785811492,1.0820816064120578
αβγδ,4-center,Ca-Ca-Cc-Cb,1.0,1.73,1.73,1.0,2.0,1.73,24,0.007449390596919868,0.00031039127487166116,1.078594133788513
αβγδ,4-center,Ca-Ca-Cb-Cc,1.0,1.0,1.73,1.73,1.73,2.0,24,0.007449390596919864,0.000310391274871661,1.0785941337885123
αβγδ,4-center,Ca-Ca-Ca-Cb,1.0,2.65,1.0,1.0,1.73,1.73,24,-0.007274777420766739,-0.00030311572586528076,-1.0533119653976089
αβγδ,4-center,Ca-Ca-Cb-Ca,1.0,1.0,1.0,2.65,1.73,1.73,24,-0.007274777420766731,-0.00030311572586528044,-1.0533119653976077
αβγδ,4-center,Ca-Cb-Cb-Ca,1.73,2.0,1.73,2.65,1.0,3.61,24,-0.0065030391912934155,-0.0002709599663038923,-0.9415723114889479
αβγδ,4-center,Cb-Ca-Ca-Cb,1.73,2.65,1.73,2.0,1.0,3.61,24,-0.00650303919129341,-0.0002709599663038921,-0.941572311488947
αβγδ,4-center,Ca-Ca-Ca-Cb,1.0,3.46,1.73,1.0,2.65,1.73,24,0.006450946135173583,0.0002687894222988993,0.934029779786395
αβγδ,4-center,Ca-Ca-Cb-Ca,1.0,1.0,1.73,3.46,1.73,2.65,24,0.006450946135173575,0.000268789422298899,0.9340297797863939
αβγδ,4-center,Ca-Cb-Cc-Ca,1.73,1.0,1.73,1.0,2.0,1.0,24,-0.005726751412474239,-0.00023861464218642662,-0.8291739302425302
αβγδ,4-center,Cb-Ca-Ca-Cc,1.73,1.0,1.73,1.0,1.0,2.0,24,-0.005726751412474237,-0.00023861464218642652,-0.8291739302425298
αβγδ,4-center,Ca-Cc-Cc-Cb,1.73,1.0,1.73,1.0,2.0,1.0,24,-0.005700865699162155,-0.0002375360707984231,-0.8254259486910069
αβγδ,4-center,Cc-Ca-Cb-Cc,1.73,1.0,1.73,1.0,1.0,2.0,24,-0.005700865699162153,-0.00023753607079842303,-0.8254259486910068
αβγδ,4-center,Ca-Ca-Cc-Ca,1.0,2.0,1.73,1.73,1.73,2.65,24,0.0056820111469745626,0.00023675046445727343,0.822696006003728
αβγδ,4-center,Ca-Ca-Ca-Cc,1.0,1.73,1.73,2.0,2.65,1.73,24,0.005682011146974561,0.00023675046445727338,0.8226960060037277
αβγδ,4-center,Ca-Cb-Ca-Cb,1.73,3.0,1.0,1.0,1.73,2.0,24,0.005575154972103551,0.00023229812383764796,0.8072243453523712
αβγδ,4-center,Ca-Cb-Ca-Cb,1.0,1.0,1.73,3.0,1.73,2.0,24,0.005575154972103536,0.00023229812383764733,0.8072243453523691
αβγδ,4-center,Cb-Ca-Cb-Cc,1.73,1.0,1.0,1.73,2.0,1.73,24,0.005399042718070632,0.000224960113252943,0.7817251261052667
αβγδ,4-center,Ca-Cb-Cc-Cb,1.73,1.73,1.0,1.0,1.73,2.0,24,0.005399042718070631,0.00022496011325294298,0.7817251261052666
αβγδ,4-center,Cb-Ca-Ca-Cc,1.73,2.65,1.73,1.0,1.0,2.0,24,0.005237336028853411,0.0002182223345355588,0.758311682533631
αβγδ,4-center,Ca-Cb-Cc-Ca,1.73,1.0,1.73,2.65,2.0,1.0,24,0.005237336028853404,0.00021822233453555847,0.7583116825336299
αβγδ,4-center,Cb-Cc-Cb-Cc,1.73,1.0,1.73,1.0,2.0,1.0,24,-0.005156867411671315,-0.00021486947548630478,-0.7466606652702097
αβγδ,4-center,Cb-Ca-Cc-Cc,1.73,1.73,1.73,1.73,1.73,3.0,24,-0.004975815838688971,-0.0002073256599453738,-0.7204462841082548
αβγδ,4-center,Ca-Cb-Cc-Cc,1.73,1.73,1.73,1.73,3.0,1.73,24,-0.004975815838688969,-0.0002073256599453737,-0.7204462841082545
αβγδ,4-center,Ca-Cc-Cc-Ca,1.73,1.0,1.73,1.0,2.0,2.0,12,0.004926443754077445,0.0004105369795064538,0.7132977207268528
αβγδ,4-center,Cc-Ca-Ca-Cc,1.73,1.0,1.73,1.0,2.0,2.0,12,0.004926443754077438,0.00041053697950645313,0.7132977207268517
αβγδ,4-center,Ca-Cc-Ca-Cb,1.73,2.0,1.73,1.0,1.0,1.0,24,-0.004642794999544444,-0.00019344979164768517,-0.6722283367664773
αβγδ,4-center,Ca-Cb-Ca-Cc,1.73,1.0,1.73,2.0,1.0,1.0,24,-0.004642794999544444,-0.00019344979164768517,-0.6722283367664773
αβγδ,4-center,Ca-Cb-Cb-Cc,1.73,2.0,1.73,2.0,3.61,1.0,24,-0.00462636854496837,-0.00019276535604034878,-0.6698499573119188
αβγδ,4-center,Cb-Ca-Cc-Cb,1.73,2.0,1.73,2.0,1.0,3.61,24,-0.004626368544968361,-0.00019276535604034837,-0.6698499573119173
αβγδ,4-center,Ca-Cb-Ca-Cb,1.73,3.61,1.73,1.0,2.65,2.0,24,-0.004620539909399218,-0.00019252249622496743,-0.6690060316174494
αβγδ,4-center,Ca-Cb-Ca-Cb,1.73,1.0,1.73,3.61,2.65,2.0,24,-0.004620539909399209,-0.00019252249622496703,-0.669006031617448
αβγδ,4-center,Ca-Cb-Cb-Cc,1.73,2.0,1.73,2.0,1.0,1.0,24,-0.004571293730706598,-0.00019047057211277492,-0.6618756981011316
αβγδ,4-center,Cb-Ca-Cc-Cb,1.73,2.0,1.73,2.0,1.0,1.0,24,-0.0045712937307065896,-0.00019047057211277457,-0.6618756981011302
αβγδ,4-center,Ca-Ca-Ca-Cc,1.0,2.65,1.73,1.73,1.73,2.0,24,0.004502372818316285,0.00018759886742984519,0.6518966681613831
αβγδ,4-center,Ca-Ca-Cc-Ca,1.0,1.73,1.73,2.65,2.0,1.73,24,0.004502372818316284,0.00018759886742984516,0.6518966681613829
αβγδ,4-center,Ca-Ca-Cc-Cb,1.73,2.0,1.73,1.0,2.65,1.0,24,-0.0044990228221794045,-0.00018745928425747518,-0.6514116236286199
αβγδ,4-center,Ca-Cc-Ca-Cb,1.73,2.0,1.73,1.0,2.65,1.0,24,-0.004499022822179404,-0.00018745928425747515,-0.6514116236286198
αβγδ,4-center,Ca-Cb-Ca-Cc,1.73,1.0,1.73,2.0,2.65,1.0,24,-0.004499022822179402,-0.00018745928425747507,-0.6514116236286196
αβγδ,4-center,Ca-Ca-Cb-Cc,1.73,1.0,1.73,2.0,1.0,2.65,24,-0.004499022822179402,-0.00018745928425747507,-0.6514116236286196
αβγδ,4-center,Ca-Ca-Cc-Cc,1.73,3.0,1.73,3.0,3.46,3.46,24,0.004291351638723425,0.00017880631828014272,0.6213430002535545
αβγδ,4-center,Ca-Cc-Cb-Cc,1.73,1.0,1.73,2.65,1.0,1.0,24,-0.004270067300665386,-0.00017791947086105773,-0.6182612498912543
αβγδ,4-center,Cb-Cc-Ca-Cc,1.73,2.65,1.73,1.0,1.0,1.0,24,-0.004270067300665386,-0.00017791947086105773,-0.6182612498912543
αβγδ,4-center,Cb-Ca-Cc-Cc,1.73,1.73,1.0,1.0,1.73,2.0,24,0.004125565223107068,0.00017189855096279448,0.5973388548111658
αβγδ,4-center,Ca-Cb-Cc-Cc,1.73,1.0,1.0,1.73,2.0,1.73,24,0.004125565223107064,0.00017189855096279435,0.5973388548111653
αβγδ,4-center,Ca-Cb-Cc-Ca,1.0,1.73,1.73,1.0,2.0,1.73,24,0.00404830358227308,0.000168679315928045,0.5861521743053979
αβγδ,4-center,Cb-Ca-Ca-Cc,1.0,1.0,1.73,1.73,1.73,2.0,24,0.004048303582273078,0.00016867931592804493,0.5861521743053977
αβγδ,4-center,Ca-Ca-Ca-Cc,1.73,1.0,1.73,2.65,2.65,2.0,24,0.003930249653256088,0.00016376040221900367,0.5690591955373009
αβγδ,4-center,Ca-Ca-Cc-Ca,1.73,2.65,1.73,1.0,2.0,2.65,24,0.003930249653256087,0.00016376040221900362,0.5690591955373007
αβγδ,4-center,Ca-Ca-Cb-Cc,1.73,1.0,1.73,2.65,1.0,2.0,24,0.0036580031799908056,0.00015241679916628358,0.5296407430896659
αβγδ,4-center,Ca-Ca-Cc-Cb,1.73,2.65,1.73,1.0,2.0,1.0,24,0.0036580031799908056,0.00015241679916628358,0.5296407430896659
αβγδ,4-center,Ca-Ca-Ca-Cc,1.73,2.65,1.73,2.0,1.0,2.65,24,0.003598840760298427,0.0001499516983457678,0.5210746412064704
αβγδ,4-center,Ca-Ca-Cc-Ca,1.73,2.0,1.73,2.65,2.65,1.0,24,0.0035988407602984248,0.0001499516983457677,0.5210746412064701
αβγδ,4-center,Ca-Cb-Cb-Cc,1.73,3.46,1.73,3.46,3.0,3.0,24,0.0035923891621907696,0.00014968288175794874,0.5201405170278621
αβγδ,4-center,Cb-Ca-Cc-Cb,1.73,3.46,1.73,3.46,3.0,3.0,24,0.0035923891621907652,0.00014968288175794855,0.5201405170278615
αβγδ,4-center,Ca-Cb-Ca-Cb,1.73,3.0,1.73,3.0,1.73,3.46,24,-0.003585598421537475,-0.0001493999342307281,-0.5191572885426017
αβγδ,4-center,Ca-Cb-Ca-Cc,1.73,3.0,1.73,1.73,1.73,1.73,24,-0.003472704467151245,-0.0001446960194646352,-0.5028114203327211
αβγδ,4-center,Ca-Cc-Ca-Cb,1.73,1.73,1.73,3.0,1.73,1.73,24,-0.0034727044671512353,-0.0001446960194646348,-0.5028114203327197
αβγδ,4-center,Ca-Ca-Cb-Ca,1.73,3.0,1.0,2.65,1.73,4.0,24,-0.003404212030404791,-0.00014184216793353295,-0.4928944292013725
αβγδ,4-center,Ca-Ca-Ca-Cb,1.73,2.65,1.0,3.0,4.0,1.73,24,-0.003404212030404791,-0.00014184216793353295,-0.4928944292013725
αβγδ,4-center,Cc-Ca-Ca-Cc,1.73,2.65,1.73,1.0,2.0,2.65,24,0.0033419275086053234,0.0001392469795252218,0.4838762794662109
αβγδ,4-center,Ca-Cc-Cc-Ca,1.73,1.0,1.73,2.65,2.0,2.65,24,0.0033419275086053204,0.0001392469795252217,0.4838762794662104
αβγδ,4-center,Ca-Ca-Ca-Cc,1.0,3.46,1.73,2.65,2.65,3.0,24,0.0033313217909857256,0.00013880507462440524,0.4823406820693117
αβγδ,4-center,Ca-Ca-Cc-Ca,1.0,2.65,1.73,3.46,3.0,2.65,24,0.0033313217909857204,0.00013880507462440503,0.48234068206931097
αβγδ,4-center,Cb-Ca-Ca-Cc,1.0,2.65,1.73,1.73,3.0,2.0,24,0.0032317456648160337,0.00013465606936733475,0.4679230966098484
αβγδ,4-center,Ca-Cb-Cc-Ca,1.0,1.73,1.73,2.65,2.0,3.0,24,0.003231745664816028,0.0001346560693673345,0.4679230966098476
αβγδ,4-center,Ca-Ca-Ca-Ca,1.0,2.65,1.0,2.65,1.73,3.46,24,-0.0032239369171442713,-0.0001343307048810113,-0.46679247131621965
αβγδ,4-center,Ca-Ca-Cc-Cc,1.73,2.65,1.73,2.65,2.0,2.0,24,0.0031232746214112797,0.0001301364425588033,0.4522176198221684
αβγδ,4-center,Cc-Cc-Cc-Cc,1.73,1.0,1.73,1.0,2.0,2.0,12,0.003115356560192764,0.00025961304668273034,0.4510711670660462
αβγδ,4-center,Cc-Cc-Cc-Cc,1.73,1.0,1.73,1.0,1.0,2.0,24,-0.0030574365917902563,-0.000127393191324594,-0.4426849591829488
αβγδ,4-center,Ca-Ca-Ca-Cc,1.0,2.65,1.73,3.0,3.46,2.65,24,0.002972606434047351,0.00012385860141863963,0.4304024362947433
αβγδ,4-center,Ca-Ca-Cc-Ca,1.0,3.0,1.73,2.65,2.65,3.46,24,0.002972606434047347,0.00012385860141863946,0.43040243629474273
αβγδ,4-center,Ca-Cb-Cb-Cc,1.0,2.0,1.73,1.73,3.0,1.0,24,0.002923376190495179,0.00012180734127063246,0.42327441002071386
αβγδ,4-center,Ca-Cb-Cb-Cc,1.73,2.0,1.0,1.73,1.0,1.73,24,0.0029233761904951788,0.00012180734127063245,0.4232744100207138
αβγδ,4-center,Cb-Ca-Cc-Cb,1.0,1.73,1.73,2.0,1.0,3.0,24,0.002923376190495175,0.00012180734127063229,0.42327441002071325
αβγδ,4-center,Cb-Ca-Cc-Cb,1.73,1.73,1.0,2.0,1.73,1.0,24,0.0029233761904951744,0.00012180734127063227,0.42327441002071314
αβγδ,4-center,Ca-Ca-Cc-Cc,1.73,3.46,1.73,3.46,3.0,3.0,24,0.0028765626319552807,0.00011985677633147003,0.4164962945539564
αβγδ,4-center,Ca-Ca-Cc-Cc,1.73,2.0,1.73,2.0,2.65,2.65,24,0.0028091084734041994,0.00011704618639184164,0.40672963528616085
αβγδ,4-center,Ca-Cc-Ca-Cc,1.73,2.0,1.73,2.0,1.0,1.0,24,0.0027923521144604425,0.0001163480047691851,0.4043034891168536
αβγδ,4-center,Ca-Cb-Cb-Cc,1.0,2.0,1.73,1.73,1.73,1.0,24,0.0027630767435596923,0.00011512819764832051,0.4000647204676317
αβγδ,4-center,Cb-Ca-Cc-Cb,1.0,1.73,1.73,2.0,1.0,1.73,24,0.002763076743559688,0.00011512819764832033,0.40006472046763114
αβγδ,4-center,Cb-Ca-Cb-Cc,1.73,3.61,1.73,1.0,2.0,2.0,24,0.0026910254575455155,0.00011212606073106314,0.38963244504647954
αβγδ,4-center,Ca-Cb-Cc-Cb,1.73,1.0,1.73,3.61,2.0,2.0,24,0.002691025457545509,0.00011212606073106287,0.3896324450464786
αβγδ,4-center,Cb-Ca-Ca-Cc,1.73,3.46,1.73,1.73,1.73,3.0,24,-0.0025402826738063736,-0.0001058451114085989,-0.3678064607412378
αβγδ,4-center,Ca-Cb-Cc-Ca,1.73,1.73,1.73,3.46,3.0,1.73,24,-0.0025402826738063697,-0.00010584511140859874,-0.3678064607412372
αβγδ,4-center,Ca-Cb-Ca-Cb,1.0,3.0,1.0,3.0,4.0,2.0,24,0.0023903989476916493,9.959995615381872e-05,0.34610485902840105
αβγδ,4-center,Cb-Ca-Cc-Cc,1.73,3.0,1.73,1.73,1.73,1.73,24,-0.0023779120075560468,-9.907966698150195e-05,-0.3442968802140269
αβγδ,4-center,Ca-Cb-Cc-Cc,1.73,1.73,1.73,3.0,1.73,1.73,24,-0.002377912007556046,-9.907966698150191e-05,-0.34429688021402677
αβγδ,4-center,Ca-Ca-Cc-Cc,1.0,1.73,1.0,1.73,2.0,2.0,24,0.002333304584055088,9.722102433562867e-05,0.3378381901123899
αβγδ,4-center,Cb-Cc-Ca-Cc,1.73,2.0,1.73,1.0,1.0,1.0,24,-0.0022985986430734138,-9.577494346139224e-05,-0.33281313150344516
αβγδ,4-center,Ca-Cc-Cb-Cc,1.73,1.0,1.73,2.0,1.0,1.0,24,-0.0022985986430734125,-9.577494346139219e-05,-0.33281313150344494
αβγδ,4-center,Ca-Ca-Cc-Ca,1.73,2.0,1.73,4.0,2.65,2.65,24,-0.002204069327621476,-9.183622198422817e-05,-0.3191262716467931
αβγδ,4-center,Ca-Ca-Ca-Cc,1.73,4.0,1.73,2.0,2.65,2.65,24,-0.0022040693276214715,-9.183622198422798e-05,-0.3191262716467924
αβγδ,4-center,Ca-Cb-Cb-Ca,1.0,2.0,1.0,2.65,1.73,3.0,24,-0.0021676797304311375,-9.031998876796406e-05,-0.3138574371629824
αβγδ,4-center,Cb-Ca-Ca-Cb,1.0,2.65,1.0,2.0,1.73,3.0,24,-0.0021676797304311358,-9.031998876796399e-05,-0.3138574371629822
αβγδ,4-center,Cb-Ca-Cc-Cc,1.73,2.65,1.73,1.0,2.65,2.0,24,0.0021350336503326932,8.895973543052888e-05,0.30913062494562726
αβγδ,4-center,Ca-Cb-Cc-Cc,1.73,1.0,1.73,2.65,2.0,2.65,24,0.002135033650332693,8.895973543052887e-05,0.30913062494562715
αβγδ,4-center,Ca-Cb-Cb-Cc,1.73,2.0,1.73,2.65,1.0,2.65,24,-0.0021289024152503456,-8.870426730209773e-05,-0.3082428859948152
αβγδ,4-center,Cb-Ca-Cc-Cb,1.73,2.65,1.73,2.0,2.65,1.0,24,-0.0021289024152503413,-8.870426730209755e-05,-0.30824288599481464
αβγδ,4-center,Cb-Ca-Ca-Cb,1.0,2.65,1.73,3.46,3.0,3.61,24,-0.0019455422632878355,-8.106426097032648e-05,-0.28169424665254383
αβγδ,4-center,Ca-Cb-Cb-Ca,1.0,3.46,1.73,2.65,3.61,3.0,24,-0.0019455422632878307,-8.106426097032628e-05,-0.2816942466525431
αβγδ,4-center,Ca-Ca-Cc-Cc,1.73,1.73,1.0,2.0,1.73,2.65,24,0.0019222269076421747,8.009278781842395e-05,0.2783184261073034
αβγδ,4-center,Ca-Ca-Cc-Cc,1.73,2.0,1.0,1.73,2.65,1.73,24,0.0019222269076421732,8.009278781842388e-05,0.27831842610730323
αβγδ,4-center,Cc-Cb-Cb-Cc,1.73,2.0,1.73,1.0,1.0,2.65,24,0.0018822662706255609,7.842776127606504e-05,0.2725325422678397
αβγδ,4-center,Cb-Cc-Cc-Cb,1.73,1.0,1.73,2.0,1.0,2.65,24,0.0018822662706255554,7.842776127606481e-05,0.2725325422678389
αβγδ,4-center,Ca-Cb-Cc-Cc,1.0,1.0,1.73,3.46,1.73,2.65,24,0.0018721318386501495,7.800549327708957e-05,0.271065182121296
αβγδ,4-center,Cb-Ca-Cc-Cc,1.0,3.46,1.73,1.0,2.65,1.73,24,0.0018721318386501482,7.800549327708951e-05,0.2710651821212958
αβγδ,4-center,Ca-Ca-Cb-Cc,1.73,3.0,1.73,3.0,1.73,3.46,24,-0.0018127059227500775,-7.552941344791989e-05,-0.26246092873292765
αβγδ,4-center,Ca-Ca-Cc-Cb,1.73,3.0,1.73,3.0,3.46,1.73,24,-0.001812705922750075,-7.55294134479198e-05,-0.26246092873292726
αβγδ,4-center,Ca-Ca-Cc-Cc,1.73,1.73,1.73,3.46,1.73,3.0,24,-0.0017966129036958707,-7.485887098732795e-05,-0.26013082726744785
αβγδ,4-center,Ca-Ca-Cc-Cc,1.73,3.46,1.73,1.73,3.0,1.73,24,-0.0017966129036958685,-7.485887098732785e-05,-0.2601308272674476
αβγδ,4-center,Ca-Ca-Cc-Cc,1.73,3.0,1.73,1.73,3.46,1.73,24,0.0017753901453621162,7.397458939008817e-05,0.257057993007547
αβγδ,4-center,Ca-Ca-Cc-Cc,1.73,1.73,1.73,3.0,1.73,3.46,24,0.001775390145362115,7.397458939008813e-05,0.25705799300754684
αβγδ,4-center,Cb-Ca-Cc-Cc,1.0,1.73,1.0,1.73,1.0,2.65,24,0.0017693413091879196,7.372255454949665e-05,0.25618218456001657
αβγδ,4-center,Ca-Cb-Cc-Cc,1.0,1.73,1.0,1.73,2.65,1.0,24,0.0017693413091879192,7.372255454949664e-05,0.2561821845600165
αβγδ,4-center,Ca-Cb-Ca-Cc,1.73,1.73,1.73,3.0,3.46,1.73,24,-0.0017536410600668658,-7.306837750278607e-05,-0.25390895208808945
αβγδ,4-center,Ca-Cc-Ca-Cb,1.73,3.0,1.73,1.73,3.46,1.73,24,-0.0017536410600668582,-7.306837750278576e-05,-0.2539089520880883
αβγδ,4-center,Ca-Ca-Ca-Ca,1.0,3.46,1.0,1.73,2.65,2.65,12,-0.001716606051886171,-0.00014305050432384758,-0.2485466688182306
αβγδ,4-center,Ca-Ca-Ca-Ca,1.0,1.73,1.0,3.46,2.65,2.65,12,-0.001716606051886168,-0.00014305050432384734,-0.24854666881823018
αβγδ,4-center,Ca-Ca-Cc-Cc,1.0,1.73,1.73,2.65,2.0,3.0,24,0.00166007830030076,6.916992917919833e-05,0.24036203942297665
αβγδ,4-center,Ca-Ca-Cc-Cc,1.73,1.73,1.0,2.65,1.73,2.0,24,0.0016600783003007595,6.91699291791983e-05,0.24036203942297657
αβγδ,4-center,Ca-Ca-Cc-Cc,1.0,2.65,1.73,1.73,3.0,2.0,24,0.0016600783003007575,6.916992917919823e-05,0.2403620394229763
αβγδ,4-center,Ca-Ca-Cc-Cc,1.73,2.65,1.0,1.73,2.0,1.73,24,0.0016600783003007566,6.91699291791982e-05,0.24036203942297618
αβγδ,4-center,Cc-Cb-Cc-Cc,1.73,1.73,1.73,1.73,1.73,3.0,24,-0.0016539446953448245,-6.891436230603436e-05,-0.23947395733916385
αβγδ,4-center,Cb-Cc-Cc-Cc,1.73,1.73,1.73,1.73,3.0,1.73,24,-0.0016539446953448235,-6.89143623060343e-05,-0.23947395733916368
αβγδ,4-center,Ca-Ca-Cb-Ca,1.0,3.0,1.0,3.46,3.61,2.65,24,0.0016406092359547621,6.835871816478175e-05,0.23754312177854184
αβγδ,4-center,Ca-Ca-Ca-Cb,1.0,3.46,1.0,3.0,2.65,3.61,24,0.001640609235954762,6.835871816478175e-05,0.2375431217785418
αβγδ,4-center,Cb-Ca-Cc-Cc,1.73,3.0,1.0,1.0,1.73,2.0,24,0.0015707816268762823,6.544923445317843e-05,0.22743281160636922
αβγδ,4-center,Ca-Cb-Cc-Cc,1.73,1.0,1.0,3.0,2.0,1.73,24,0.0015707816268762803,6.544923445317835e-05,0.22743281160636894
αβγδ,4-center,Ca-Cb-Ca-Cc,1.73,3.61,1.73,2.65,2.65,2.65,24,-0.0015496301484139528,-6.456792285058136e-05,-0.22437029792909532
αβγδ,4-center,Ca-Cc-Ca-Cb,1.73,2.65,1.73,3.61,2.65,2.65,24,-0.0015496301484139497,-6.456792285058124e-05,-0.22437029792909488
αβγδ,4-center,Ca-Cb-Cb-Cc,1.0,2.0,1.0,2.0,1.73,1.73,24,-0.0015421228483227898,-6.425511868011625e-05,-0.22328331910397284
αβγδ,4-center,Cb-Ca-Cc-Cb,1.0,2.0,1.0,2.0,1.73,1.73,24,-0.0015421228483227874,-6.425511868011614e-05,-0.22328331910397253
αβγδ,4-center,Ca-Cc-Cc-Cc,1.73,1.0,1.73,2.0,2.65,1.0,24,-0.0015251181174280044,-6.354658822616685e-05,-0.22082121126425888
αβγδ,4-center,Cc-Ca-Cc-Cc,1.73,2.0,1.73,1.0,1.0,2.65,24,-0.0015251181174280042,-6.354658822616684e-05,-0.22082121126425888
αβγδ,4-center,Ca-Cc-Cc-Cc,1.73,1.0,1.0,3.46,2.65,1.73,24,0.00151504285325636,6.312678555234833e-05,0.21936241799915632
αβγδ,4-center,Cc-Ca-Cc-Cc,1.73,3.46,1.0,1.0,1.73,2.65,24,0.0015150428532563587,6.312678555234827e-05,0.21936241799915612
αβγδ,4-center,Ca-Cb-Cb-Cc,1.73,3.46,1.73,1.73,3.0,1.73,24,-0.0015105962050170822,-6.294150854237842e-05,-0.21871858966937466
αβγδ,4-center,Cb-Ca-Cc-Cb,1.73,1.73,1.73,3.46,1.73,3.0,24,-0.0015105962050170805,-6.294150854237835e-05,-0.2187185896693744
αβγδ,4-center,Ca-Ca-Cb-Cc,1.0,3.61,1.73,1.73,3.0,2.0,24,0.0015073459247706197,6.280608019877582e-05,0.21824798295847772
αβγδ,4-center,Ca-Ca-Cc-Cb,1.0,1.73,1.73,3.61,2.0,3.0,24,0.0015073459247706173,6.280608019877572e-05,0.21824798295847736
αβγδ,4-center,Ca-Ca-Cc-Cb,1.0,2.0,1.0,1.0,1.73,1.73,24,-0.0014996742740598014,-6.248642808582506e-05,-0.21713720787620666
αβγδ,4-center,Ca-Ca-Cb-Cc,1.0,1.0,1.0,2.0,1.73,1.73,24,-0.0014996742740598003,-6.248642808582502e-05,-0.2171372078762065
αβγδ,4-center,Ca-Cc-Cc-Cc,1.73,1.0,1.73,2.65,2.0,1.0,24,0.0014828817945237729,6.178674143849054e-05,0.21470583182152467
αβγδ,4-center,Cc-Ca-Cc-Cc,1.73,2.65,1.73,1.0,1.0,2.0,24,0.001482881794523771,6.178674143849046e-05,0.2147058318215244
αβγδ,4-center,Cb-Ca-Ca-Cb,1.73,1.73,1.73,3.46,3.0,3.0,12,0.0014370384476119706,0.00011975320396766421,0.20806819288865053
αβγδ,4-center,Ca-Cb-Cb-Ca,1.73,3.46,1.73,1.73,3.0,3.0,12,0.0014370384476119695,0.00011975320396766412,0.20806819288865036
αβγδ,4-center,Cb-Cc-Ca-Cc,1.73,3.0,1.73,1.73,1.73,1.73,24,0.0014323284929044005,5.968035387101669e-05,0.20738624052598412
αβγδ,4-center,Ca-Cc-Cb-Cc,1.73,1.73,1.73,3.0,1.73,1.73,24,0.0014323284929043973,5.968035387101655e-05,0.20738624052598362
αβγδ,4-center,Ca-Cb-Cc-Cc,1.0,1.0,1.0,2.65,1.73,1.73,24,-0.0014233557668884617,-5.930649028701923e-05,-0.20608708329708475
αβγδ,4-center,Cb-Ca-Cc-Cc,1.0,2.65,1.0,1.0,1.73,1.73,24,-0.0014233557668884614,-5.9306490287019226e-05,-0.20608708329708472
αβγδ,4-center,Ca-Cb-Cc-Cc,1.73,1.73,1.0,2.0,3.0,1.0,24,-0.0014074401612041228,-5.8643340050171785e-05,-0.20378266943886705
αβγδ,4-center,Cb-Ca-Cc-Cc,1.73,2.0,1.0,1.73,1.0,3.0,24,-0.0014074401612041226,-5.864334005017177e-05,-0.203782669438867
αβγδ,4-center,Ca-Cc-Cb-Cc,1.73,1.73,1.0,2.0,1.73,1.0,24,-0.0014074401612041226,-5.864334005017177e-05,-0.203782669438867
αβγδ,4-center,Cb-Cc-Ca-Cc,1.0,2.0,1.73,1.73,1.73,1.0,24,-0.0014074401612041224,-5.8643340050171765e-05,-0.20378266943886697
αβγδ,4-center,Cb-Ca-Cc-Cc,1.73,2.0,1.0,1.73,1.0,1.73,24,-0.0013825902247942465,-5.76079260330936e-05,-0.20018465758971085
αβγδ,4-center,Ca-Cb-Cc-Cc,1.73,1.73,1.0,2.0,1.73,1.0,24,-0.001382590224794246,-5.760792603309359e-05,-0.20018465758971082
αβγδ,4-center,Cb-Ca-Cc-Cc,1.0,2.0,1.73,1.73,1.73,2.65,24,0.001382590224794246,5.760792603309359e-05,0.20018465758971082
αβγδ,4-center,Ca-Cb-Cc-Cc,1.0,1.73,1.73,2.0,2.65,1.73,24,0.0013825902247942459,5.7607926033093576e-05,0.2001846575897108
αβγδ,4-center,Cc-Ca-Cc-Cc,1.73,2.0,1.73,2.0,1.0,3.61,24,0.0013786113325697494,5.744213885707289e-05,0.19960855545672648
αβγδ,4-center,Ca-Cc-Cc-Cc,1.73,2.0,1.73,2.0,3.61,1.0,24,0.001378611332569748,5.7442138857072836e-05,0.1996085554567263
αβγδ,4-center,Ca-Cc-Ca-Cc,1.73,2.0,1.73,2.65,2.65,1.0,24,0.0013748216764805235,5.728423652002181e-05,0.19905985274423815
αβγδ,4-center,Ca-Cc-Ca-Cc,1.73,2.65,1.73,2.0,2.65,1.0,24,0.0013748216764805235,5.728423652002181e-05,0.19905985274423815
αβγδ,4-center,Ca-Cb-Cc-Cc,1.0,1.73,1.73,2.65,2.0,1.73,24,0.0013696525492578415,5.706885621907673e-05,0.19831141698608412
αβγδ,4-center,Cb-Ca-Cc-Cc,1.0,2.65,1.73,1.73,1.73,2.0,24,0.0013696525492578413,5.706885621907672e-05,0.1983114169860841
αβγδ,4-center,Cb-Ca-Cb-Cc,1.73,3.0,1.73,3.0,3.46,3.46,24,0.0013613811117252118,5.672421298855049e-05,0.19711379902195408
αβγδ,4-center,Ca-Cb-Cc-Cb,1.73,3.0,1.73,3.0,3.46,3.46,24,0.0013613811117252081,5.672421298855034e-05,0.19711379902195356
αβγδ,4-center,Ca-Ca-Cb-Cc,1.73,1.73,1.73,1.73,3.0,1.73,24,-0.0013359048993214068,-5.566270413839195e-05,-0.19342510893484066
αβγδ,4-center,Ca-Ca-Cc-Cb,1.73,1.73,1.73,1.73,1.73,3.0,24,-0.0013359048993214038,-5.566270413839182e-05,-0.19342510893484022
αβγδ,4-center,Ca-Cb-Cb-Cc,1.73,2.0,1.0,3.0,3.61,1.73,24,0.0013258410927390893,5.524337886412872e-05,0.19196797460928147
αβγδ,4-center,Ca-Cb-Cb-Cc,1.0,2.0,1.73,3.0,1.73,2.65,24,0.0013258410927390882,5.5243378864128674e-05,0.1919679746092813
αβγδ,4-center,Cb-Ca-Cc-Cb,1.0,3.0,1.73,2.0,2.65,1.73,24,0.0013258410927390863,5.524337886412859e-05,0.19196797460928103
αβγδ,4-center,Cb-Ca-Cc-Cb,1.73,3.0,1.0,2.0,1.73,3.61,24,0.001325841092739086,5.5243378864128586e-05,0.191967974609281
αβγδ,4-center,Ca-Ca-Cb-Ca,1.0,1.73,1.73,2.65,1.0,3.46,24,0.0013020168872834217,5.4250703636809236e-05,0.18851847791390344
αβγδ,4-center,Ca-Ca-Ca-Cb,1.0,2.65,1.73,1.73,3.46,1.0,24,0.0013020168872834189,5.425070363680912e-05,0.18851847791390303
αβγδ,4-center,Ca-Cb-Cc-Cc,1.73,1.73,1.73,3.46,1.73,3.0,24,-0.0012943633508005928,-5.3931806283358034e-05,-0.1874103255830901
αβγδ,4-center,Ca-Cc-Cb-Cc,1.73,1.73,1.73,3.46,3.0,1.73,24,-0.0012943633508005928,-5.3931806283358034e-05,-0.1874103255830901
αβγδ,4-center,Cb-Ca-Cc-Cc,1.73,3.46,1.73,1.73,3.0,1.73,24,-0.0012943633508005912,-5.3931806283357966e-05,-0.18741032558308987
αβγδ,4-center,Cb-Cc-Ca-Cc,1.73,3.46,1.73,1.73,3.0,1.73,24,-0.001294363350800591,-5.393180628335796e-05,-0.18741032558308987
αβγδ,4-center,Ca-Ca-Cb-Ca,1.0,3.61,1.0,2.65,3.0,3.46,24,0.0012804696232739097,5.335290096974624e-05,0.18539865861358892
αβγδ,4-center,Ca-Ca-Ca-Cb,1.0,2.65,1.0,3.61,3.46,3.0,24,0.0012804696232739086,5.335290096974619e-05,0.18539865861358876
αβγδ,4-center,Ca-Cb-Cc-Ca,1.0,1.73,1.73,4.0,2.65,3.0,24,-0.0012621437766477171,-5.258932402698821e-05,-0.18274526698234705
αβγδ,4-center,Cb-Ca-Ca-Cc,1.0,4.0,1.73,1.73,3.0,2.65,24,-0.0012621437766477167,-5.25893240269882e-05,-0.18274526698234697
αβγδ,4-center,Ca-Cb-Cb-Ca,1.73,2.0,1.73,1.0,1.0,1.0,12,0.001236694418087223,0.00010305786817393525,0.17906046505192078
αβγδ,4-center,Cb-Ca-Ca-Cb,1.73,1.0,1.73,2.0,1.0,1.0,12,0.001236694418087217,0.00010305786817393475,0.1790604650519199
αβγδ,4-center,Ca-Ca-Cb-Cc,1.0,3.0,1.0,3.0,3.61,2.65,24,0.0012084706151667185,5.035294229861327e-05,0.17497395248861847
αβγδ,4-center,Ca-Ca-Cc-Cb,1.0,3.0,1.0,3.0,2.65,3.61,24,0.0012084706151667167,5.03529422986132e-05,0.1749739524886182
αβγδ,4-center,Cc-Cb-Cb-Cc,1.73,2.0,1.73,2.0,2.65,2.65,12,-0.0011844630674110776,-9.87052556175898e-05,-0.17149790973868015
αβγδ,4-center,Cb-Cc-Cc-Cb,1.73,2.0,1.73,2.0,2.65,2.65,12,-0.001184463067411075,-9.870525561758958e-05,-0.17149790973867976
αβγδ,4-center,Ca-Ca-Cb-Cc,1.0,3.61,1.73,3.46,3.0,3.61,24,-0.0011743264787699905,-4.893026994874961e-05,-0.1700302373294197
αβγδ,4-center,Ca-Ca-Cc-Cb,1.0,3.46,1.73,3.61,3.61,3.0,24,-0.001174326478769987,-4.893026994874946e-05,-0.17003023732941916
αβγδ,4-center,Ca-Ca-Cb-Cc,1.73,1.73,1.0,2.65,3.0,2.0,24,-0.001173021622788339,-4.887590094951412e-05,-0.16984130778022538
αβγδ,4-center,Ca-Ca-Cc-Cb,1.73,2.65,1.0,1.73,2.0,3.0,24,-0.0011730216227883363,-4.887590094951401e-05,-0.16984130778022502
αβγδ,4-center,Ca-Ca-Cb-Cc,1.73,1.73,1.73,3.46,3.0,3.0,24,0.0011709098779609742,4.878791158170726e-05,0.16953554913416974
αβγδ,4-center,Ca-Ca-Cc-Cb,1.73,3.46,1.73,1.73,3.0,3.0,24,0.001170909877960974,4.8787911581707253e-05,0.1695355491341697
αβγδ,4-center,Cb-Ca-Cb-Cc,1.0,3.0,1.73,1.0,2.0,1.73,24,-0.0011464749074845018,-4.776978781185424e-05,-0.16599762002811427
αβγδ,4-center,Ca-Cb-Cc-Cb,1.0,1.0,1.73,3.0,1.73,2.0,24,-0.0011464749074844944,-4.776978781185394e-05,-0.16599762002811322
αβγδ,4-center,Cc-Cc-Cc-Cc,1.0,1.0,1.73,1.73,1.73,2.0,24,0.0011428247310157644,4.761769712565685e-05,0.16546911251125768
αβγδ,4-center,Cc-Cc-Cc-Cc,1.0,1.73,1.73,1.0,2.0,1.73,24,0.0011428247310157637,4.7617697125656824e-05,0.16546911251125757
αβγδ,4-center,Cc-Cb-Cb-Cc,1.73,4.0,1.73,2.0,2.65,2.65,12,-0.0011139523320390012,-9.28293610032501e-05,-0.16128868999755372
αβγδ,4-center,Cb-Cc-Cc-Cb,1.73,2.0,1.73,4.0,2.65,2.65,12,-0.001113952332038999,-9.282936100324992e-05,-0.16128868999755344
αβγδ,4-center,Ca-Cb-Ca-Cb,1.0,1.73,1.0,3.0,2.65,2.0,24,-0.0010972606667516204,-4.5719194447984184e-05,-0.15887191079556448
αβγδ,4-center,Ca-Cb-Ca-Cb,1.0,3.0,1.0,1.73,2.65,2.0,24,-0.0010972606667516182,-4.571919444798409e-05,-0.15887191079556415
αβγδ,4-center,Ca-Cb-Cb-Ca,1.0,3.46,1.0,3.46,3.61,3.61,12,0.00107930645638976,8.994220469914666e-05,0.15627232822284842
αβγδ,4-center,Cb-Ca-Ca-Cb,1.0,3.46,1.0,3.46,3.61,3.61,12,0.0010793064563897592,8.99422046991466e-05,0.15627232822284834
αβγδ,4-center,Ca-Cc-Ca-Cc,1.73,2.65,1.73,2.65,4.0,1.0,24,-0.0010407084367577146,-4.336285153157144e-05,-0.1506837371818321
αβγδ,4-center,Cc-Cb-Cc-Cc,1.73,1.0,1.73,2.0,1.0,2.65,24,-0.0010303660497522507,-4.2931918739677116e-05,-0.1491862673138839
αβγδ,4-center,Cb-Cc-Cc-Cc,1.73,2.0,1.73,1.0,2.65,1.0,24,-0.001030366049752249,-4.293191873967704e-05,-0.14918626731388365
αβγδ,4-center,Ca-Cc-Cc-Cb,1.73,1.73,1.73,1.73,3.0,1.73,24,-0.0010232883990618404,-4.263701662757669e-05,-0.14816149724492858
αβγδ,4-center,Cc-Ca-Cb-Cc,1.73,1.73,1.73,1.73,1.73,3.0,24,-0.0010232883990618387,-4.263701662757661e-05,-0.14816149724492833
αβγδ,4-center,Ca-Ca-Cb-Cc,1.73,3.0,1.0,2.0,1.73,2.65,24,-0.0009959217773328306,-4.149674072220127e-05,-0.14419909558609706
αβγδ,4-center,Ca-Ca-Cb-Cc,1.0,3.0,1.73,2.0,3.61,1.73,24,0.0009959217773328306,4.149674072220127e-05,0.14419909558609706
αβγδ,4-center,Ca-Cb-Ca-Cc,1.0,3.0,1.73,2.0,2.65,1.73,24,0.0009959217773328297,4.149674072220124e-05,0.14419909558609692
αβγδ,4-center,Ca-Cc-Ca-Cb,1.73,2.0,1.0,3.0,2.65,1.73,24,0.0009959217773328254,4.1496740722201055e-05,0.14419909558609628
αβγδ,4-center,Ca-Ca-Cc-Cb,1.73,2.0,1.0,3.0,2.65,1.73,24,-0.0009959217773328252,-4.149674072220105e-05,-0.14419909558609628
αβγδ,4-center,Ca-Ca-Cc-Cb,1.0,2.0,1.73,3.0,1.73,3.61,24,0.0009959217773328252,4.149674072220105e-05,0.14419909558609628
αβγδ,4-center,Cc-Cb-Cb-Cc,1.73,4.0,1.73,1.0,2.65,2.65,12,0.0009926442931515833,8.272035776263195e-05,0.14372455002891554
αβγδ,4-center,Cb-Cc-Cc-Cb,1.73,1.0,1.73,4.0,2.65,2.65,12,0.0009926442931515822,8.272035776263185e-05,0.1437245500289154
αβγδ,4-center,Ca-Cb-Cc-Cc,1.73,1.73,1.73,3.46,3.0,3.0,24,0.000987675637912163,4.115315157967345e-05,0.14300514052496602
αβγδ,4-center,Cb-Ca-Cc-Cc,1.73,3.46,1.73,1.73,3.0,3.0,24,0.0009876756379121607,4.1153151579673364e-05,0.1430051405249657
αβγδ,4-center,Cc-Cb-Cb-Cc,1.73,2.0,1.73,1.0,1.0,1.0,12,0.0009782711952577607,8.152259960481339e-05,0.1416434752254202
αβγδ,4-center,Cb-Cc-Cc-Cb,1.73,1.0,1.73,2.0,1.0,1.0,12,0.0009782711952577585,8.152259960481321e-05,0.14164347522541987
αβγδ,4-center,Ca-Ca-Cc-Cc,1.0,3.46,1.0,3.46,3.61,3.61,24,0.0009588542106517606,3.995225877715669e-05,0.1388320981846522
αβγδ,4-center,Ca-Ca-Cc-Cc,1.0,2.0,1.0,2.0,1.73,1.73,24,0.0009363694911347335,3.901539546394723e-05,0.13557654509538702
αβγδ,4-center,Ca-Ca-Cc-Cb,1.0,3.61,1.73,3.0,3.46,3.61,24,-0.0009176310578406645,-3.8234627410027686e-05,-0.1328634152139002
αβγδ,4-center,Ca-Ca-Cb-Cc,1.0,3.0,1.73,3.61,3.61,3.46,24,-0.0009176310578406632,-3.823462741002763e-05,-0.13286341521390002
αβγδ,4-center,Ca-Ca-Cc-Cc,1.0,2.0,1.73,3.0,1.73,2.65,24,0.0008988910432902652,3.745379347042772e-05,0.1301500563829739
αβγδ,4-center,Ca-Ca-Cc-Cc,1.0,3.0,1.73,2.0,2.65,1.73,24,0.0008988910432902642,3.745379347042768e-05,0.13015005638297375
αβγδ,4-center,Cb-Ca-Ca-Cc,1.73,2.65,1.73,2.65,3.61,2.65,24,0.0008903845192247253,3.709935496769689e-05,0.1289184003385431
αβγδ,4-center,Ca-Cb-Cc-Ca,1.73,2.65,1.73,2.65,2.65,3.61,24,0.0008903845192247197,3.709935496769665e-05,0.1289184003385423
αβγδ,4-center,Cc-Ca-Cc-Cc,1.73,3.0,1.0,1.0,1.73,2.0,24,-0.0008565441538661209,-3.5689339744421706e-05,-0.12401866806028901
αβγδ,4-center,Ca-Cc-Cc-Cc,1.73,1.0,1.0,3.0,2.0,1.73,24,-0.000856544153866118,-3.5689339744421584e-05,-0.12401866806028859
αβγδ,4-center,Ca-Ca-Ca-Cb,1.73,4.0,1.0,1.73,2.65,3.0,24,-0.0008334593000042374,-3.472747083350989e-05,-0.12067622177144927
αβγδ,4-center,Ca-Ca-Cb-Ca,1.73,1.73,1.0,4.0,3.0,2.65,24,-0.0008334593000042369,-3.472747083350987e-05,-0.12067622177144918
αβγδ,4-center,Cb-Ca-Cc-Cc,1.0,1.73,1.0,1.73,1.0,2.0,24,0.0008293026397814955,3.455427665756231e-05,0.12007438068470919
αβγδ,4-center,Ca-Cb-Cc-Cc,1.0,1.73,1.0,1.73,2.0,1.0,24,0.0008293026397814947,3.455427665756228e-05,0.12007438068470908
αβγδ,4-center,Ca-Cc-Ca-Cc,1.73,3.0,1.73,3.0,3.46,1.73,24,-0.000798983314566696,-3.3290971440279e-05,-0.11568445832909657
αβγδ,4-center,Cb-Ca-Cc-Cc,1.0,2.0,1.0,1.0,1.73,1.73,24,-0.0007661995476911375,-3.19249811537974e-05,-0.11093771050114833
αβγδ,4-center,Ca-Cb-Cc-Cc,1.0,1.0,1.0,2.0,1.73,1.73,24,-0.0007661995476911373,-3.192498115379739e-05,-0.1109377105011483
αβγδ,4-center,Ca-Ca-Cb-Cc,1.73,3.0,1.73,1.73,1.73,1.73,24,0.0007483995010498682,3.118331254374451e-05,0.10836044922874663
αβγδ,4-center,Ca-Ca-Cc-Cb,1.73,1.73,1.73,3.0,1.73,1.73,24,0.0007483995010498637,3.118331254374432e-05,0.10836044922874596
αβγδ,4-center,Cc-Cb-Cb-Cc,1.0,3.46,1.73,1.0,2.65,1.73,24,0.0007480675514967655,3.116948131236523e-05,0.10831238639246062
αβγδ,4-center,Cb-Cc-Cc-Cb,1.0,1.0,1.73,3.46,1.73,2.65,24,0.0007480675514967639,3.116948131236516e-05,0.10831238639246037
αβγδ,4-center,Cb-Ca-Cb-Cc,1.73,3.61,1.0,1.73,2.0,3.0,24,0.000733624327765741,3.056768032357254e-05,0.10622115809846844
αβγδ,4-center,Ca-Cb-Cc-Cb,1.73,1.73,1.0,3.61,3.0,2.0,24,0.0007336243277657393,3.0567680323572475e-05,0.1062211580984682
αβγδ,4-center,Ca-Cc-Cc-Ca,1.73,1.0,1.73,4.0,2.65,2.65,12,0.0007240604082470645,6.0338367353922046e-05,0.10483640221076734
αβγδ,4-center,Cc-Ca-Ca-Cc,1.73,4.0,1.73,1.0,2.65,2.65,12,0.0007240604082470634,6.033836735392195e-05,0.1048364022107672
αβγδ,4-center,Ca-Cb-Cb-Cc,1.0,2.0,1.0,2.65,3.0,1.73,24,-0.0007096341384167819,-2.9568089100699247e-05,-0.10274762866493842
αβγδ,4-center,Cb-Ca-Cc-Cb,1.0,2.65,1.0,2.0,1.73,3.0,24,-0.0007096341384167801,-2.9568089100699172e-05,-0.10274762866493815
αβγδ,4-center,Ca-Cc-Cc-Cb,1.73,1.0,1.0,1.73,2.0,1.73,24,0.0006866558464031572,2.8610660266798215e-05,0.09942061142132352
αβγδ,4-center,Cc-Ca-Cb-Cc,1.73,1.73,1.0,1.0,1.73,2.0,24,0.0006866558464031562,2.8610660266798174e-05,0.09942061142132338
αβγδ,4-center,Cb-Ca-Cc-Cb,1.0,3.61,1.73,3.46,3.0,3.61,24,-0.0006822479125261419,-2.842699635525591e-05,-0.09878238852778345
αβγδ,4-center,Ca-Cb-Cb-Cc,1.0,3.46,1.73,3.61,3.61,3.0,24,-0.0006822479125261415,-2.8426996355255897e-05,-0.09878238852778341
αβγδ,4-center,Ca-Cb-Cb-Ca,1.0,2.0,1.0,4.0,3.0,3.0,12,0.000675840291804794,5.6320024317066165e-05,0.09785463181645661
αβγδ,4-center,Cb-Ca-Ca-Cb,1.0,4.0,1.0,2.0,3.0,3.0,12,0.0006758402918047923,5.632002431706602e-05,0.09785463181645636
αβγδ,4-center,Cc-Ca-Cc-Cc,1.73,2.65,1.73,2.0,1.0,3.61,24,0.0006692205363246711,2.7884189013527963e-05,0.09689616020256013
αβγδ,4-center,Ca-Cc-Cc-Cc,1.73,2.0,1.73,2.65,3.61,1.0,24,0.0006692205363246708,2.788418901352795e-05,0.09689616020256009
αβγδ,4-center,Ca-Cb-Cc-Cb,1.0,1.0,1.73,1.73,1.73,2.0,24,0.0006602817303483021,2.751173876451259e-05,0.09560191424193461
αβγδ,4-center,Cb-Ca-Cb-Cc,1.0,1.73,1.73,1.0,2.0,1.73,24,0.0006602817303483003,2.751173876451251e-05,0.09560191424193434
αβγδ,4-center,Ca-Cb-Cb-Ca,1.0,2.0,1.0,1.0,1.73,1.73,12,0.0006601253429850238,5.501044524875198e-05,0.09557927098133012
αβγδ,4-center,Cb-Ca-Ca-Cb,1.0,1.0,1.0,2.0,1.73,1.73,12,0.0006601253429850217,5.5010445248751805e-05,0.09557927098132983
αβγδ,4-center,Cb-Cc-Cb-Cc,1.0,1.73,1.0,1.73,2.0,1.0,24,0.0006506617017802451,2.7110904240843545e-05,0.09420903434855454
αβγδ,4-center,Cc-Ca-Cb-Cc,1.73,3.61,1.73,2.0,2.65,3.61,24,-0.0006293494109489579,-2.6222892122873246e-05,-0.09112323671596355
αβγδ,4-center,Ca-Cc-Cc-Cb,1.73,2.0,1.73,3.61,3.61,2.65,24,-0.0006293494109489566,-2.6222892122873192e-05,-0.09112323671596334
αβγδ,4-center,Cc-Cb-Cc-Cc,1.73,1.73,1.0,2.0,1.73,2.65,24,0.0006238704058140791,2.5994600242253293e-05,0.09032993386513424
αβγδ,4-center,Cc-Cb-Cc-Cc,1.0,1.73,1.73,2.0,1.0,3.0,24,-0.0006238704058140791,-2.5994600242253293e-05,-0.09032993386513424
αβγδ,4-center,Cb-Cc-Cc-Cc,1.0,2.0,1.73,1.73,3.0,1.0,24,-0.0006238704058140777,-2.5994600242253236e-05,-0.09032993386513405
αβγδ,4-center,Cb-Cc-Cc-Cc,1.73,2.0,1.0,1.73,2.65,1.73,24,0.0006238704058140775,2.5994600242253232e-05,0.09032993386513402
αβγδ,4-center,Ca-Cb-Ca-Cb,1.73,3.61,1.0,3.0,2.65,3.46,24,0.0006002110732819027,2.500879472007928e-05,0.08690430905105771
αβγδ,4-center,Ca-Cb-Ca-Cb,1.0,3.0,1.73,3.61,2.65,3.46,24,0.0006002110732819006,2.5008794720079192e-05,0.08690430905105741
αβγδ,4-center,Ca-Ca-Cc-Cc,1.0,3.0,1.0,1.73,2.65,2.0,24,0.0005917967151207056,2.4658196463362733e-05,0.08568599766918236
αβγδ,4-center,Ca-Ca-Cc-Cc,1.0,1.73,1.0,3.0,2.0,2.65,24,0.0005917967151207052,2.4658196463362716e-05,0.08568599766918229
αβγδ,4-center,Cc-Ca-Cb-Cc,1.73,3.61,1.73,1.0,2.65,2.0,24,-0.0005778843227158845,-2.4078513446495185e-05,-0.08367162821981983
αβγδ,4-center,Ca-Cc-Cc-Cb,1.73,1.0,1.73,3.61,2.0,2.65,24,-0.0005778843227158832,-2.407851344649513e-05,-0.08367162821981963
αβγδ,4-center,Cc-Cb-Cc-Cc,1.0,1.73,1.0,1.73,1.0,2.65,24,0.0005667422183747834,2.3614259098949308e-05,0.08205836761494024
αβγδ,4-center,Cb-Cc-Cc-Cc,1.0,1.73,1.0,1.73,2.65,1.0,24,0.000566742218374783,2.361425909894929e-05,0.08205836761494018
αβγδ,4-center,Ca-Ca-Cc-Cc,1.73,3.61,1.0,3.0,3.61,3.46,24,0.000553643395346519,2.306847480610496e-05,0.08016179453369231
αβγδ,4-center,Ca-Ca-Cc-Cc,1.0,3.61,1.73,3.0,3.46,2.65,24,0.000553643395346519,2.306847480610496e-05,0.08016179453369231
αβγδ,4-center,Ca-Ca-Cc-Cc,1.73,3.0,1.0,3.61,3.46,3.61,24,0.000553643395346517,2.3068474806104874e-05,0.080161794533692
αβγδ,4-center,Ca-Ca-Cc-Cc,1.0,3.0,1.73,3.61,2.65,3.46,24,0.0005536433953465168,2.3068474806104868e-05,0.08016179453369197
αβγδ,4-center,Ca-Ca-Cb-Ca,1.0,1.73,1.0,1.73,1.0,2.65,24,-0.000553227840768201,-2.3051160032008377e-05,-0.08010162656094187
αβγδ,4-center,Ca-Ca-Ca-Cb,1.0,1.73,1.0,1.73,2.65,1.0,24,-0.0005532278407681988,-2.3051160032008282e-05,-0.08010162656094154
αβγδ,4-center,Ca-Ca-Cc-Cc,1.0,3.0,1.0,3.46,2.65,3.61,24,0.0005499715901721738,2.2915482923840575e-05,0.0796301554056406
αβγδ,4-center,Ca-Ca-Cc-Cc,1.0,3.46,1.0,3.0,3.61,2.65,24,0.0005499715901721737,2.2915482923840572e-05,0.07963015540564057
αβγδ,4-center,Cb-Ca-Cb-Cc,1.73,3.0,1.0,2.65,3.46,2.65,24,-0.0005219465275137396,-2.174777197973915e-05,-0.07557241836135928
αβγδ,4-center,Ca-Cb-Cc-Cb,1.73,2.65,1.0,3.0,2.65,3.46,24,-0.0005219465275137372,-2.1747771979739052e-05,-0.07557241836135893
αβγδ,4-center,Ca-Ca-Cb-Cc,1.0,3.61,1.0,2.65,3.0,3.0,24,-0.000516543382804651,-2.152264095019379e-05,-0.07479009930969845
αβγδ,4-center,Ca-Ca-Cc-Cb,1.0,2.65,1.0,3.61,3.0,3.0,24,-0.0005165433828046497,-2.1522640950193736e-05,-0.07479009930969827
αβγδ,4-center,Ca-Cb-Ca-Cb,1.0,3.61,1.0,3.61,3.46,3.46,24,0.0005158835611346828,2.1495148380611786e-05,0.07469456400740561
αβγδ,4-center,Ca-Ca-Cb-Cc,1.0,1.73,1.73,2.0,1.0,1.73,24,0.0005059288937121411,2.108037057133921e-05,0.07325323189492267
αβγδ,4-center,Ca-Ca-Cc-Cb,1.0,2.0,1.73,1.73,1.73,1.0,24,0.000505928893712139,2.1080370571339126e-05,0.07325323189492236
αβγδ,4-center,Cc-Ca-Cc-Cc,1.73,3.0,1.0,2.0,1.73,3.61,24,0.00047959048783655556,1.9982936993189814e-05,0.06943970517738235
αβγδ,4-center,Ca-Cc-Cc-Cc,1.73,2.0,1.0,3.0,3.61,1.73,24,0.000479590487836555,1.9982936993189793e-05,0.06943970517738227
αβγδ,4-center,Ca-Cb-Cc-Cc,1.73,3.0,1.73,3.0,3.46,1.73,24,-0.0004727917573258232,-1.9699656555242633e-05,-0.06845531984402141
αβγδ,4-center,Cb-Ca-Cc-Cc,1.73,3.0,1.73,3.0,1.73,3.46,24,-0.00047279175732582317,-1.9699656555242633e-05,-0.0684553198440214
αβγδ,4-center,Ca-Cb-Cb-Cc,1.0,3.46,1.0,3.0,3.61,2.65,24,0.00046236018822533607,1.9265007842722337e-05,0.0669449373380152
αβγδ,4-center,Cb-Ca-Cc-Cb,1.0,3.0,1.0,3.46,2.65,3.61,24,0.0004623601882253343,1.9265007842722263e-05,0.06694493733801493
αβγδ,4-center,Ca-Ca-Cc-Cc,1.0,2.65,1.0,2.0,3.0,1.73,24,0.0004582738921601746,1.9094745506673942e-05,0.0663532842480794
αβγδ,4-center,Ca-Ca-Cc-Cc,1.0,2.0,1.0,2.65,1.73,3.0,24,0.0004582738921601746,1.9094745506673942e-05,0.0663532842480794
αβγδ,4-center,Ca-Ca-Cc-Cc,1.73,3.61,1.0,3.46,3.61,3.0,24,0.00043689921768933437,1.8204134070388933e-05,0.06325845411453535
αβγδ,4-center,Ca-Ca-Cc-Cc,1.73,3.46,1.0,3.61,3.0,3.61,24,0.00043689921768933317,1.8204134070388882e-05,0.06325845411453518
αβγδ,4-center,Cb-Cc-Cc-Cc,1.73,1.0,1.73,2.65,1.0,1.0,24,-0.0004351224001970203,-1.813010000820918e-05,-0.0630011894565625
αβγδ,4-center,Cc-Cb-Cc-Cc,1.73,2.65,1.73,1.0,1.0,1.0,24,-0.0004351224001970185,-1.8130100008209106e-05,-0.06300118945656223
αβγδ,4-center,Ca-Cb-Cc-Cc,1.0,1.73,1.0,3.46,2.65,2.65,24,-0.0004314544502668643,-1.7977268761119345e-05,-0.0624701085276967
αβγδ,4-center,Cb-Ca-Cc-Cc,1.0,3.46,1.0,1.73,2.65,2.65,24,-0.00043145445026686373,-1.797726876111932e-05,-0.062470108527696626
αβγδ,4-center,Cb-Ca-Cb-Cc,1.73,1.0,1.73,2.65,2.0,2.65,24,0.0004302474326414473,1.7926976360060303e-05,0.0622953449529833
αβγδ,4-center,Ca-Cb-Cc-Cb,1.73,2.65,1.73,1.0,2.65,2.0,24,0.0004302474326414444,1.7926976360060185e-05,0.06229534495298288
αβγδ,4-center,Ca-Ca-Cc-Cc,1.0,2.65,1.73,3.46,3.0,3.61,24,-0.000417352229302157,-1.738967622092321e-05,-0.0604282538809271
αβγδ,4-center,Ca-Ca-Cc-Cc,1.0,3.46,1.73,2.65,3.61,3.0,24,-0.0004173522293021551,-1.7389676220923128e-05,-0.06042825388092681
αβγδ,4-center,Ca-Cc-Ca-Cb,1.73,2.0,1.0,1.73,1.0,1.73,24,0.0003913472135378593,1.6306133897410804e-05,0.056662998577487
αβγδ,4-center,Ca-Cb-Ca-Cc,1.0,1.73,1.73,2.0,1.0,1.73,24,0.00039134721353785846,1.630613389741077e-05,0.05666299857748688
αβγδ,4-center,Cb-Cc-Cb-Cc,1.73,1.0,1.73,2.65,2.0,1.0,24,0.00036497598839519297,1.5207332849799708e-05,0.052844719972058946
αβγδ,4-center,Cb-Cc-Cb-Cc,1.73,2.65,1.73,1.0,2.0,1.0,24,0.0003649759883951913,1.5207332849799636e-05,0.0528447199720587
αβγδ,4-center,Cb-Ca-Cb-Cc,1.73,3.0,1.73,1.73,3.46,1.73,24,-0.00036159388244244123,-1.5066411768435051e-05,-0.052355026272550495
αβγδ,4-center,Ca-Cb-Cc-Cb,1.73,1.73,1.73,3.0,1.73,3.46,24,-0.0003615938824424374,-1.506641176843489e-05,-0.05235502627254993
αβγδ,4-center,Cc-Cc-Cc-Cc,1.73,2.0,1.73,2.0,1.0,1.0,12,0.0003475058175007945,2.8958818125066208e-05,0.0503152212704105
αβγδ,4-center,Ca-Cc-Cc-Cc,1.73,1.73,1.73,3.46,3.0,1.73,24,-0.0003406852078113936,-1.41952169921414e-05,-0.04932766805996524
αβγδ,4-center,Cc-Ca-Cc-Cc,1.73,3.46,1.73,1.73,1.73,3.0,24,-0.00034068520781139317,-1.4195216992141382e-05,-0.049327668059965184
αβγδ,4-center,Cc-Cc-Cc-Cc,1.73,1.0,1.73,2.0,1.0,1.0,12,-0.0003266284783448689,-2.721903986207241e-05,-0.047292400108098875
αβγδ,4-center,Cc-Cc-Cc-Cc,1.73,2.0,1.73,1.0,1.0,1.0,12,-0.00032662847834486776,-2.7219039862072313e-05,-0.04729240010809871
αβγδ,4-center,Cb-Ca-Cc-Cc,1.0,3.0,1.0,3.0,2.65,3.61,24,0.000315194504883882,1.313310437016175e-05,0.045636879896014254
αβγδ,4-center,Ca-Cb-Cc-Cc,1.0,3.0,1.0,3.0,3.61,2.65,24,0.000315194504883882,1.313310437016175e-05,0.045636879896014254
αβγδ,4-center,Cc-Ca-Cc-Cc,1.73,2.0,1.0,1.73,1.0,3.0,24,-0.0003138742931155858,-1.3078095546482741e-05,-0.045445726988925225
αβγδ,4-center,Ca-Cc-Cc-Cc,1.73,1.73,1.0,2.0,3.0,1.0,24,-0.0003138742931155857,-1.3078095546482738e-05,-0.04544572698892522
αβγδ,4-center,Cc-Cb-Cb-Cc,1.0,2.0,1.0,1.0,1.73,1.73,12,0.0003137110451042599,2.6142587092021656e-05,0.04542209037797325
αβγδ,4-center,Cb-Cc-Cc-Cb,1.0,1.0,1.0,2.0,1.73,1.73,12,0.000313711045104259,2.6142587092021585e-05,0.045422090377973116
αβγδ,4-center,Cb-Ca-Cc-Cc,1.0,3.46,1.73,2.65,2.65,3.0,24,0.00030927663208079584,1.2886526336699827e-05,0.0447800335799472
αβγδ,4-center,Cb-Ca-Cc-Cc,1.73,3.46,1.0,2.65,3.0,3.61,24,-0.0003092766320807958,-1.2886526336699824e-05,-0.04478003357994719
αβγδ,4-center,Ca-Cb-Cc-Cc,1.73,2.65,1.0,3.46,3.61,3.0,24,-0.00030927663208079475,-1.2886526336699781e-05,-0.04478003357994704
αβγδ,4-center,Ca-Cb-Cc-Cc,1.0,2.65,1.73,3.46,3.0,2.65,24,0.0003092766320807947,1.288652633669978e-05,0.04478003357994703
αβγδ,4-center,Cb-Ca-Cb-Cc,1.73,3.61,1.73,2.65,2.0,3.61,24,0.00030395577699788526,1.2664824041578552e-05,0.044009629208677
αβγδ,4-center,Ca-Cb-Cc-Cb,1.73,2.65,1.73,3.61,3.61,2.0,24,0.0003039557769978833,1.266482404157847e-05,0.04400962920867672
αβγδ,4-center,Cc-Cb-Cb-Cc,1.0,4.0,1.73,1.73,3.0,2.65,24,-0.00029853490177027123,-1.2438954240427967e-05,-0.04322474296269045
αβγδ,4-center,Cb-Cc-Cc-Cb,1.0,1.73,1.73,4.0,2.65,3.0,24,-0.0002985349017702703,-1.243895424042793e-05,-0.04322474296269032
αβγδ,4-center,Cb-Cc-Cc-Cc,1.73,1.0,1.73,2.65,1.0,2.0,24,0.00028114615556991765,1.1714423148746569e-05,0.040707033708272576
αβγδ,4-center,Cc-Cb-Cc-Cc,1.73,2.65,1.73,1.0,2.0,1.0,24,0.00028114615556991635,1.1714423148746514e-05,0.04070703370827239
αβγδ,4-center,Ca-Ca-Ca-Ca,1.73,4.0,1.73,1.0,2.65,2.65,12,-0.0002785629067862748,-2.32135755655229e-05,-0.04033300620254539
αβγδ,4-center,Ca-Ca-Ca-Ca,1.73,1.0,1.73,4.0,2.65,2.65,12,-0.0002785629067862742,-2.321357556552285e-05,-0.040333006202545305
αβγδ,4-center,Ca-Cb-Cb-Cc,1.73,3.46,1.0,2.65,3.0,2.65,24,-0.0002750949266723628,-1.146228861134845e-05,-0.039830878819332685
αβγδ,4-center,Cb-Ca-Cc-Cb,1.73,2.65,1.0,3.46,2.65,3.0,24,-0.0002750949266723608,-1.1462288611348367e-05,-0.039830878819332394
αβγδ,4-center,Cc-Ca-Cc-Cc,1.73,3.0,1.73,1.73,1.73,3.46,24,-0.0002629023265028801,-1.095426360428667e-05,-0.03806551736495138
αβγδ,4-center,Ca-Cc-Cc-Cc,1.73,1.73,1.73,3.0,3.46,1.73,24,-0.00026290232650287896,-1.0954263604286623e-05,-0.038065517364951215
αβγδ,4-center,Cb-Cc-Cb-Cc,1.73,1.73,1.0,2.65,3.46,1.0,24,-0.00025203849146821606,-1.0501603811175669e-05,-0.03649254725600318
αβγδ,4-center,Cb-Cc-Cb-Cc,1.0,1.73,1.73,2.65,2.0,1.73,24,0.000252038491468216,1.0501603811175667e-05,0.03649254725600317
αβγδ,4-center,Cb-Cc-Cb-Cc,1.73,2.65,1.0,1.73,2.0,1.73,24,0.00025203849146821476,1.0501603811175614e-05,0.03649254725600299
αβγδ,4-center,Cb-Cc-Cb-Cc,1.0,2.65,1.73,1.73,3.46,1.0,24,-0.00025203849146821476,-1.0501603811175614e-05,-0.03649254725600299
αβγδ,4-center,Cc-Cb-Cb-Cc,1.73,3.46,1.73,1.73,3.0,3.0,12,0.0002481581379942903,2.0679844832857527e-05,0.03593071250730136
αβγδ,4-center,Cb-Cc-Cc-Cb,1.73,1.73,1.73,3.46,3.0,3.0,12,0.0002481581379942894,2.067984483285745e-05,0.03593071250730122
αβγδ,4-center,Cb-Ca-Cc-Cc,1.0,3.0,1.0,1.73,2.65,2.0,24,-0.00023872141548406667,-9.946725645169445e-06,-0.03456437342099734
αβγδ,4-center,Ca-Cb-Cc-Cc,1.0,1.73,1.0,3.0,2.0,2.65,24,-0.0002387214154840663,-9.946725645169428e-06,-0.03456437342099728
αβγδ,4-center,Cb-Ca-Cc-Cc,1.0,1.73,1.73,2.65,1.0,3.46,24,-0.00023713989870401345,-9.880829112667227e-06,-0.034335386271074124
αβγδ,4-center,Ca-Cb-Cc-Cc,1.0,2.65,1.73,1.73,3.46,1.0,24,-0.00023713989870401196,-9.880829112667166e-06,-0.0343353862710739
αβγδ,4-center,Cc-Ca-Ca-Cc,1.73,3.46,1.73,1.73,3.0,3.0,12,0.00023583089875992098,1.965257489666008e-05,0.03414585671929959
αβγδ,4-center,Ca-Cc-Cc-Ca,1.73,1.73,1.73,3.46,3.0,3.0,12,0.00023583089875992014,1.9652574896660012e-05,0.03414585671929946
αβγδ,4-center,Ca-Ca-Cb-Cc,1.0,1.73,1.0,1.73,1.0,2.0,24,0.00022265081655356773,9.277117356398655e-06,0.03223751815580677
αβγδ,4-center,Ca-Ca-Cc-Cb,1.0,1.73,1.0,1.73,2.0,1.0,24,0.00022265081655356737,9.277117356398641e-06,0.032237518155806714
αβγδ,4-center,Cb-Ca-Cc-Cc,1.73,2.0,1.73,2.65,1.0,2.65,24,0.00022162307488672475,9.234294786946865e-06,0.032088711871791374
αβγδ,4-center,Ca-Cb-Cc-Cc,1.73,2.65,1.73,2.0,2.65,1.0,24,0.00022162307488672389,9.234294786946828e-06,0.03208871187179125
αβγδ,4-center,Cb-Cc-Cc-Cc,1.73,1.0,1.73,2.65,2.65,2.0,24,0.00021756120009851015,9.06505000410459e-06,0.03150059472828125
αβγδ,4-center,Cc-Cb-Cc-Cc,1.73,2.65,1.73,1.0,2.0,2.65,24,0.0002175612000985092,9.06505000410455e-06,0.03150059472828111
αβγδ,4-center,Cc-Ca-Cc-Cc,1.73,3.61,1.73,1.0,2.0,2.65,24,0.000212854684958111,8.868945206587958e-06,0.03081914037909994
αβγδ,4-center,Ca-Cc-Cc-Cc,1.73,1.0,1.73,3.61,2.65,2.0,24,0.00021285468495811047,8.868945206587936e-06,0.030819140379099868
αβγδ,4-center,Ca-Cc-Cc-Cc,1.73,1.73,1.0,2.65,3.46,1.0,24,-0.0002091892391399661,-8.716218297498588e-06,-0.03028842201955985
αβγδ,4-center,Cc-Ca-Cc-Cc,1.73,2.65,1.0,1.73,1.0,3.46,24,-0.00020918923913996584,-8.716218297498577e-06,-0.030288422019559808
αβγδ,4-center,Cb-Cc-Cb-Cc,1.73,3.0,1.73,3.0,3.46,1.73,24,-0.00020904604912207842,-8.710252046753268e-06,-0.030267689597048057
αβγδ,4-center,Cc-Cb-Cb-Cc,1.0,2.0,1.73,1.73,1.73,2.65,24,-0.00020756465671496144,-8.648527363123393e-06,-0.03005319941300322
αβγδ,4-center,Cb-Cc-Cc-Cb,1.0,1.73,1.73,2.0,2.65,1.73,24,-0.00020756465671495974,-8.648527363123322e-06,-0.030053199413002975
αβγδ,4-center,Ca-Cb-Cc-Cb,1.0,1.73,1.0,1.73,2.0,2.0,24,0.00020649294100482925,8.603872541867885e-06,0.029898026145740858
αβγδ,4-center,Cb-Ca-Cb-Cc,1.0,1.73,1.0,1.73,2.0,2.0,24,0.0002064929410048274,8.603872541867809e-06,0.029898026145740587
αβγδ,4-center,Cb-Ca-Cc-Cc,1.73,2.65,1.73,2.65,2.65,3.61,24,0.00020476810811422496,8.532004504759373e-06,0.029648288316402108
αβγδ,4-center,Ca-Cb-Cc-Cc,1.73,2.65,1.73,2.65,3.61,2.65,24,0.000204768108114223,8.532004504759291e-06,0.029648288316401827
αβγδ,4-center,Cb-Ca-Cb-Cc,1.0,1.73,1.73,2.65,2.0,3.0,24,0.00019971482449942046,8.321451020809186e-06,0.028916625505547296
αβγδ,4-center,Ca-Cb-Cc-Cb,1.0,2.65,1.73,1.73,3.0,2.0,24,0.0001997148244994199,8.321451020809163e-06,0.028916625505547217
αβγδ,4-center,Cb-Ca-Cc-Cc,1.73,2.0,1.73,2.65,1.0,3.61,24,0.00019938825684329026,8.307844035137094e-06,0.0288693419118621
αβγδ,4-center,Cb-Cc-Ca-Cc,1.73,2.0,1.73,2.65,3.61,1.0,24,0.0001993882568432902,8.307844035137092e-06,0.028869341911862096
αβγδ,4-center,Ca-Cb-Cc-Cc,1.73,2.65,1.73,2.0,3.61,1.0,24,0.0001993882568432889,8.307844035137038e-06,0.0288693419118619
αβγδ,4-center,Ca-Cc-Cb-Cc,1.73,2.65,1.73,2.0,3.61,1.0,24,0.0001993882568432889,8.307844035137038e-06,0.0288693419118619
αβγδ,4-center,Cb-Cc-Cc-Cc,1.0,1.0,1.0,2.65,1.73,1.73,24,-0.00018743077037994513,-7.809615432497713e-06,-0.027138022472181722
αβγδ,4-center,Cc-Cb-Cc-Cc,1.0,2.65,1.0,1.0,1.73,1.73,24,-0.0001874307703799442,-7.809615432497676e-06,-0.027138022472181587
αβγδ,4-center,Ca-Ca-Cc-Cc,1.73,3.61,1.73,2.65,3.61,2.0,24,0.00018681563422511723,7.783984759379884e-06,0.027048957166846146
αβγδ,4-center,Ca-Ca-Cc-Cc,1.73,2.65,1.73,3.61,2.0,3.61,24,0.00018681563422511715,7.78398475937988e-06,0.02704895716684614
αβγδ,4-center,Cc-Cc-Cc-Cc,1.0,1.73,1.0,1.73,2.0,2.0,12,0.00018611885439219188,1.5509904532682655e-05,0.02694807070767106
αβγδ,4-center,Cb-Ca-Cb-Cc,1.0,3.61,1.73,3.0,3.46,3.61,24,-0.0001857698824113235,-7.740411767138479e-06,-0.02689754320122284
αβγδ,4-center,Ca-Cb-Cc-Cb,1.0,3.0,1.73,3.61,3.61,3.46,24,-0.00018576988241132266,-7.740411767138445e-06,-0.026897543201222722
αβγδ,4-center,Cc-Cb-Cb-Cc,1.0,4.0,1.0,2.0,3.0,3.0,6,-0.00018565872200650014,-3.094312033441669e-05,-0.026881448332925616
αβγδ,4-center,Cb-Cc-Cc-Cb,1.0,2.0,1.0,4.0,3.0,3.0,6,-0.00018565872200649984,-3.094312033441664e-05,-0.02688144833292557
αβγδ,4-center,Ca-Cc-Ca-Cb,1.73,2.65,1.0,3.0,4.0,1.73,24,-0.00017297462998117533,-7.207276249215639e-06,-0.025044923979295166
αβγδ,4-center,Ca-Cb-Ca-Cc,1.0,3.0,1.73,2.65,4.0,1.73,24,-0.0001729746299811744,-7.2072762492156005e-06,-0.02504492397929503
αβγδ,4-center,Cb-Ca-Cc-Cc,1.73,1.73,1.73,3.0,1.73,3.46,24,0.00016610404443739314,6.921001851558048e-06,0.024050134785897292
αβγδ,4-center,Ca-Cb-Cc-Cc,1.73,3.0,1.73,1.73,3.46,1.73,24,0.00016610404443739306,6.921001851558044e-06,0.024050134785897282
αβγδ,4-center,Cc-Cc-Cc-Cc,1.0,1.73,1.0,1.73,1.0,2.0,24,0.0001640671187329997,6.836129947208321e-06,0.023755209169212588
αβγδ,4-center,Cb-Ca-Cc-Cc,1.73,3.61,1.73,1.0,2.65,2.0,24,0.0001635649927407189,6.815208030863287e-06,0.023682506557817676
αβγδ,4-center,Ca-Cb-Cc-Cc,1.73,1.0,1.73,3.61,2.0,2.65,24,0.00016356499274071802,6.815208030863251e-06,0.02368250655781755
αβγδ,4-center,Cb-Cc-Cc-Cb,1.73,1.73,1.73,3.46,1.73,3.0,24,-0.0001635519946238959,-6.814666442662329e-06,-0.023680624565945562
αβγδ,4-center,Cc-Cb-Cb-Cc,1.73,3.46,1.73,1.73,1.73,3.0,24,-0.0001635519946238957,-6.814666442662321e-06,-0.023680624565945538
αβγδ,4-center,Cb-Ca-Cc-Cc,1.73,3.61,1.73,2.65,2.65,2.65,24,-0.000157687279459378,-6.570303310807416e-06,-0.022831474922026366
αβγδ,4-center,Ca-Cb-Cc-Cc,1.73,2.65,1.73,3.61,2.65,2.65,24,-0.00015768727945937743,-6.570303310807393e-06,-0.022831474922026283
αβγδ,4-center,Ca-Cb-Cc-Cc,1.73,3.0,1.0,2.65,3.46,2.65,24,-0.00015268489500436255,-6.361870625181773e-06,-0.022107181779126135
αβγδ,4-center,Cb-Ca-Cc-Cc,1.73,2.65,1.0,3.0,2.65,3.46,24,-0.00015268489500436244,-6.361870625181769e-06,-0.022107181779126118
αβγδ,4-center,Ca-Ca-Cc-Cc,1.0,3.61,1.0,3.61,3.46,3.46,24,0.00014436546296446172,6.015227623519238e-06,0.02090261471045887
αβγδ,4-center,Cb-Cc-Cb-Cc,1.73,2.65,1.73,2.65,4.0,2.0,24,0.00014092397821402253,5.871832425584272e-06,0.020404323579788244
αβγδ,4-center,Cb-Ca-Cc-Cc,1.73,3.61,1.0,3.0,2.65,3.46,24,-0.0001278349585944861,-5.326456608103588e-06,-0.018509169929969954
αβγδ,4-center,Ca-Cb-Cc-Cc,1.73,3.0,1.0,3.61,3.46,2.65,24,-0.00012783495859448562,-5.3264566081035674e-06,-0.018509169929969885
αβγδ,4-center,Cb-Ca-Cb-Cc,1.0,3.0,1.0,1.73,2.0,2.65,24,-0.00012053129414748034,-5.022137256145014e-06,-0.017451675424183487
αβγδ,4-center,Ca-Cb-Cc-Cb,1.0,1.73,1.0,3.0,2.65,2.0,24,-0.00012053129414747919,-5.0221372561449665e-06,-0.01745167542418332
αβγδ,4-center,Ca-Cc-Cc-Cb,1.73,1.73,1.73,3.0,3.46,1.73,24,-0.00011699080663777493,-4.874616943240622e-06,-0.01693904972560638
αβγδ,4-center,Cc-Ca-Cb-Cc,1.73,3.0,1.73,1.73,1.73,3.46,24,-0.00011699080663777409,-4.874616943240587e-06,-0.01693904972560626
αβγδ,4-center,Cc-Cc-Cc-Cc,1.0,2.0,1.0,2.0,1.73,1.73,12,0.00011583527250026484,9.652939375022071e-06,0.016771740423470165
αβγδ,4-center,Cc-Ca-Cc-Cc,1.73,3.61,1.73,1.0,2.0,2.0,24,-0.00011573808890029286,-4.822420370845536e-06,-0.016757669250873367
αβγδ,4-center,Ca-Cc-Cc-Cc,1.73,1.0,1.73,3.61,2.0,2.0,24,-0.00011573808890029119,-4.8224203708454665e-06,-0.016757669250873127
αβγδ,4-center,Cc-Cc-Cc-Cc,1.0,1.0,1.0,2.0,1.73,1.73,12,-0.0001088761594482896,-9.073013287357467e-06,-0.01576413336936629
αβγδ,4-center,Cc-Cc-Cc-Cc,1.0,2.0,1.0,1.0,1.73,1.73,12,-0.00010887615944828924,-9.073013287357437e-06,-0.015764133369366235
αβγδ,4-center,Cb-Cc-Cb-Cc,1.73,1.73,1.73,3.0,3.46,1.73,24,0.00010452302456103938,4.355126023376641e-06,0.015133844798524051
αβγδ,4-center,Cb-Cc-Cb-Cc,1.73,3.0,1.73,1.73,3.46,1.73,24,0.00010452302456103905,4.355126023376627e-06,0.015133844798524004
αβγδ,4-center,Cb-Ca-Cc-Cc,1.0,3.46,1.0,3.0,2.65,3.61,24,0.00010222923762947676,4.259551567894865e-06,0.014801728352708047
αβγδ,4-center,Ca-Cb-Cc-Cc,1.0,3.0,1.0,3.46,3.61,2.65,24,0.00010222923762947659,4.259551567894858e-06,0.014801728352708021
αβγδ,4-center,Cc-Cc-Cc-Cc,1.0,1.73,1.73,2.0,1.0,1.73,24,-0.0001021112580494389,-4.254635752059954e-06,-0.01478464613889739
αβγδ,4-center,Cc-Cc-Cc-Cc,1.0,2.0,1.73,1.73,1.73,1.0,24,-0.00010211125804943803,-4.254635752059918e-06,-0.014784646138897265
αβγδ,4-center,Cb-Ca-Ca-Cc,1.0,3.46,1.73,2.65,3.61,3.0,24,-0.00010203108676428769,-4.251295281845321e-06,-0.014773038172213765
αβγδ,4-center,Ca-Cb-Cc-Ca,1.0,2.65,1.73,3.46,3.0,3.61,24,-0.00010203108676428601,-4.25129528184525e-06,-0.01477303817221352
αβγδ,4-center,Cb-Cc-Cc-Cc,1.73,2.0,1.73,2.65,2.65,1.0,24,0.00010167809215605819,4.236587173169091e-06,0.014721928231240505
αβγδ,4-center,Cc-Cb-Cc-Cc,1.73,2.65,1.73,2.0,1.0,2.65,24,0.0001016780921560577,4.2365871731690705e-06,0.014721928231240433
αβγδ,4-center,Cb-Ca-Cb-Cc,1.0,3.61,1.0,2.65,3.46,3.0,24,0.00010131859233262839,4.221608013859516e-06,0.01466987640289233
αβγδ,4-center,Ca-Cb-Cc-Cb,1.0,2.65,1.0,3.61,3.0,3.46,24,0.00010131859233262778,4.221608013859491e-06,0.01466987640289224
αβγδ,4-center,Cb-Ca-Cc-Cc,1.0,2.65,1.0,2.65,1.73,3.46,24,-0.00010015557153880456,-4.173148814116857e-06,-0.014501483110934847
αβγδ,4-center,Ca-Cb-Cc-Cc,1.0,2.65,1.0,2.65,3.46,1.73,24,-0.00010015557153880419,-4.173148814116842e-06,-0.014501483110934795
αβγδ,4-center,Cb-Cc-Ca-Cc,1.73,3.61,1.73,2.65,3.61,2.0,24,-9.700420278617767e-05,-4.041841782757403e-06,-0.014045197753661033
αβγδ,4-center,Ca-Cc-Cb-Cc,1.73,2.65,1.73,3.61,3.61,2.0,24,-9.700420278617709e-05,-4.041841782757379e-06,-0.014045197753660948
αβγδ,4-center,Ca-Cb-Ca-Cb,1.0,1.73,1.0,1.73,1.0,2.0,24,-8.537709640706827e-05,-3.557379016961178e-06,-0.012361713907529008
αβγδ,4-center,Ca-Cb-Cc-Cc,1.0,2.65,1.73,3.0,3.46,2.65,24,8.517706779586445e-05,3.549044491494352e-06,0.012332751848978406
αβγδ,4-center,Cb-Ca-Cc-Cc,1.0,3.0,1.73,2.65,2.65,3.46,24,8.517706779586407e-05,3.5490444914943364e-06,0.012332751848978352
αβγδ,4-center,Cb-Cc-Cc-Cc,1.73,1.73,1.0,2.65,1.73,2.0,24,7.15381804080754e-05,2.980757517003142e-06,0.010357983076086574
αβγδ,4-center,Cc-Cb-Cc-Cc,1.73,2.65,1.0,1.73,2.0,1.73,24,7.153818040807538e-05,2.9807575170031406e-06,0.01035798307608657
αβγδ,4-center,Cb-Cc-Cb-Cc,1.0,3.0,1.0,3.0,4.0,2.0,12,6.968201637402612e-05,5.80683469783551e-06,0.010089229865682682
αβγδ,4-center,Cb-Ca-Cc-Cc,1.0,2.0,1.0,2.65,1.73,3.0,24,6.646275228109674e-05,2.7692813450456973e-06,0.009623113970620698
αβγδ,4-center,Ca-Cb-Cc-Cc,1.0,2.65,1.0,2.0,3.0,1.73,24,6.646275228109628e-05,2.7692813450456783e-06,0.009623113970620632
αβγδ,4-center,Cb-Ca-Cc-Cc,1.0,3.61,1.0,2.65,3.0,3.0,24,6.466946852411846e-05,2.6945611885049356e-06,0.009363465169107356
αβγδ,4-center,Ca-Cb-Cc-Cc,1.0,2.65,1.0,3.61,3.0,3.0,24,6.466946852411808e-05,2.69456118850492e-06,0.0093634651691073
αβγδ,4-center,Cb-Cc-Cb-Cc,1.0,3.0,1.73,2.65,4.0,1.73,24,-6.379078801440211e-05,-2.657949500600088e-06,-0.009236241387386714
αβγδ,4-center,Cb-Cc-Cb-Cc,1.73,2.65,1.0,3.0,4.0,1.73,24,-6.379078801440186e-05,-2.6579495006000775e-06,-0.009236241387386676
αβγδ,4-center,Ca-Ca-Cc-Cc,1.0,3.61,1.0,2.65,3.46,3.0,24,6.227187807503908e-05,2.594661586459962e-06,0.009016319055615386
αβγδ,4-center,Ca-Ca-Cc-Cc,1.0,2.65,1.0,3.61,3.0,3.46,24,6.227187807503907e-05,2.5946615864599614e-06,0.009016319055615382
αβγδ,4-center,Ca-Cb-Cb-Cc,1.73,2.0,1.73,3.61,3.61,2.65,24,5.042477300926536e-05,2.10103220871939e-06,0.007300981692099613
αβγδ,4-center,Cb-Ca-Cc-Cb,1.73,3.61,1.73,2.0,2.65,3.61,24,5.042477300926486e-05,2.1010322087193692e-06,0.00730098169209954
αβγδ,4-center,Cc-Cb-Cc-Cc,1.73,3.0,1.73,1.73,1.73,1.73,24,-4.628195977952566e-05,-1.928414990813569e-06,-0.00670114550565689
αβγδ,4-center,Cb-Cc-Cc-Cc,1.73,1.73,1.73,3.0,1.73,1.73,24,-4.6281959779525644e-05,-1.9284149908135684e-06,-0.006701145505656887
αβγδ,4-center,Cb-Cc-Cc-Cc,1.0,1.0,1.73,3.0,1.73,2.0,24,-4.094805326648229e-05,-1.7061688861034287e-06,-0.005928851423302867
αβγδ,4-center,Cc-Cb-Cc-Cc,1.0,3.0,1.73,1.0,2.0,1.73,24,-4.0948053266481945e-05,-1.7061688861034143e-06,-0.005928851423302817
αβγδ,4-center,Cb-Cc-Cc-Cc,1.73,1.73,1.0,2.65,3.0,2.0,24,3.8060934211373e-05,1.5858722588072083e-06,0.005510826668676967
αβγδ,4-center,Cc-Cb-Cc-Cc,1.73,2.65,1.0,1.73,2.0,3.0,24,3.806093421137274e-05,1.5858722588071975e-06,0.00551082666867693
αβγδ,4-center,Cb-Ca-Cc-Cc,1.0,3.61,1.73,1.73,3.0,2.0,24,-3.778761194628064e-05,-1.5744838310950265e-06,-0.00547125245278281
αβγδ,4-center,Ca-Cb-Cc-Cc,1.0,1.73,1.73,3.61,2.0,3.0,24,-3.778761194628031e-05,-1.574483831095013e-06,-0.005471252452782763
αβγδ,4-center,Cb-Cc-Cc-Cc,1.0,2.0,1.0,2.65,3.0,1.73,24,3.389269738535273e-05,1.412195724389697e-06,0.004907309410413501
αβγδ,4-center,Cc-Cb-Cc-Cc,1.0,2.65,1.0,2.0,1.73,3.0,24,3.389269738535257e-05,1.4121957243896904e-06,0.004907309410413479
αβγδ,4-center,Ca-Ca-Cc-Cc,1.73,3.61,1.73,2.0,3.61,2.65,24,2.9732560221575536e-05,1.2388566758989806e-06,0.004304964898842184
αβγδ,4-center,Ca-Ca-Cc-Cc,1.73,2.0,1.73,3.61,2.65,3.61,24,2.9732560221575414e-05,1.2388566758989755e-06,0.004304964898842167
αβγδ,4-center,Cb-Cc-Cc-Cb,1.0,1.73,1.0,3.46,2.65,2.65,12,-2.7258665770649306e-05,-2.271555480887442e-06,-0.003946770760990925
αβγδ,4-center,Cc-Cb-Cb-Cc,1.0,3.46,1.0,1.73,2.65,2.65,12,-2.7258665770649283e-05,-2.27155548088744e-06,-0.003946770760990923
αβγδ,4-center,Cb-Ca-Cc-Cc,1.0,3.61,1.0,2.65,3.0,3.46,24,2.6281213243229662e-05,1.095050551801236e-06,0.0038052458203377266
αβγδ,4-center,Ca-Cb-Cc-Cc,1.0,2.65,1.0,3.61,3.46,3.0,24,2.6281213243229567e-05,1.095050551801232e-06,0.0038052458203377128
αβγδ,4-center,Ca-Cb-Cc-Cc,1.0,3.0,1.73,2.0,3.61,1.73,24,-2.4849936409876833e-05,-1.0354140170782015e-06,-0.003598011849156236
αβγδ,4-center,Cb-Ca-Cc-Cc,1.0,2.0,1.73,3.0,1.73,3.61,24,-2.4849936409876457e-05,-1.0354140170781858e-06,-0.0035980118491561815
αβγδ,4-center,Cb-Ca-Cc-Cc,1.73,3.46,1.0,2.65,3.0,2.65,24,-2.212424258763449e-05,-9.21843441151437e-07,-0.003203359786155303
αβγδ,4-center,Ca-Cb-Cc-Cc,1.73,2.65,1.0,3.46,2.65,3.0,24,-2.212424258763435e-05,-9.218434411514313e-07,-0.003203359786155282
αβγδ,4-center,Cb-Cc-Cb-Cc,1.73,2.65,1.73,2.65,2.0,2.0,24,-1.1357449248123143e-05,-4.7322705200513096e-07,-0.001644440303464752
αβγδ,4-center,Cc-Cb-Cc-Cc,1.0,3.0,1.0,1.73,2.0,2.65,24,7.71365996325428e-06,3.2140249846892836e-07,0.001116857584276149
αβγδ,4-center,Cb-Cc-Cc-Cc,1.0,1.73,1.0,3.0,2.65,2.0,24,7.713659963254267e-06,3.214024984689278e-07,0.001116857584276147
αβγδ,4-center,Ca-Cb-Ca-Cc,1.0,3.61,1.73,3.0,3.46,2.65,24,-7.41909480341622e-06,-3.091289501423425e-07,-0.0010742076185794682
αβγδ,4-center,Ca-Cc-Ca-Cb,1.73,3.0,1.0,3.61,3.46,2.65,24,-7.419094803415708e-06,-3.091289501423212e-07,-0.001074207618579394
αβγδ,4-center,Cb-Cc-Cb-Cc,1.73,2.65,1.73,2.65,4.0,1.0,24,5.678724624061571e-06,2.3661352600256546e-07,0.0008222201517323759
αβγδ,4-center,Ca-Cc-Cc-Cc,1.73,1.73,1.0,3.61,3.0,2.0,24,-3.812872641951325e-06,-1.5886969341463853e-07,-0.0005520642274002706
αβγδ,4-center,Cc-Ca-Cc-Cc,1.73,3.61,1.0,1.73,2.0,3.0,24,-3.81287264195116e-06,-1.5886969341463167e-07,-0.0005520642274002468
αβγδ,4-center,Cb-Cc-Cb-Cc,1.0,2.65,1.0,2.65,3.46,1.73,24,1.8929082080205234e-06,7.887117533418848e-08,0.000274073383910792
αβγδ,4-center,Ca-Cb-Cc-Ca,1.0,1.0,1.73,1.73,1.73,1.0,24,4.871267054127064e-19,2.0296946058862768e-20,7.053087095300314e-17
αβγδ,4-center,Cb-Ca-Ca-Cc,1.0,1.73,1.73,1.0,1.0,1.73,24,4.600216511005711e-19,1.916756879585713e-20,6.660634153053249e-17
αβγδ,4-center,Ca-Ca-Cb-Cc,1.0,1.0,1.73,3.0,1.73,2.65,24,-2.846030702774427e-19,-1.1858461261560113e-20,-4.1207558935944947e-17
αβγδ,4-center,Cb-Ca-Ca-Cb,1.0,3.46,1.73,2.0,3.61,1.73,24,-2.7137842801553736e-19,-1.130743450064739e-20,-3.9292768540735904e-17
αβγδ,4-center,Ca-Cb-Ca-Cc,1.0,1.0,1.73,1.73,1.73,1.0,24,-2.3274368919971857e-19,-9.69765371665494e-21,-3.369886094453287e-17
αβγδ,4-center,Ca-Cc-Ca-Cb,1.73,1.73,1.0,1.0,1.73,1.0,24,-2.056386348875811e-19,-8.568276453649213e-21,-2.977433152206191e-17
αβγδ,4-center,Ca-Cb-Cb-Ca,1.0,2.0,1.73,3.46,1.73,3.61,24,-1.900632650791254e-19,-7.919302711630225e-21,-2.7519180273323095e-17
αβγδ,4-center,Ca-Ca-Cc-Cb,1.0,3.0,1.73,1.0,2.65,1.73,24,-1.8973538018496318e-19,-7.905640841040132e-21,-2.7471705957296832e-17
αβγδ,4-center,Cb-Cc-Cc-Cc,1.73,1.0,1.0,1.73,1.0,1.73,24,1.694065894508604e-19,7.05860789378585e-21,2.452830889044366e-17
αβγδ,4-center,Ca-Ca-Ca-Cb,1.73,1.0,1.0,3.0,2.65,1.73,24,1.6497582064662228e-19,6.873992526942594e-21,2.388677973738779e-17
αβγδ,4-center,Ca-Ca-Cb-Ca,1.73,3.0,1.0,1.0,1.73,2.65,24,1.6497582064662208e-19,6.873992526942587e-21,2.3886779737387757e-17
αβγδ,4-center,Ca-Ca-Cb-Ca,1.0,3.61,1.73,1.73,3.0,2.65,24,1.626303258728275e-19,6.77626357803448e-21,2.354717653482613e-17
αβγδ,4-center,Cc-Cb-Cc-Cc,1.73,1.73,1.0,1.0,1.73,1.0,24,1.2874900798265331e-19,5.364541999277222e-21,1.8641514756737096e-17
αβγδ,4-center,Ca-Ca-Ca-Cb,1.0,2.65,1.73,3.0,1.73,3.61,24,1.2197274440462045e-19,5.0821976835258524e-21,1.7660382401119576e-17
αβγδ,4-center,Ca-Ca-Ca-Cb,1.0,1.73,1.73,3.61,2.65,3.0,24,1.2197274440462e-19,5.082197683525833e-21,1.7660382401119508e-17
αβγδ,4-center,Ca-Cb-Cb-Cc,1.0,2.0,1.73,3.46,3.0,2.65,24,1.1058493615211941e-19,4.607705673004976e-21,1.601154643016986e-17
αβγδ,4-center,Cb-Ca-Cc-Cb,1.0,3.46,1.73,2.0,2.65,3.0,24,1.0380867257408552e-19,4.325361357253563e-21,1.503041407455219e-17
αβγδ,4-center,Ca-Cb-Ca-Cb,1.73,1.73,1.0,3.61,3.46,2.0,24,-9.649387318727548e-20,-4.0205780494698116e-21,-1.3971307345511117e-17
αβγδ,4-center,Cc-Cb-Cc-Cc,1.73,1.0,1.0,1.73,1.0,1.73,24,-9.147955830346448e-20,-3.811648262644354e-21,-1.3245286800839557e-17
αβγδ,4-center,Cb-Cc-Cc-Cc,1.73,1.73,1.0,1.0,1.73,1.0,24,-7.453889935837849e-20,-3.1057874732657704e-21,-1.0792455911795197e-17
αβγδ,4-center,Ca-Ca-Cb-Cc,1.0,1.73,1.73,2.65,1.0,3.0,24,-7.115076756936071e-20,-2.9646153153900297e-21,-1.0301889733986241e-17
αβγδ,4-center,Ca-Cb-Ca-Cb,1.0,3.61,1.73,1.73,3.46,2.0,24,-6.938881887513715e-20,-2.8912007864640476e-21,-1.0046777923040036e-17
αβγδ,4-center,Ca-Ca-Cb-Ca,1.0,3.0,1.73,2.65,3.61,1.73,24,6.776263578034528e-20,2.8234431575143865e-21,9.811323556177626e-18
αβγδ,4-center,Ca-Ca-Cc-Cb,1.0,2.65,1.73,1.73,3.0,1.0,24,-6.098637220230931e-20,-2.541098841762888e-21,-8.830191200559654e-18
αβγδ,4-center,Cb-Ca-Cb-Cc,1.0,3.61,1.73,1.73,3.46,2.0,24,-5.865937799146252e-20,-2.444140749644272e-21,-8.493266686732049e-18
αβγδ,4-center,Ca-Cb-Cc-Cb,1.0,1.73,1.73,3.61,2.0,3.46,24,-5.52712462024454e-20,-2.302968591768558e-21,-8.002700508923185e-18
αβγδ,4-center,Ca-Cb-Cb-Cc,1.0,3.46,1.73,2.0,3.61,1.73,24,-5.43152222002272e-20,-2.2631342583428e-21,-7.864278195428184e-18
αβγδ,4-center,Cb-Ca-Cc-Cb,1.0,2.0,1.73,3.46,1.73,3.61,24,-5.092709041121055e-20,-2.1219621004671063e-21,-7.373712017619391e-18
αβγδ,4-center,Cb-Ca-Cb-Cc,1.0,3.0,1.73,2.65,2.0,3.46,24,4.1151404321882867e-20,1.7146418467451194e-21,5.958294537152401e-18
αβγδ,4-center,Cb-Cc-Ca-Cc,1.0,2.65,1.73,1.73,3.0,1.0,24,-4.065758146820626e-20,-1.6940658945085941e-21,-5.8867941337064445e-18
αβγδ,4-center,Cb-Ca-Cc-Cc,1.73,2.65,1.0,1.73,2.65,1.73,24,-3.7269449679189034e-20,-1.5528937366328764e-21,-5.396227955897569e-18
αβγδ,4-center,Ca-Ca-Ca-Cb,1.73,2.65,1.0,1.73,1.0,3.0,24,3.4238401241256e-20,1.426600051719e-21,4.957363726421513e-18
αβγδ,4-center,Ca-Cb-Cc-Cb,1.0,2.65,1.73,3.0,3.46,2.0,24,3.2681074849340206e-20,1.3617114520558419e-21,4.7318790926302705e-18
αβγδ,4-center,Ca-Ca-Cc-Cb,1.73,1.73,1.0,1.0,1.73,1.0,24,-2.710505431213867e-20,-1.129377263005778e-21,-3.924529422471131e-18
αβγδ,4-center,Ca-Cc-Cb-Cc,1.73,1.73,1.0,2.65,3.0,1.0,24,-2.710505431213785e-20,-1.1293772630057439e-21,-3.9245294224710126e-18
αβγδ,4-center,Ca-Cb-Cc-Cc,1.73,1.73,1.0,2.65,1.73,2.65,24,-2.710505431213784e-20,-1.1293772630057433e-21,-3.924529422471011e-18
αβγδ,4-center,Ca-Ca-Cb-Cc,1.73,1.0,1.0,1.73,1.0,1.73,24,2.710505431213713e-20,1.1293772630057138e-21,3.924529422470908e-18
αβγδ,4-center,Ca-Cb-Cc-Cc,1.0,1.0,1.73,3.0,1.73,2.65,24,2.3557121672145812e-20,9.815467363394089e-22,3.4108257466086567e-18
αβγδ,4-center,Cb-Cc-Cc-Cc,1.0,1.0,1.73,1.73,1.73,1.0,24,-2.0328790734103112e-20,-8.470329472542963e-22,-2.9433970668532196e-18
αβγδ,4-center,Ca-Cb-Cc-Ca,1.0,1.73,1.73,2.65,2.65,1.73,24,1.968496237248006e-20,8.202067655200025e-22,2.8501774289541914e-18
αβγδ,4-center,Cb-Ca-Cc-Cc,1.73,3.0,1.0,2.65,1.73,3.61,24,-1.694065894508608e-20,-7.058607893785867e-22,-2.4528308890443718e-18
αβγδ,4-center,Cb-Cc-Cc-Cb,1.0,2.0,1.73,3.46,3.0,2.65,24,1.6940658945085814e-20,7.058607893785756e-22,2.4528308890443333e-18
αβγδ,4-center,Cc-Cb-Cb-Cc,1.0,3.46,1.73,2.0,2.65,3.0,24,1.6093625997831508e-20,6.705677499096461e-22,2.3301893445921143e-18
αβγδ,4-center,Ca-Cc-Ca-Cb,1.73,2.65,1.0,1.73,2.65,1.73,24,1.4573516473564823e-20,6.072298530652009e-22,2.110093325426732e-18
αβγδ,4-center,Cc-Cb-Cc-Cc,1.73,3.0,1.0,2.0,1.73,2.65,24,-1.3470899178521293e-20,-5.612874657717205e-22,-1.9504458306720008e-18
αβγδ,4-center,Cb-Cc-Cc-Cc,1.73,2.0,1.0,3.0,2.65,1.73,24,1.3470899178520354e-20,5.612874657716814e-22,1.950445830671865e-18
αβγδ,4-center,Cc-Ca-Cb-Cc,1.73,3.0,1.0,1.0,1.73,2.65,24,-1.2705494208814496e-20,-5.293955920339373e-22,-1.8396231667832696e-18
αβγδ,4-center,Ca-Cc-Cc-Cc,1.73,2.0,1.0,3.46,3.61,1.73,24,-1.1858461261560268e-20,-4.941025525650112e-22,-1.716981622331062e-18
αβγδ,4-center,Ca-Ca-Cb-Ca,1.73,1.73,1.0,2.65,3.0,1.0,24,1.0521478718135187e-20,4.383949465889661e-22,1.5234004817593496e-18
αβγδ,4-center,Cb-Ca-Cc-Cc,1.0,3.0,1.73,1.0,2.65,1.73,24,-1.0324196218026791e-20,-4.301748424177829e-22,-1.494836031480151e-18
αβγδ,4-center,Ca-Ca-Cc-Cc,1.0,3.46,1.73,2.0,3.61,1.73,24,-1.0164395367051779e-20,-4.235164736271574e-22,-1.4716985334266421e-18
αβγδ,4-center,Ca-Cc-Cc-Cb,1.73,1.0,1.0,3.0,2.65,1.73,24,-1.0164395367051431e-20,-4.2351647362714298e-22,-1.4716985334265917e-18
αβγδ,4-center,Cb-Cc-Ca-Cc,1.0,3.0,1.73,2.65,3.61,1.73,24,-8.470329472543024e-21,-3.5293039468929267e-22,-1.2264154445221836e-18
αβγδ,4-center,Ca-Cb-Cc-Cc,1.73,2.65,1.0,1.73,2.65,1.73,24,8.47032947254297e-21,3.529303946892904e-22,1.2264154445221759e-18
αβγδ,4-center,Cb-Ca-Cc-Cc,1.73,1.73,1.0,2.65,1.73,2.65,24,7.623296525288384e-21,3.176373552203493e-22,1.1037739000699165e-18
αβγδ,4-center,Cb-Ca-Ca-Cc,1.0,2.65,1.73,1.73,1.73,2.65,24,-7.420091939657527e-21,-3.091704974857303e-22,-1.0743519935167828e-18
αβγδ,4-center,Ca-Cb-Cc-Cc,1.73,2.65,1.0,3.0,3.61,1.73,24,-6.77626357803462e-21,-2.8234431575144246e-22,-9.811323556177759e-19
αβγδ,4-center,Ca-Ca-Cc-Cc,1.73,3.46,1.0,2.0,3.0,2.65,24,6.7762635780343124e-21,2.8234431575142967e-22,9.811323556177314e-19
αβγδ,4-center,Ca-Cc-Cb-Cc,1.73,2.65,1.0,3.0,3.61,1.73,24,-6.776263578034234e-21,-2.8234431575142642e-22,-9.8113235561772e-19
αβγδ,4-center,Cc-Cb-Cc-Cc,1.0,1.73,1.73,1.0,1.0,1.73,24,6.776263578034234e-21,2.8234431575142642e-22,9.8113235561772e-19
αβγδ,4-center,Cb-Ca-Cc-Cc,1.0,3.61,1.73,1.73,3.0,2.65,24,-6.0045315316764e-21,-2.5018881381985e-22,-8.693935969597521e-19
αβγδ,4-center,Ca-Cb-Cc-Cc,1.0,2.65,1.73,1.73,3.0,1.0,24,5.617397886616882e-21,2.340582452757034e-22,8.133406791914167e-19
αβγδ,4-center,Cc-Ca-Cc-Cc,1.73,3.46,1.0,2.0,1.73,3.61,24,-5.0821976835261195e-21,-2.117582368135883e-22,-7.358492667133544e-19
αβγδ,4-center,Cb-Cc-Cb-Cc,1.0,2.65,1.73,3.0,3.46,2.0,24,5.08219768352581e-21,2.117582368135754e-22,7.358492667133096e-19
αβγδ,4-center,Cb-Cc-Cc-Cc,1.73,1.73,1.0,2.65,3.0,1.0,24,-4.2351647362715416e-21,-1.7646519734464756e-22,-6.13207722261096e-19
αβγδ,4-center,Cc-Cb-Cc-Cc,1.73,2.65,1.0,1.73,1.0,3.0,24,-4.0234064994581124e-21,-1.6764193747742136e-22,-5.825473361480627e-19
αβγδ,4-center,Cb-Cc-Cb-Cc,1.73,3.0,1.0,2.65,3.46,2.0,24,4.023406499457919e-21,1.676419374774133e-22,5.825473361480346e-19
αβγδ,4-center,Ca-Cb-Cc-Cc,1.0,3.0,1.73,2.65,3.61,1.73,24,-3.7487343451789735e-21,-1.5619726438245723e-22,-5.427776703658672e-19
αβγδ,4-center,Ca-Ca-Cc-Cc,1.73,2.0,1.0,3.46,2.65,3.0,24,3.3881317890172254e-21,1.4117215787571773e-22,4.905661778088757e-19
αβγδ,4-center,Ca-Ca-Cc-Cc,1.0,2.0,1.73,3.46,1.73,3.61,24,-3.3881317890171472e-21,-1.4117215787571446e-22,-4.905661778088644e-19
αβγδ,4-center,Cc-Ca-Cb-Cc,1.73,3.61,1.0,1.73,2.65,3.0,24,-2.9646153153900094e-21,-1.235256381412504e-22,-4.292454055827571e-19
αβγδ,4-center,Ca-Cc-Cc-Cc,1.73,1.73,1.0,3.61,3.46,2.0,24,2.5410988417628837e-21,1.0587911840678683e-22,3.679246333566517e-19
αβγδ,4-center,Cc-Cb-Cc-Cc,1.73,3.0,1.0,1.0,1.73,2.65,24,-2.4352197233565724e-21,-1.0146748847319051e-22,-3.5259444030019335e-19
αβγδ,4-center,Cb-Cc-Cc-Cc,1.73,1.0,1.0,3.0,2.65,1.73,24,-2.435219723356191e-21,-1.0146748847317462e-22,-3.525944403001381e-19
αβγδ,4-center,Ca-Cc-Cc-Cb,1.73,1.73,1.0,3.61,3.0,2.65,24,-2.1175823681356877e-21,-8.823259867232032e-23,-3.0660386113053603e-19
αβγδ,4-center,Ca-Cb-Cc-Cc,1.0,1.73,1.73,3.61,2.65,3.0,24,-1.769366795404661e-21,-7.372361647519421e-23,-2.5618587469862754e-19
αβγδ,4-center,Ca-Ca-Cc-Cc,1.0,1.73,1.73,3.61,2.0,3.46,24,-1.6940658945084818e-21,-7.058607893785341e-23,-2.452830889044189e-19
αβγδ,4-center,Ca-Cb-Cc-Cc,1.73,1.73,1.0,3.61,3.0,2.65,24,1.270549420881513e-21,5.293955920339637e-23,1.8396231667833612e-19
αβγδ,4-center,Cb-Ca-Cc-Cc,1.0,2.65,1.73,3.0,1.73,3.61,24,-1.2076355034160575e-21,-5.031814597566906e-23,-1.7485303700921086e-19
αβγδ,4-center,Ca-Cb-Ca-Cc,1.0,1.73,1.73,2.65,2.65,1.73,24,1.0209893174961014e-21,4.254122156233756e-23,1.4782861419125534e-19
αβγδ,4-center,Ca-Ca-Cc-Cc,1.0,3.61,1.73,1.73,3.46,2.0,24,-8.470329472544493e-22,-3.5293039468935385e-23,-1.2264154445223963e-19
αβγδ,4-center,Cc-Ca-Cc-Cc,1.73,3.61,1.0,1.73,2.0,3.46,24,8.470329472543064e-22,3.529303946892943e-23,1.2264154445221893e-19
αβγδ,4-center,Ca-Ca-Cc-Cc,1.73,2.65,1.0,3.0,2.0,3.46,24,-8.470329472542281e-22,-3.529303946892617e-23,-1.226415444522076e-19
αβγδ,4-center,Cb-Ca-Cc-Cc,1.73,3.61,1.0,1.73,2.65,3.0,24,7.411538288476745e-22,3.088140953531977e-23,1.0731135139571422e-19
αβγδ,4-center,Cb-Ca-Cc-Cc,1.0,1.73,1.73,2.65,1.0,3.0,24,5.35200203091629e-22,2.230000846215121e-23,7.749141247818789e-20
αβγδ,4-center,Cc-Cb-Cc-Cc,1.0,2.65,1.73,1.73,1.73,2.65,24,-4.2351647362713343e-22,-1.7646519734463893e-23,-6.132077222610661e-20
αβγδ,4-center,Cb-Cc-Cc-Cc,1.0,1.73,1.73,2.65,2.65,1.73,24,-5.360254239749631e-35,-2.2334392665623463e-36,-7.761089586307201e-33
αβγδ,4-center,Ca-Ca-Cc-Cc,1.73,3.0,1.0,2.65,3.46,2.0,24,1.2037062152420224e-35,5.0154425635084264e-37,1.742841170258459e-33
