a,b,c,side1,side2,side3,area,BI_imag,w,w_S44,chern_contrib
0,2,4,1.7320508075688772,1.7320508075688772,1.7320508075688776,1.2990381056766573,0.024056261216234425,0.7853981633974485,0.3022998940390364,0.9068996821171093
1,3,5,1.7320508075688772,1.7320508075688772,1.7320508075688772,1.2990381056766576,0.02405626121623437,0.785398163397447,0.3022998940390358,0.9068996821171074
1,2,4,1.0,1.7320508075688772,1.9999999999999998,0.8660254037844386,-0.008018753738744808,-0.1745329251994331,-0.067177754230897,-0.201533262692691
0,2,3,1.0,1.7320508075688772,2.0,0.8660254037844383,-0.008018753738744812,-0.1745329251994331,-0.067177754230897,-0.201533262692691
0,1,4,0.9999999999999999,1.7320508075688776,1.9999999999999998,0.8660254037844382,-0.008018753738744812,-0.17453292519943306,-0.06717775423089699,-0.20153326269269098
0,2,5,0.9999999999999999,1.7320508075688772,1.9999999999999998,0.8660254037844382,-0.008018753738744807,-0.17453292519943295,-0.06717775423089695,-0.20153326269269084
1,3,4,0.9999999999999996,1.7320508075688772,1.9999999999999998,0.8660254037844384,-0.008018753738744805,-0.17453292519943295,-0.06717775423089695,-0.20153326269269084
2,3,5,1.0,1.7320508075688772,1.9999999999999998,0.8660254037844382,-0.008018753738744805,-0.17453292519943292,-0.06717775423089695,-0.2015332626926908
0,3,4,0.9999999999999996,1.7320508075688776,2.0,0.8660254037844382,-0.008018753738744805,-0.17453292519943292,-0.06717775423089695,-0.2015332626926908
1,2,5,1.0,1.7320508075688772,1.9999999999999998,0.8660254037844386,-0.0080187537387448,-0.1745329251994329,-0.06717775423089693,-0.2015332626926908
1,4,5,1.0000000000000004,1.7320508075688772,1.9999999999999998,0.8660254037844383,-0.008018753738744801,-0.17453292519943286,-0.06717775423089692,-0.20153326269269076
2,4,5,1.0000000000000004,1.7320508075688772,1.9999999999999998,0.8660254037844382,-0.0080187537387448,-0.1745329251994328,-0.0671777542308969,-0.20153326269269073
0,1,3,0.9999999999999999,1.7320508075688772,2.0,0.8660254037844384,-0.008018753738744798,-0.17453292519943278,-0.06717775423089689,-0.20153326269269067
0,3,5,0.9999999999999999,1.7320508075688772,2.0,0.8660254037844382,-0.008018753738744798,-0.17453292519943275,-0.06717775423089688,-0.20153326269269062
0,1,2,0.9999999999999999,1.0,1.7320508075688772,0.4330127018922194,0.008018753738744808,0.08726646259971657,0.033588877115448515,0.10076663134634553
2,3,4,0.9999999999999996,1.0,1.7320508075688772,0.4330127018922191,0.008018753738744807,0.08726646259971647,0.03358887711544847,0.10076663134634542
1,2,3,1.0,1.0,1.7320508075688772,0.4330127018922193,0.008018753738744803,0.08726646259971647,0.03358887711544847,0.10076663134634542
0,4,5,0.9999999999999999,1.0000000000000004,1.7320508075688776,0.4330127018922191,0.008018753738744801,0.08726646259971642,0.03358887711544845,0.10076663134634536
3,4,5,0.9999999999999996,1.0000000000000004,1.7320508075688772,0.4330127018922191,0.008018753738744796,0.08726646259971636,0.03358887711544843,0.1007666313463453
0,1,5,0.9999999999999999,0.9999999999999999,1.7320508075688772,0.43301270189221897,0.008018753738744798,0.08726646259971635,0.033588877115448425,0.10076663134634527
