atom1,atom2,distance,multiplicity,ICOBI,BI*R^2,BI*R^2*multiplicity
C1,C2,1.5471,4,0.95035,2.274592005,9.09836802
C1,C1,2.5264,12,0.00202,0.01289264,0.15471168
C2,C2,2.5264,12,0.00202,0.01289264,0.15471168
C1,C2,2.9624,12,0.00186,0.016323234,0.195878808
C1,C1,3.5728,6,2.00E-05,0.000255299,0.001531794
C2,C2,3.5728,6,2.00E-05,0.000255299,0.001531794
C1,C2,3.8934,12,0.00946,0.143398538,1.720782456
C1,C1,4.3758,24,0.00034,0.006510133,0.156243192
C2,C2,4.3758,24,0.00034,0.006510133,0.156243192
C1,C2,4.6412,16,0.000105,0.002261797,0.036188756
C1,C1,5.0527,12,0.00052,0.013275589,0.159307068
C2,C2,5.0527,12,0.00052,0.013275589,0.159307068
C1,C2,5.2843,24,5.00E-05,0.00139617,0.03350808
C1,C1,5.6491,24,1.00E-05,0.000319124,0.007658976
C2,C2,5.6491,24,1.00E-05,0.000319124,0.007658976
C1,C2,5.8571,12,0.00037,0.012693166,0.152317992
C1,C1,6.1883,8,1.00E-05,0.000382949,0.003063592
C2,C2,6.1883,8,1.00E-05,0.000382949,0.003063592
C1,C2,6.3787,24,0.00023,0.009358315,0.224599548
C2,C2,6.6841,48,2.00E-05,0.000893549,0.042890352
C1,C1,6.6841,48,2.00E-05,0.000893549,0.042890352
C1,C2,6.8608,36,6.67E-06,0.000313806,0.011297016
C1,C1,7.5791,36,3.67E-05,0.002106223,0.07582404
C2,C2,7.5791,36,3.67E-05,0.002106223,0.07582404
C1,C2,7.7354,28,1.71E-05,0.001025757,0.028721184
C1,C2,8.1375,36,1.33E-05,0.00088291,0.03178476
C1,C2,8.8872,36,1.33E-05,0.00105311,0.037911948
C1,C2,9.9061,15,2.00E-06,0.000196262,0.002943924
TOTAL,,,,,,12.77676388