COBI#,atomMU,atomNU,distance,tra,nsla,tion,ICOBI (at) eF,,
973,Na1,Cl2,2.84718,0,-1,-1,0.08465,0.686209634,0.607395925
982,Na1,Cl2,2.84718,-1,0,-1,0.08465,0.686209634,
983,Na1,Cl2,2.84718,0,0,-1,0.08465,0.686209634,
1061,Na1,Cl2,2.84718,-1,-1,0,0.08465,0.686209634,
1062,Na1,Cl2,2.84718,0,-1,0,0.08465,0.686209634,
1071,Na1,Cl2,2.84718,-1,0,0,0.08465,0.686209634,
1608,Cl2,Cl2,4.02653,0,0,-1,0.00715,0.115922548,
1609,Cl2,Cl2,4.02653,1,0,-1,0.00715,0.115922548,
1618,Cl2,Cl2,4.02653,0,1,-1,0.00715,0.115922548,
1687,Cl2,Cl2,4.02653,0,-1,0,0.00715,0.115922548,
1688,Cl2,Cl2,4.02653,1,-1,0,0.00715,0.115922548,
1696,Cl2,Cl2,4.02653,-1,0,0,0.00715,0.115922548,
1697,Cl2,Cl2,4.02653,1,0,0,0.00715,0.115922548,
1705,Cl2,Cl2,4.02653,-1,1,0,0.00715,0.115922548,
1706,Cl2,Cl2,4.02653,0,1,0,0.00715,0.115922548,
1775,Cl2,Cl2,4.02653,0,-1,1,0.00715,0.115922548,
1784,Cl2,Cl2,4.02653,-1,0,1,0.00715,0.115922548,
1785,Cl2,Cl2,4.02653,0,0,1,0.00715,0.115922548,
1599,Cl2,Cl2,5.69437,1,-1,-1,0.00252,0.081713141,
1617,Cl2,Cl2,5.69437,-1,1,-1,0.00252,0.081713141,
1619,Cl2,Cl2,5.69437,1,1,-1,0.00252,0.081713141,
1774,Cl2,Cl2,5.69437,-1,-1,1,0.00252,0.081713141,
1776,Cl2,Cl2,5.69437,1,-1,1,0.00252,0.081713141,
1794,Cl2,Cl2,5.69437,-1,1,1,0.00252,0.081713141,
250,Na1,Na1,4.02653,0,0,-1,0.00217,0.035182088,
251,Na1,Na1,4.02653,1,0,-1,0.00217,0.035182088,
260,Na1,Na1,4.02653,0,1,-1,0.00217,0.035182088,
329,Na1,Na1,4.02653,0,-1,0,0.00217,0.035182088,
330,Na1,Na1,4.02653,1,-1,0,0.00217,0.035182088,
338,Na1,Na1,4.02653,-1,0,0,0.00217,0.035182088,
339,Na1,Na1,4.02653,1,0,0,0.00217,0.035182088,
347,Na1,Na1,4.02653,-1,1,0,0.00217,0.035182088,
348,Na1,Na1,4.02653,0,1,0,0.00217,0.035182088,
417,Na1,Na1,4.02653,0,-1,1,0.00217,0.035182088,
426,Na1,Na1,4.02653,-1,0,1,0.00217,0.035182088,
427,Na1,Na1,4.02653,0,0,1,0.00217,0.035182088,
1072,Na1,Cl2,4.93147,0,0,0,0.00075,0.018239547,
894,Na1,Cl2,4.93147,0,0,-2,0.00074,0.017996353,
972,Na1,Cl2,4.93147,-1,-1,-1,0.00074,0.017996353,
974,Na1,Cl2,4.93147,1,-1,-1,0.00074,0.017996353,
992,Na1,Cl2,4.93147,-1,1,-1,0.00074,0.017996353,
1052,Na1,Cl2,4.93147,0,-2,0,0.00074,0.017996353,
1070,Na1,Cl2,4.93147,-2,0,0,0.00074,0.017996353,
1145,Na1,Cl2,4.93147,-1,-1,1,0.00074,0.017996353,
884,Na1,Cl2,6.3665,0,-1,-2,0.00021,0.008511788,
885,Na1,Cl2,6.3665,1,-1,-2,0.00021,0.008511788,
893,Na1,Cl2,6.3665,-1,0,-2,0.00021,0.008511788,
895,Na1,Cl2,6.3665,1,0,-2,0.00021,0.008511788,
903,Na1,Cl2,6.3665,-1,1,-2,0.00021,0.008511788,
904,Na1,Cl2,6.3665,0,1,-2,0.00021,0.008511788,
963,Na1,Cl2,6.3665,0,-2,-1,0.00021,0.008511788,
964,Na1,Cl2,6.3665,1,-2,-1,0.00021,0.008511788,
981,Na1,Cl2,6.3665,-2,0,-1,0.00021,0.008511788,
984,Na1,Cl2,6.3665,1,0,-1,0.00021,0.008511788,
991,Na1,Cl2,6.3665,-2,1,-1,0.00021,0.008511788,
993,Na1,Cl2,6.3665,0,1,-1,0.00021,0.008511788,
1051,Na1,Cl2,6.3665,-1,-2,0,0.00021,0.008511788,
1053,Na1,Cl2,6.3665,1,-2,0,0.00021,0.008511788,
1060,Na1,Cl2,6.3665,-2,-1,0,0.00021,0.008511788,
1063,Na1,Cl2,6.3665,1,-1,0,0.00021,0.008511788,
1079,Na1,Cl2,6.3665,-2,1,0,0.00021,0.008511788,
1080,Na1,Cl2,6.3665,-1,1,0,0.00021,0.008511788,
1135,Na1,Cl2,6.3665,-1,-2,1,0.00021,0.008511788,
1136,Na1,Cl2,6.3665,0,-2,1,0.00021,0.008511788,
1144,Na1,Cl2,6.3665,-2,-1,1,0.00021,0.008511788,
1146,Na1,Cl2,6.3665,0,-1,1,0.00021,0.008511788,
1153,Na1,Cl2,6.3665,-2,0,1,0.00021,0.008511788,
1154,Na1,Cl2,6.3665,-1,0,1,0.00021,0.008511788,
241,Na1,Na1,5.69437,1,-1,-1,0.0002,0.00648517,
259,Na1,Na1,5.69437,-1,1,-1,0.0002,0.00648517,
261,Na1,Na1,5.69437,1,1,-1,0.0002,0.00648517,
416,Na1,Na1,5.69437,-1,-1,1,0.0002,0.00648517,
418,Na1,Na1,5.69437,1,-1,1,0.0002,0.00648517,
436,Na1,Na1,5.69437,-1,1,1,0.0002,0.00648517,
1526,Cl2,Cl2,6.97415,1,0,-2,0.00007,0.003404714,
1535,Cl2,Cl2,6.97415,0,1,-2,0.00007,0.003404714,
1536,Cl2,Cl2,6.97415,1,1,-2,0.00007,0.003404714,
1598,Cl2,Cl2,6.97415,0,-1,-1,0.00007,0.003404714,
1600,Cl2,Cl2,6.97415,2,-1,-1,0.00007,0.003404714,
1607,Cl2,Cl2,6.97415,-1,0,-1,0.00007,0.003404714,
1610,Cl2,Cl2,6.97415,2,0,-1,0.00007,0.003404714,
1627,Cl2,Cl2,6.97415,-1,2,-1,0.00007,0.003404714,
1628,Cl2,Cl2,6.97415,0,2,-1,0.00007,0.003404714,
1678,Cl2,Cl2,6.97415,1,-2,0,0.00007,0.003404714,
1686,Cl2,Cl2,6.97415,-1,-1,0,0.00007,0.003404714,
1689,Cl2,Cl2,6.97415,2,-1,0,0.00007,0.003404714,
1704,Cl2,Cl2,6.97415,-2,1,0,0.00007,0.003404714,
1707,Cl2,Cl2,6.97415,1,1,0,0.00007,0.003404714,
1715,Cl2,Cl2,6.97415,-1,2,0,0.00007,0.003404714,
1765,Cl2,Cl2,6.97415,0,-2,1,0.00007,0.003404714,
1766,Cl2,Cl2,6.97415,1,-2,1,0.00007,0.003404714,
1783,Cl2,Cl2,6.97415,-2,0,1,0.00007,0.003404714,
1786,Cl2,Cl2,6.97415,1,0,1,0.00007,0.003404714,
1793,Cl2,Cl2,6.97415,-2,1,1,0.00007,0.003404714,
1795,Cl2,Cl2,6.97415,0,1,1,0.00007,0.003404714,
1857,Cl2,Cl2,6.97415,-1,-1,2,0.00007,0.003404714,
1858,Cl2,Cl2,6.97415,0,-1,2,0.00007,0.003404714,
1867,Cl2,Cl2,6.97415,-1,0,2,0.00007,0.003404714,
875,Na1,Cl2,8.54155,1,-2,-2,0.00004,0.002918323,
902,Na1,Cl2,8.54155,-2,1,-2,0.00004,0.002918323,
905,Na1,Cl2,8.54155,1,1,-2,0.00004,0.002918323,
1134,Na1,Cl2,8.54155,-2,-2,1,0.00004,0.002918323,
1137,Na1,Cl2,8.54155,1,-2,1,0.00004,0.002918323,
1162,Na1,Cl2,8.54155,-2,1,1,0.00004,0.002918323,
168,Na1,Na1,6.97415,1,0,-2,0.00004,0.001945551,
177,Na1,Na1,6.97415,0,1,-2,0.00004,0.001945551,
178,Na1,Na1,6.97415,1,1,-2,0.00004,0.001945551,
240,Na1,Na1,6.97415,0,-1,-1,0.00004,0.001945551,
242,Na1,Na1,6.97415,2,-1,-1,0.00004,0.001945551,
249,Na1,Na1,6.97415,-1,0,-1,0.00004,0.001945551,
252,Na1,Na1,6.97415,2,0,-1,0.00004,0.001945551,
269,Na1,Na1,6.97415,-1,2,-1,0.00004,0.001945551,
270,Na1,Na1,6.97415,0,2,-1,0.00004,0.001945551,
320,Na1,Na1,6.97415,1,-2,0,0.00004,0.001945551,
328,Na1,Na1,6.97415,-1,-1,0,0.00004,0.001945551,
331,Na1,Na1,6.97415,2,-1,0,0.00004,0.001945551,
346,Na1,Na1,6.97415,-2,1,0,0.00004,0.001945551,
349,Na1,Na1,6.97415,1,1,0,0.00004,0.001945551,
357,Na1,Na1,6.97415,-1,2,0,0.00004,0.001945551,
407,Na1,Na1,6.97415,0,-2,1,0.00004,0.001945551,
408,Na1,Na1,6.97415,1,-2,1,0.00004,0.001945551,
425,Na1,Na1,6.97415,-2,0,1,0.00004,0.001945551,
428,Na1,Na1,6.97415,1,0,1,0.00004,0.001945551,
435,Na1,Na1,6.97415,-2,1,1,0.00004,0.001945551,
437,Na1,Na1,6.97415,0,1,1,0.00004,0.001945551,
499,Na1,Na1,6.97415,-1,-1,2,0.00004,0.001945551,
500,Na1,Na1,6.97415,0,-1,2,0.00004,0.001945551,
509,Na1,Na1,6.97415,-1,0,2,0.00004,0.001945551,
801,Na1,Cl2,10.26567,0,-1,-3,0.00003,0.003161519,
803,Na1,Cl2,10.26567,2,-1,-3,0.00003,0.003161519,
810,Na1,Cl2,10.26567,-1,0,-3,0.00003,0.003161519,
813,Na1,Cl2,10.26567,2,0,-3,0.00003,0.003161519,
829,Na1,Cl2,10.26567,-1,2,-3,0.00003,0.003161519,
830,Na1,Cl2,10.26567,0,2,-3,0.00003,0.003161519,
953,Na1,Cl2,10.26567,0,-3,-1,0.00003,0.003161519,
955,Na1,Cl2,10.26567,2,-3,-1,0.00003,0.003161519,
980,Na1,Cl2,10.26567,-3,0,-1,0.00003,0.003161519,
985,Na1,Cl2,10.26567,2,0,-1,0.00003,0.003161519,
999,Na1,Cl2,10.26567,-3,2,-1,0.00003,0.003161519,
1002,Na1,Cl2,10.26567,0,2,-1,0.00003,0.003161519,
1041,Na1,Cl2,10.26567,-1,-3,0,0.00003,0.003161519,
1044,Na1,Cl2,10.26567,2,-3,0,0.00003,0.003161519,
1059,Na1,Cl2,10.26567,-3,-1,0,0.00003,0.003161519,
1064,Na1,Cl2,10.26567,2,-1,0,0.00003,0.003161519,
1087,Na1,Cl2,10.26567,-3,2,0,0.00003,0.003161519,
1089,Na1,Cl2,10.26567,-1,2,0,0.00003,0.003161519,
1200,Na1,Cl2,10.26567,-1,-3,2,0.00003,0.003161519,
1201,Na1,Cl2,10.26567,0,-3,2,0.00003,0.003161519,
1216,Na1,Cl2,10.26567,-3,-1,2,0.00003,0.003161519,
1219,Na1,Cl2,10.26567,0,-1,2,0.00003,0.003161519,
1225,Na1,Cl2,10.26567,-3,0,2,0.00003,0.003161519,
1227,Na1,Cl2,10.26567,-1,0,2,0.00003,0.003161519,
802,Na1,Cl2,9.44304,1,-1,-3,0.00003,0.00267513,
820,Na1,Cl2,9.44304,-1,1,-3,0.00003,0.00267513,
822,Na1,Cl2,9.44304,1,1,-3,0.00003,0.00267513,
874,Na1,Cl2,9.44304,0,-2,-2,0.00003,0.00267513,
876,Na1,Cl2,9.44304,2,-2,-2,0.00003,0.00267513,
892,Na1,Cl2,9.44304,-2,0,-2,0.00003,0.00267513,
896,Na1,Cl2,9.44304,2,0,-2,0.00003,0.00267513,
912,Na1,Cl2,9.44304,-2,2,-2,0.00003,0.00267513,
914,Na1,Cl2,9.44304,0,2,-2,0.00003,0.00267513,
954,Na1,Cl2,9.44304,1,-3,-1,0.00003,0.00267513,
990,Na1,Cl2,9.44304,-3,1,-1,0.00003,0.00267513,
994,Na1,Cl2,9.44304,1,1,-1,0.00003,0.00267513,
1050,Na1,Cl2,9.44304,-2,-2,0,0.00003,0.00267513,
1054,Na1,Cl2,9.44304,2,-2,0,0.00003,0.00267513,
1088,Na1,Cl2,9.44304,-2,2,0,0.00003,0.00267513,
1125,Na1,Cl2,9.44304,-1,-3,1,0.00003,0.00267513,
1127,Na1,Cl2,9.44304,1,-3,1,0.00003,0.00267513,
1143,Na1,Cl2,9.44304,-3,-1,1,0.00003,0.00267513,
1147,Na1,Cl2,9.44304,1,-1,1,0.00003,0.00267513,
1161,Na1,Cl2,9.44304,-3,1,1,0.00003,0.00267513,
1163,Na1,Cl2,9.44304,-1,1,1,0.00003,0.00267513,
1208,Na1,Cl2,9.44304,-2,-2,2,0.00003,0.00267513,
1210,Na1,Cl2,9.44304,0,-2,2,0.00003,0.00267513,
1226,Na1,Cl2,9.44304,-2,0,2,0.00003,0.00267513,
167,Na1,Na1,8.05305,0,0,-2,0.00003,0.001945548,
169,Na1,Na1,8.05305,2,0,-2,0.00003,0.001945548,
187,Na1,Na1,8.05305,0,2,-2,0.00003,0.001945548,
319,Na1,Na1,8.05305,0,-2,0,0.00003,0.001945548,
321,Na1,Na1,8.05305,2,-2,0,0.00003,0.001945548,
337,Na1,Na1,8.05305,-2,0,0,0.00003,0.001945548,
340,Na1,Na1,8.05305,2,0,0,0.00003,0.001945548,
356,Na1,Na1,8.05305,-2,2,0,0.00003,0.001945548,
358,Na1,Na1,8.05305,0,2,0,0.00003,0.001945548,
490,Na1,Na1,8.05305,0,-2,2,0.00003,0.001945548,
508,Na1,Na1,8.05305,-2,0,2,0.00003,0.001945548,
510,Na1,Na1,8.05305,0,0,2,0.00003,0.001945548,
811,Na1,Cl2,8.54155,0,0,-3,0.00002,0.001459162,
812,Na1,Cl2,8.54155,1,0,-3,0.00002,0.001459162,
821,Na1,Cl2,8.54155,0,1,-3,0.00002,0.001459162,
883,Na1,Cl2,8.54155,-1,-1,-2,0.00002,0.001459162,
886,Na1,Cl2,8.54155,2,-1,-2,0.00002,0.001459162,
913,Na1,Cl2,8.54155,-1,2,-2,0.00002,0.001459162,
962,Na1,Cl2,8.54155,-1,-2,-1,0.00002,0.001459162,
965,Na1,Cl2,8.54155,2,-2,-1,0.00002,0.001459162,
971,Na1,Cl2,8.54155,-2,-1,-1,0.00002,0.001459162,
975,Na1,Cl2,8.54155,2,-1,-1,0.00002,0.001459162,
1000,Na1,Cl2,8.54155,-2,2,-1,0.00002,0.001459162,
1001,Na1,Cl2,8.54155,-1,2,-1,0.00002,0.001459162,
1042,Na1,Cl2,8.54155,0,-3,0,0.00002,0.001459162,
1043,Na1,Cl2,8.54155,1,-3,0,0.00002,0.001459162,
1069,Na1,Cl2,8.54155,-3,0,0,0.00002,0.001459162,
1073,Na1,Cl2,8.54155,1,0,0,0.00002,0.001459162,
1078,Na1,Cl2,8.54155,-3,1,0,0.00002,0.001459162,
1081,Na1,Cl2,8.54155,0,1,0,0.00002,0.001459162,
1126,Na1,Cl2,8.54155,0,-3,1,0.00002,0.001459162,
1152,Na1,Cl2,8.54155,-3,0,1,0.00002,0.001459162,
1155,Na1,Cl2,8.54155,0,0,1,0.00002,0.001459162,
1209,Na1,Cl2,8.54155,-1,-2,2,0.00002,0.001459162,
1217,Na1,Cl2,8.54155,-2,-1,2,0.00002,0.001459162,
1218,Na1,Cl2,8.54155,-1,-1,2,0.00002,0.001459162,
739,Na1,Cl2,12.41059,0,0,-4,0.00001,0.001540227,
741,Na1,Cl2,12.41059,2,0,-4,0.00001,0.001540227,
756,Na1,Cl2,12.41059,0,2,-4,0.00001,0.001540227,
800,Na1,Cl2,12.41059,-1,-1,-3,0.00001,0.001540227,
804,Na1,Cl2,12.41059,3,-1,-3,0.00001,0.001540227,
837,Na1,Cl2,12.41059,-1,3,-3,0.00001,0.001540227,
952,Na1,Cl2,12.41059,-1,-3,-1,0.00001,0.001540227,
956,Na1,Cl2,12.41059,3,-3,-1,0.00001,0.001540227,
970,Na1,Cl2,12.41059,-3,-1,-1,0.00001,0.001540227,
976,Na1,Cl2,12.41059,3,-1,-1,0.00001,0.001540227,
1008,Na1,Cl2,12.41059,-3,3,-1,0.00001,0.001540227,
1010,Na1,Cl2,12.41059,-1,3,-1,0.00001,0.001540227,
1032,Na1,Cl2,12.41059,0,-4,0,0.00001,0.001540227,
1034,Na1,Cl2,12.41059,2,-4,0,0.00001,0.001540227,
1068,Na1,Cl2,12.41059,-4,0,0,0.00001,0.001540227,
1074,Na1,Cl2,12.41059,2,0,0,0.00001,0.001540227,
1086,Na1,Cl2,12.41059,-4,2,0,0.00001,0.001540227,
1090,Na1,Cl2,12.41059,0,2,0,0.00001,0.001540227,
1193,Na1,Cl2,12.41059,0,-4,2,0.00001,0.001540227,
1224,Na1,Cl2,12.41059,-4,0,2,0.00001,0.001540227,
1228,Na1,Cl2,12.41059,0,0,2,0.00001,0.001540227,
1265,Na1,Cl2,12.41059,-1,-3,3,0.00001,0.001540227,
1279,Na1,Cl2,12.41059,-3,-1,3,0.00001,0.001540227,
1281,Na1,Cl2,12.41059,-1,-1,3,0.00001,0.001540227,
1454,Cl2,Cl2,12.07958,0,0,-3,0.00001,0.001459163,
1457,Cl2,Cl2,12.07958,3,0,-3,0.00001,0.001459163,
1480,Cl2,Cl2,12.07958,0,3,-3,0.00001,0.001459163,
1668,Cl2,Cl2,12.07958,0,-3,0,0.00001,0.001459163,
1671,Cl2,Cl2,12.07958,3,-3,0,0.00001,0.001459163,
1694,Cl2,Cl2,12.07958,-3,0,0,0.00001,0.001459163,
1699,Cl2,Cl2,12.07958,3,0,0,0.00001,0.001459163,
1722,Cl2,Cl2,12.07958,-3,3,0,0.00001,0.001459163,
1725,Cl2,Cl2,12.07958,0,3,0,0.00001,0.001459163,
1913,Cl2,Cl2,12.07958,0,-3,3,0.00001,0.001459163,
1936,Cl2,Cl2,12.07958,-3,0,3,0.00001,0.001459163,
1939,Cl2,Cl2,12.07958,0,0,3,0.00001,0.001459163,
1455,Cl2,Cl2,10.65319,1,0,-3,0.00001,0.001134905,
1456,Cl2,Cl2,10.65319,2,0,-3,0.00001,0.001134905,
1463,Cl2,Cl2,10.65319,0,1,-3,0.00001,0.001134905,
1465,Cl2,Cl2,10.65319,2,1,-3,0.00001,0.001134905,
1472,Cl2,Cl2,10.65319,0,2,-3,0.00001,0.001134905,
1473,Cl2,Cl2,10.65319,1,2,-3,0.00001,0.001134905,
1516,Cl2,Cl2,10.65319,0,-1,-2,0.00001,0.001134905,
1519,Cl2,Cl2,10.65319,3,-1,-2,0.00001,0.001134905,
1524,Cl2,Cl2,10.65319,-1,0,-2,0.00001,0.001134905,
1528,Cl2,Cl2,10.65319,3,0,-2,0.00001,0.001134905,
1553,Cl2,Cl2,10.65319,-1,3,-2,0.00001,0.001134905,
1554,Cl2,Cl2,10.65319,0,3,-2,0.00001,0.001134905,
1589,Cl2,Cl2,10.65319,0,-2,-1,0.00001,0.001134905,
1592,Cl2,Cl2,10.65319,3,-2,-1,0.00001,0.001134905,
1606,Cl2,Cl2,10.65319,-2,0,-1,0.00001,0.001134905,
1611,Cl2,Cl2,10.65319,3,0,-1,0.00001,0.001134905,
1636,Cl2,Cl2,10.65319,-2,3,-1,0.00001,0.001134905,
1638,Cl2,Cl2,10.65319,0,3,-1,0.00001,0.001134905,
1669,Cl2,Cl2,10.65319,1,-3,0,0.00001,0.001134905,
1670,Cl2,Cl2,10.65319,2,-3,0,0.00001,0.001134905,
1676,Cl2,Cl2,10.65319,-1,-2,0,0.00001,0.001134905,
1680,Cl2,Cl2,10.65319,3,-2,0,0.00001,0.001134905,
1685,Cl2,Cl2,10.65319,-2,-1,0,0.00001,0.001134905,
1690,Cl2,Cl2,10.65319,3,-1,0,0.00001,0.001134905,
1703,Cl2,Cl2,10.65319,-3,1,0,0.00001,0.001134905,
1708,Cl2,Cl2,10.65319,2,1,0,0.00001,0.001134905,
1713,Cl2,Cl2,10.65319,-3,2,0,0.00001,0.001134905,
1717,Cl2,Cl2,10.65319,1,2,0,0.00001,0.001134905,
1723,Cl2,Cl2,10.65319,-2,3,0,0.00001,0.001134905,
1724,Cl2,Cl2,10.65319,-1,3,0,0.00001,0.001134905,
1755,Cl2,Cl2,10.65319,0,-3,1,0.00001,0.001134905,
1757,Cl2,Cl2,10.65319,2,-3,1,0.00001,0.001134905,
1782,Cl2,Cl2,10.65319,-3,0,1,0.00001,0.001134905,
1787,Cl2,Cl2,10.65319,2,0,1,0.00001,0.001134905,
1801,Cl2,Cl2,10.65319,-3,2,1,0.00001,0.001134905,
1804,Cl2,Cl2,10.65319,0,2,1,0.00001,0.001134905,
1839,Cl2,Cl2,10.65319,0,-3,2,0.00001,0.001134905,
1840,Cl2,Cl2,10.65319,1,-3,2,0.00001,0.001134905,
1865,Cl2,Cl2,10.65319,-3,0,2,0.00001,0.001134905,
1869,Cl2,Cl2,10.65319,1,0,2,0.00001,0.001134905,
1874,Cl2,Cl2,10.65319,-3,1,2,0.00001,0.001134905,
1877,Cl2,Cl2,10.65319,0,1,2,0.00001,0.001134905,
1920,Cl2,Cl2,10.65319,-1,-2,3,0.00001,0.001134905,
1921,Cl2,Cl2,10.65319,0,-2,3,0.00001,0.001134905,
1928,Cl2,Cl2,10.65319,-2,-1,3,0.00001,0.001134905,
1930,Cl2,Cl2,10.65319,0,-1,3,0.00001,0.001134905,
1937,Cl2,Cl2,10.65319,-2,0,3,0.00001,0.001134905,
1938,Cl2,Cl2,10.65319,-1,0,3,0.00001,0.001134905,
1517,Cl2,Cl2,9.00359,1,-1,-2,0.00001,0.000810646,
1518,Cl2,Cl2,9.00359,2,-1,-2,0.00001,0.000810646,
1534,Cl2,Cl2,9.00359,-1,1,-2,0.00001,0.000810646,
1537,Cl2,Cl2,9.00359,2,1,-2,0.00001,0.000810646,
1544,Cl2,Cl2,9.00359,-1,2,-2,0.00001,0.000810646,
1546,Cl2,Cl2,9.00359,1,2,-2,0.00001,0.000810646,
1590,Cl2,Cl2,9.00359,1,-2,-1,0.00001,0.000810646,
1591,Cl2,Cl2,9.00359,2,-2,-1,0.00001,0.000810646,
1616,Cl2,Cl2,9.00359,-2,1,-1,0.00001,0.000810646,
1620,Cl2,Cl2,9.00359,2,1,-1,0.00001,0.000810646,
1626,Cl2,Cl2,9.00359,-2,2,-1,0.00001,0.000810646,
1629,Cl2,Cl2,9.00359,1,2,-1,0.00001,0.000810646,
1764,Cl2,Cl2,9.00359,-1,-2,1,0.00001,0.000810646,
1767,Cl2,Cl2,9.00359,2,-2,1,0.00001,0.000810646,
1773,Cl2,Cl2,9.00359,-2,-1,1,0.00001,0.000810646,
1777,Cl2,Cl2,9.00359,2,-1,1,0.00001,0.000810646,
1802,Cl2,Cl2,9.00359,-2,2,1,0.00001,0.000810646,
1803,Cl2,Cl2,9.00359,-1,2,1,0.00001,0.000810646,
1847,Cl2,Cl2,9.00359,-1,-2,2,0.00001,0.000810646,
1849,Cl2,Cl2,9.00359,1,-2,2,0.00001,0.000810646,
1856,Cl2,Cl2,9.00359,-2,-1,2,0.00001,0.000810646,
1859,Cl2,Cl2,9.00359,1,-1,2,0.00001,0.000810646,
1875,Cl2,Cl2,9.00359,-2,1,2,0.00001,0.000810646,
1876,Cl2,Cl2,9.00359,-1,1,2,0.00001,0.000810646,
1525,Cl2,Cl2,8.05305,0,0,-2,0.00001,0.000648516,
1527,Cl2,Cl2,8.05305,2,0,-2,0.00001,0.000648516,
1545,Cl2,Cl2,8.05305,0,2,-2,0.00001,0.000648516,
1677,Cl2,Cl2,8.05305,0,-2,0,0.00001,0.000648516,
1679,Cl2,Cl2,8.05305,2,-2,0,0.00001,0.000648516,
1695,Cl2,Cl2,8.05305,-2,0,0,0.00001,0.000648516,
1698,Cl2,Cl2,8.05305,2,0,0,0.00001,0.000648516,
1714,Cl2,Cl2,8.05305,-2,2,0,0.00001,0.000648516,
1716,Cl2,Cl2,8.05305,0,2,0,0.00001,0.000648516,
1848,Cl2,Cl2,8.05305,0,-2,2,0.00001,0.000648516,
1866,Cl2,Cl2,8.05305,-2,0,2,0.00001,0.000648516,
1868,Cl2,Cl2,8.05305,0,0,2,0.00001,0.000648516,
714,Na1,Cl2,19.93029,3,-4,-4,0,0,
715,Na1,Cl2,19.93029,0,-3,-4,0,0,
720,Na1,Cl2,19.93029,5,-3,-4,0,0,
736,Na1,Cl2,19.93029,-3,0,-4,0,0,
744,Na1,Cl2,19.93029,5,0,-4,0,0,
760,Na1,Cl2,19.93029,-4,3,-4,0,0,
767,Na1,Cl2,19.93029,3,3,-4,0,0,
773,Na1,Cl2,19.93029,-3,5,-4,0,0,
776,Na1,Cl2,19.93029,0,5,-4,0,0,
777,Na1,Cl2,19.93029,0,-4,-3,0,0,
782,Na1,Cl2,19.93029,5,-4,-3,0,0,
807,Na1,Cl2,19.93029,-4,0,-3,0,0,
816,Na1,Cl2,19.93029,5,0,-3,0,0,
847,Na1,Cl2,19.93029,-4,5,-3,0,0,
851,Na1,Cl2,19.93029,0,5,-3,0,0,
1005,Na1,Cl2,19.93029,3,2,-1,0,0,
1013,Na1,Cl2,19.93029,2,3,-1,0,0,
1029,Na1,Cl2,19.93029,-3,-4,0,0,0,
1037,Na1,Cl2,19.93029,5,-4,0,0,0,
1038,Na1,Cl2,19.93029,-4,-3,0,0,0,
1047,Na1,Cl2,19.93029,5,-3,0,0,0,
1105,Na1,Cl2,19.93029,-4,5,0,0,0,
1106,Na1,Cl2,19.93029,-3,5,0,0,0,
1222,Na1,Cl2,19.93029,3,-1,2,0,0,
1248,Na1,Cl2,19.93029,-1,3,2,0,0,
1254,Na1,Cl2,19.93029,-4,-4,3,0,0,
1261,Na1,Cl2,19.93029,3,-4,3,0,0,
1284,Na1,Cl2,19.93029,2,-1,3,0,0,
1302,Na1,Cl2,19.93029,-1,2,3,0,0,
1303,Na1,Cl2,19.93029,-4,3,3,0,0,
1341,Na1,Cl2,19.93029,-3,-4,5,0,0,
1344,Na1,Cl2,19.93029,0,-4,5,0,0,
1345,Na1,Cl2,19.93029,-4,-3,5,0,0,
1349,Na1,Cl2,19.93029,0,-3,5,0,0,
1357,Na1,Cl2,19.93029,-4,0,5,0,0,
1358,Na1,Cl2,19.93029,-3,0,5,0,0,
148,Na1,Na1,19.72587,-2,-2,-2,0,0,
529,Na1,Na1,19.72587,2,2,2,0,0,
1506,Cl2,Cl2,19.72587,-2,-2,-2,0,0,
1887,Cl2,Cl2,19.72587,2,2,2,0,0,
1,Na1,Na1,19.31054,2,-1,-5,0,0,0
3,Na1,Na1,19.31054,4,-1,-5,0,0,
13,Na1,Na1,19.31054,-1,2,-5,0,0,
18,Na1,Na1,19.31054,4,2,-5,0,0,
24,Na1,Na1,19.31054,-1,4,-5,0,0,
27,Na1,Na1,19.31054,2,4,-5,0,0,
28,Na1,Na1,19.31054,1,-2,-4,0,0,
32,Na1,Na1,19.31054,5,-2,-4,0,0,
46,Na1,Na1,19.31054,-2,1,-4,0,0,
53,Na1,Na1,19.31054,5,1,-4,0,0,
72,Na1,Na1,19.31054,-2,5,-4,0,0,
75,Na1,Na1,19.31054,1,5,-4,0,0,
137,Na1,Na1,19.31054,1,-4,-2,0,0,
141,Na1,Na1,19.31054,5,-4,-2,0,0,
173,Na1,Na1,19.31054,-4,1,-2,0,0,
182,Na1,Na1,19.31054,5,1,-2,0,0,
207,Na1,Na1,19.31054,-4,5,-2,0,0,
212,Na1,Na1,19.31054,1,5,-2,0,0,
213,Na1,Na1,19.31054,2,-5,-1,0,0,
215,Na1,Na1,19.31054,4,-5,-1,0,0,
265,Na1,Na1,19.31054,-5,2,-1,0,0,
274,Na1,Na1,19.31054,4,2,-1,0,0,
284,Na1,Na1,19.31054,-5,4,-1,0,0,
291,Na1,Na1,19.31054,2,4,-1,0,0,
386,Na1,Na1,19.31054,-2,-4,1,0,0,
393,Na1,Na1,19.31054,5,-4,1,0,0,
403,Na1,Na1,19.31054,-4,-2,1,0,0,
412,Na1,Na1,19.31054,5,-2,1,0,0,
462,Na1,Na1,19.31054,-4,5,1,0,0,
464,Na1,Na1,19.31054,-2,5,1,0,0,
465,Na1,Na1,19.31054,-1,-5,2,0,0,
470,Na1,Na1,19.31054,4,-5,2,0,0,
495,Na1,Na1,19.31054,-5,-1,2,0,0,
504,Na1,Na1,19.31054,4,-1,2,0,0,
536,Na1,Na1,19.31054,-5,4,2,0,0,
540,Na1,Na1,19.31054,-1,4,2,0,0,
602,Na1,Na1,19.31054,-1,-5,4,0,0,
605,Na1,Na1,19.31054,2,-5,4,0,0,
624,Na1,Na1,19.31054,-5,-1,4,0,0,
631,Na1,Na1,19.31054,2,-1,4,0,0,
645,Na1,Na1,19.31054,-5,2,4,0,0,
649,Na1,Na1,19.31054,-1,2,4,0,0,
650,Na1,Na1,19.31054,-2,-4,5,0,0,
653,Na1,Na1,19.31054,1,-4,5,0,0,
659,Na1,Na1,19.31054,-4,-2,5,0,0,
664,Na1,Na1,19.31054,1,-2,5,0,0,
674,Na1,Na1,19.31054,-4,1,5,0,0,
676,Na1,Na1,19.31054,-2,1,5,0,0,
1359,Cl2,Cl2,19.31054,2,-1,-5,0,0,
1361,Cl2,Cl2,19.31054,4,-1,-5,0,0,
1371,Cl2,Cl2,19.31054,-1,2,-5,0,0,
1376,Cl2,Cl2,19.31054,4,2,-5,0,0,
1382,Cl2,Cl2,19.31054,-1,4,-5,0,0,
1385,Cl2,Cl2,19.31054,2,4,-5,0,0,
1386,Cl2,Cl2,19.31054,1,-2,-4,0,0,
1390,Cl2,Cl2,19.31054,5,-2,-4,0,0,
1404,Cl2,Cl2,19.31054,-2,1,-4,0,0,
1411,Cl2,Cl2,19.31054,5,1,-4,0,0,
1430,Cl2,Cl2,19.31054,-2,5,-4,0,0,
1433,Cl2,Cl2,19.31054,1,5,-4,0,0,
1495,Cl2,Cl2,19.31054,1,-4,-2,0,0,
1499,Cl2,Cl2,19.31054,5,-4,-2,0,0,
1531,Cl2,Cl2,19.31054,-4,1,-2,0,0,
1540,Cl2,Cl2,19.31054,5,1,-2,0,0,
1565,Cl2,Cl2,19.31054,-4,5,-2,0,0,
1570,Cl2,Cl2,19.31054,1,5,-2,0,0,
1571,Cl2,Cl2,19.31054,2,-5,-1,0,0,
1573,Cl2,Cl2,19.31054,4,-5,-1,0,0,
1623,Cl2,Cl2,19.31054,-5,2,-1,0,0,
1632,Cl2,Cl2,19.31054,4,2,-1,0,0,
1642,Cl2,Cl2,19.31054,-5,4,-1,0,0,
1649,Cl2,Cl2,19.31054,2,4,-1,0,0,
1744,Cl2,Cl2,19.31054,-2,-4,1,0,0,
1751,Cl2,Cl2,19.31054,5,-4,1,0,0,
1761,Cl2,Cl2,19.31054,-4,-2,1,0,0,
1770,Cl2,Cl2,19.31054,5,-2,1,0,0,
1820,Cl2,Cl2,19.31054,-4,5,1,0,0,
1822,Cl2,Cl2,19.31054,-2,5,1,0,0,
1823,Cl2,Cl2,19.31054,-1,-5,2,0,0,
1828,Cl2,Cl2,19.31054,4,-5,2,0,0,
1853,Cl2,Cl2,19.31054,-5,-1,2,0,0,
1862,Cl2,Cl2,19.31054,4,-1,2,0,0,
1894,Cl2,Cl2,19.31054,-5,4,2,0,0,
1898,Cl2,Cl2,19.31054,-1,4,2,0,0,
1960,Cl2,Cl2,19.31054,-1,-5,4,0,0,
1963,Cl2,Cl2,19.31054,2,-5,4,0,0,
1982,Cl2,Cl2,19.31054,-5,-1,4,0,0,
1989,Cl2,Cl2,19.31054,2,-1,4,0,0,
2003,Cl2,Cl2,19.31054,-5,2,4,0,0,
2007,Cl2,Cl2,19.31054,-1,2,4,0,0,
2008,Cl2,Cl2,19.31054,-2,-4,5,0,0,
2011,Cl2,Cl2,19.31054,1,-4,5,0,0,
2017,Cl2,Cl2,19.31054,-4,-2,5,0,0,
2022,Cl2,Cl2,19.31054,1,-2,5,0,0,
2032,Cl2,Cl2,19.31054,-4,1,5,0,0,
2034,Cl2,Cl2,19.31054,-2,1,5,0,0,
677,Na1,Cl2,19.09949,1,-2,-5,0,0,
680,Na1,Cl2,19.09949,4,-2,-5,0,0,
692,Na1,Cl2,19.09949,-2,1,-5,0,0,
698,Na1,Cl2,19.09949,4,1,-5,0,0,
710,Na1,Cl2,19.09949,-2,4,-5,0,0,
713,Na1,Cl2,19.09949,1,4,-5,0,0,
721,Na1,Cl2,19.09949,-1,-2,-4,0,0,
727,Na1,Cl2,19.09949,5,-2,-4,0,0,
728,Na1,Cl2,19.09949,-2,-1,-4,0,0,
735,Na1,Cl2,19.09949,5,-1,-4,0,0,
774,Na1,Cl2,19.09949,-2,5,-4,0,0,
775,Na1,Cl2,19.09949,-1,5,-4,0,0,
852,Na1,Cl2,19.09949,1,-5,-2,0,0,
855,Na1,Cl2,19.09949,4,-5,-2,0,0,
856,Na1,Cl2,19.09949,-1,-4,-2,0,0,
862,Na1,Cl2,19.09949,5,-4,-2,0,0,
880,Na1,Cl2,19.09949,-4,-1,-2,0,0,
889,Na1,Cl2,19.09949,5,-1,-2,0,0,
899,Na1,Cl2,19.09949,-5,1,-2,0,0,
908,Na1,Cl2,19.09949,4,1,-2,0,0,
926,Na1,Cl2,19.09949,-5,4,-2,0,0,
932,Na1,Cl2,19.09949,1,4,-2,0,0,
933,Na1,Cl2,19.09949,-4,5,-2,0,0,
936,Na1,Cl2,19.09949,-1,5,-2,0,0,
942,Na1,Cl2,19.09949,-2,-4,-1,0,0,
949,Na1,Cl2,19.09949,5,-4,-1,0,0,
959,Na1,Cl2,19.09949,-4,-2,-1,0,0,
968,Na1,Cl2,19.09949,5,-2,-1,0,0,
1020,Na1,Cl2,19.09949,-4,5,-1,0,0,
1022,Na1,Cl2,19.09949,-2,5,-1,0,0,
1084,Na1,Cl2,19.09949,3,1,0,0,0,
1099,Na1,Cl2,19.09949,1,3,0,0,0,
1107,Na1,Cl2,19.09949,-2,-5,1,0,0,
1113,Na1,Cl2,19.09949,4,-5,1,0,0,
1131,Na1,Cl2,19.09949,-5,-2,1,0,0,
1140,Na1,Cl2,19.09949,4,-2,1,0,0,
1158,Na1,Cl2,19.09949,3,0,1,0,0,
1179,Na1,Cl2,19.09949,0,3,1,0,0,
1180,Na1,Cl2,19.09949,-5,4,1,0,0,
1183,Na1,Cl2,19.09949,-2,4,1,0,0,
1291,Na1,Cl2,19.09949,1,0,3,0,0,
1297,Na1,Cl2,19.09949,0,1,3,0,0,
1304,Na1,Cl2,19.09949,-2,-5,4,0,0,
1307,Na1,Cl2,19.09949,1,-5,4,0,0,
1319,Na1,Cl2,19.09949,-5,-2,4,0,0,
1325,Na1,Cl2,19.09949,1,-2,4,0,0,
1337,Na1,Cl2,19.09949,-5,1,4,0,0,
1340,Na1,Cl2,19.09949,-2,1,4,0,0,
1342,Na1,Cl2,19.09949,-2,-4,5,0,0,
1343,Na1,Cl2,19.09949,-1,-4,5,0,0,
1350,Na1,Cl2,19.09949,-4,-2,5,0,0,
1353,Na1,Cl2,19.09949,-1,-2,5,0,0,
1354,Na1,Cl2,19.09949,-4,-1,5,0,0,
1356,Na1,Cl2,19.09949,-2,-1,5,0,0,
2,Na1,Na1,18.88608,3,-1,-5,0,0,
19,Na1,Na1,18.88608,-1,3,-5,0,0,
23,Na1,Na1,18.88608,3,3,-5,0,0,
76,Na1,Na1,18.88608,1,-3,-3,0,0,
80,Na1,Na1,18.88608,5,-3,-3,0,0,
102,Na1,Na1,18.88608,-3,1,-3,0,0,
110,Na1,Na1,18.88608,5,1,-3,0,0,
132,Na1,Na1,18.88608,-3,5,-3,0,0,
136,Na1,Na1,18.88608,1,5,-3,0,0,
214,Na1,Na1,18.88608,3,-5,-1,0,0,
275,Na1,Na1,18.88608,-5,3,-1,0,0,
283,Na1,Na1,18.88608,3,3,-1,0,0,
394,Na1,Na1,18.88608,-3,-3,1,0,0,
402,Na1,Na1,18.88608,5,-3,1,0,0,
463,Na1,Na1,18.88608,-3,5,1,0,0,
541,Na1,Na1,18.88608,-1,-5,3,0,0,
545,Na1,Na1,18.88608,3,-5,3,0,0,
567,Na1,Na1,18.88608,-5,-1,3,0,0,
575,Na1,Na1,18.88608,3,-1,3,0,0,
597,Na1,Na1,18.88608,-5,3,3,0,0,
601,Na1,Na1,18.88608,-1,3,3,0,0,
654,Na1,Na1,18.88608,-3,-3,5,0,0,
658,Na1,Na1,18.88608,1,-3,5,0,0,
675,Na1,Na1,18.88608,-3,1,5,0,0,
1360,Cl2,Cl2,18.88608,3,-1,-5,0,0,
1377,Cl2,Cl2,18.88608,-1,3,-5,0,0,
1381,Cl2,Cl2,18.88608,3,3,-5,0,0,
1434,Cl2,Cl2,18.88608,1,-3,-3,0,0,
1438,Cl2,Cl2,18.88608,5,-3,-3,0,0,
1460,Cl2,Cl2,18.88608,-3,1,-3,0,0,
1468,Cl2,Cl2,18.88608,5,1,-3,0,0,
1490,Cl2,Cl2,18.88608,-3,5,-3,0,0,
1494,Cl2,Cl2,18.88608,1,5,-3,0,0,
1572,Cl2,Cl2,18.88608,3,-5,-1,0,0,
1633,Cl2,Cl2,18.88608,-5,3,-1,0,0,
1641,Cl2,Cl2,18.88608,3,3,-1,0,0,
1752,Cl2,Cl2,18.88608,-3,-3,1,0,0,
1760,Cl2,Cl2,18.88608,5,-3,1,0,0,
1821,Cl2,Cl2,18.88608,-3,5,1,0,0,
1899,Cl2,Cl2,18.88608,-1,-5,3,0,0,
1903,Cl2,Cl2,18.88608,3,-5,3,0,0,
1925,Cl2,Cl2,18.88608,-5,-1,3,0,0,
1933,Cl2,Cl2,18.88608,3,-1,3,0,0,
1955,Cl2,Cl2,18.88608,-5,3,3,0,0,
1959,Cl2,Cl2,18.88608,-1,3,3,0,0,
2012,Cl2,Cl2,18.88608,-3,-3,5,0,0,
2016,Cl2,Cl2,18.88608,1,-3,5,0,0,
2033,Cl2,Cl2,18.88608,-3,1,5,0,0,
783,Na1,Cl2,18.67023,-1,-3,-3,0,0,
789,Na1,Cl2,18.67023,5,-3,-3,0,0,
798,Na1,Cl2,18.67023,-3,-1,-3,0,0,
806,Na1,Cl2,18.67023,5,-1,-3,0,0,
848,Na1,Cl2,18.67023,-3,5,-3,0,0,
850,Na1,Cl2,18.67023,-1,5,-3,0,0,
950,Na1,Cl2,18.67023,-3,-3,-1,0,0,
958,Na1,Cl2,18.67023,5,-3,-1,0,0,
1021,Na1,Cl2,18.67023,-3,5,-1,0,0,
1092,Na1,Cl2,18.67023,2,2,0,0,0,
1230,Na1,Cl2,18.67023,2,0,2,0,0,
1243,Na1,Cl2,18.67023,0,2,2,0,0,
1346,Na1,Cl2,18.67023,-3,-3,5,0,0,
1348,Na1,Cl2,18.67023,-1,-3,5,0,0,
1355,Na1,Cl2,18.67023,-3,-1,5,0,0,
4,Na1,Na1,18.45186,1,0,-5,0,0,
7,Na1,Na1,18.45186,4,0,-5,0,0,
8,Na1,Na1,18.45186,0,1,-5,0,0,
12,Na1,Na1,18.45186,4,1,-5,0,0,
25,Na1,Na1,18.45186,0,4,-5,0,0,
26,Na1,Na1,18.45186,1,4,-5,0,0,
33,Na1,Na1,18.45186,0,-1,-4,0,0,
38,Na1,Na1,18.45186,5,-1,-4,0,0,
39,Na1,Na1,18.45186,-1,0,-4,0,0,
45,Na1,Na1,18.45186,5,0,-4,0,0,
73,Na1,Na1,18.45186,-1,5,-4,0,0,
74,Na1,Na1,18.45186,0,5,-4,0,0,
216,Na1,Na1,18.45186,0,-4,-1,0,0,
221,Na1,Na1,18.45186,5,-4,-1,0,0,
246,Na1,Na1,18.45186,-4,0,-1,0,0,
255,Na1,Na1,18.45186,5,0,-1,0,0,
292,Na1,Na1,18.45186,-4,5,-1,0,0,
296,Na1,Na1,18.45186,0,5,-1,0,0,
297,Na1,Na1,18.45186,1,-5,0,0,0,
300,Na1,Na1,18.45186,4,-5,0,0,0,
301,Na1,Na1,18.45186,-1,-4,0,0,0,
307,Na1,Na1,18.45186,5,-4,0,0,0,
325,Na1,Na1,18.45186,-4,-1,0,0,0,
334,Na1,Na1,18.45186,5,-1,0,0,0,
343,Na1,Na1,18.45186,-5,1,0,0,0,
352,Na1,Na1,18.45186,4,1,0,0,0,
370,Na1,Na1,18.45186,-5,4,0,0,0,
376,Na1,Na1,18.45186,1,4,0,0,0,
377,Na1,Na1,18.45186,-4,5,0,0,0,
380,Na1,Na1,18.45186,-1,5,0,0,0,
381,Na1,Na1,18.45186,0,-5,1,0,0,
385,Na1,Na1,18.45186,4,-5,1,0,0,
422,Na1,Na1,18.45186,-5,0,1,0,0,
431,Na1,Na1,18.45186,4,0,1,0,0,
456,Na1,Na1,18.45186,-5,4,1,0,0,
461,Na1,Na1,18.45186,0,4,1,0,0,
603,Na1,Na1,18.45186,0,-5,4,0,0,
604,Na1,Na1,18.45186,1,-5,4,0,0,
632,Na1,Na1,18.45186,-5,0,4,0,0,
638,Na1,Na1,18.45186,1,0,4,0,0,
639,Na1,Na1,18.45186,-5,1,4,0,0,
644,Na1,Na1,18.45186,0,1,4,0,0,
651,Na1,Na1,18.45186,-1,-4,5,0,0,
652,Na1,Na1,18.45186,0,-4,5,0,0,
665,Na1,Na1,18.45186,-4,-1,5,0,0,
669,Na1,Na1,18.45186,0,-1,5,0,0,
670,Na1,Na1,18.45186,-4,0,5,0,0,
673,Na1,Na1,18.45186,-1,0,5,0,0,
1362,Cl2,Cl2,18.45186,1,0,-5,0,0,
1365,Cl2,Cl2,18.45186,4,0,-5,0,0,
1366,Cl2,Cl2,18.45186,0,1,-5,0,0,
1370,Cl2,Cl2,18.45186,4,1,-5,0,0,
1383,Cl2,Cl2,18.45186,0,4,-5,0,0,
1384,Cl2,Cl2,18.45186,1,4,-5,0,0,
1391,Cl2,Cl2,18.45186,0,-1,-4,0,0,
1396,Cl2,Cl2,18.45186,5,-1,-4,0,0,
1397,Cl2,Cl2,18.45186,-1,0,-4,0,0,
1403,Cl2,Cl2,18.45186,5,0,-4,0,0,
1431,Cl2,Cl2,18.45186,-1,5,-4,0,0,
1432,Cl2,Cl2,18.45186,0,5,-4,0,0,
1574,Cl2,Cl2,18.45186,0,-4,-1,0,0,
1579,Cl2,Cl2,18.45186,5,-4,-1,0,0,
1604,Cl2,Cl2,18.45186,-4,0,-1,0,0,
1613,Cl2,Cl2,18.45186,5,0,-1,0,0,
1650,Cl2,Cl2,18.45186,-4,5,-1,0,0,
1654,Cl2,Cl2,18.45186,0,5,-1,0,0,
1655,Cl2,Cl2,18.45186,1,-5,0,0,0,
1658,Cl2,Cl2,18.45186,4,-5,0,0,0,
1659,Cl2,Cl2,18.45186,-1,-4,0,0,0,
1665,Cl2,Cl2,18.45186,5,-4,0,0,0,
1683,Cl2,Cl2,18.45186,-4,-1,0,0,0,
1692,Cl2,Cl2,18.45186,5,-1,0,0,0,
1701,Cl2,Cl2,18.45186,-5,1,0,0,0,
1710,Cl2,Cl2,18.45186,4,1,0,0,0,
1728,Cl2,Cl2,18.45186,-5,4,0,0,0,
1734,Cl2,Cl2,18.45186,1,4,0,0,0,
1735,Cl2,Cl2,18.45186,-4,5,0,0,0,
1738,Cl2,Cl2,18.45186,-1,5,0,0,0,
1739,Cl2,Cl2,18.45186,0,-5,1,0,0,
1743,Cl2,Cl2,18.45186,4,-5,1,0,0,
1780,Cl2,Cl2,18.45186,-5,0,1,0,0,
1789,Cl2,Cl2,18.45186,4,0,1,0,0,
1814,Cl2,Cl2,18.45186,-5,4,1,0,0,
1819,Cl2,Cl2,18.45186,0,4,1,0,0,
1961,Cl2,Cl2,18.45186,0,-5,4,0,0,
1962,Cl2,Cl2,18.45186,1,-5,4,0,0,
1990,Cl2,Cl2,18.45186,-5,0,4,0,0,
1996,Cl2,Cl2,18.45186,1,0,4,0,0,
1997,Cl2,Cl2,18.45186,-5,1,4,0,0,
2002,Cl2,Cl2,18.45186,0,1,4,0,0,
2009,Cl2,Cl2,18.45186,-1,-4,5,0,0,
2010,Cl2,Cl2,18.45186,0,-4,5,0,0,
2023,Cl2,Cl2,18.45186,-4,-1,5,0,0,
2027,Cl2,Cl2,18.45186,0,-1,5,0,0,
2028,Cl2,Cl2,18.45186,-4,0,5,0,0,
2031,Cl2,Cl2,18.45186,-1,0,5,0,0,
678,Na1,Cl2,18.23087,2,-2,-5,0,0,
679,Na1,Cl2,18.23087,3,-2,-5,0,0,
681,Na1,Cl2,18.23087,0,-1,-5,0,0,
685,Na1,Cl2,18.23087,4,-1,-5,0,0,
686,Na1,Cl2,18.23087,-1,0,-5,0,0,
691,Na1,Cl2,18.23087,4,0,-5,0,0,
699,Na1,Cl2,18.23087,-2,2,-5,0,0,
704,Na1,Cl2,18.23087,3,2,-5,0,0,
705,Na1,Cl2,18.23087,-2,3,-5,0,0,
709,Na1,Cl2,18.23087,2,3,-5,0,0,
711,Na1,Cl2,18.23087,-1,4,-5,0,0,
712,Na1,Cl2,18.23087,0,4,-5,0,0,
716,Na1,Cl2,18.23087,1,-3,-4,0,0,
719,Na1,Cl2,18.23087,4,-3,-4,0,0,
745,Na1,Cl2,18.23087,-3,1,-4,0,0,
752,Na1,Cl2,18.23087,4,1,-4,0,0,
768,Na1,Cl2,18.23087,-3,4,-4,0,0,
772,Na1,Cl2,18.23087,1,4,-4,0,0,
778,Na1,Cl2,18.23087,1,-4,-3,0,0,
781,Na1,Cl2,18.23087,4,-4,-3,0,0,
790,Na1,Cl2,18.23087,-2,-2,-3,0,0,
797,Na1,Cl2,18.23087,5,-2,-3,0,0,
817,Na1,Cl2,18.23087,-4,1,-3,0,0,
825,Na1,Cl2,18.23087,4,1,-3,0,0,
841,Na1,Cl2,18.23087,-4,4,-3,0,0,
846,Na1,Cl2,18.23087,1,4,-3,0,0,
849,Na1,Cl2,18.23087,-2,5,-3,0,0,
853,Na1,Cl2,18.23087,2,-5,-2,0,0,
854,Na1,Cl2,18.23087,3,-5,-2,0,0,
863,Na1,Cl2,18.23087,-2,-3,-2,0,0,
870,Na1,Cl2,18.23087,5,-3,-2,0,0,
871,Na1,Cl2,18.23087,-3,-2,-2,0,0,
879,Na1,Cl2,18.23087,5,-2,-2,0,0,
909,Na1,Cl2,18.23087,-5,2,-2,0,0,
917,Na1,Cl2,18.23087,3,2,-2,0,0,
918,Na1,Cl2,18.23087,-5,3,-2,0,0,
925,Na1,Cl2,18.23087,2,3,-2,0,0,
934,Na1,Cl2,18.23087,-3,5,-2,0,0,
935,Na1,Cl2,18.23087,-2,5,-2,0,0,
937,Na1,Cl2,18.23087,0,-5,-1,0,0,
941,Na1,Cl2,18.23087,4,-5,-1,0,0,
978,Na1,Cl2,18.23087,-5,0,-1,0,0,
987,Na1,Cl2,18.23087,4,0,-1,0,0,
1014,Na1,Cl2,18.23087,-5,4,-1,0,0,
1019,Na1,Cl2,18.23087,0,4,-1,0,0,
1023,Na1,Cl2,18.23087,-1,-5,0,0,0,
1028,Na1,Cl2,18.23087,4,-5,0,0,0,
1057,Na1,Cl2,18.23087,-5,-1,0,0,0,
1066,Na1,Cl2,18.23087,4,-1,0,0,0,
1100,Na1,Cl2,18.23087,-5,4,0,0,0,
1104,Na1,Cl2,18.23087,-1,4,0,0,0,
1114,Na1,Cl2,18.23087,-3,-4,1,0,0,
1121,Na1,Cl2,18.23087,4,-4,1,0,0,
1122,Na1,Cl2,18.23087,-4,-3,1,0,0,
1130,Na1,Cl2,18.23087,4,-3,1,0,0,
1166,Na1,Cl2,18.23087,2,1,1,0,0,
1173,Na1,Cl2,18.23087,1,2,1,0,0,
1181,Na1,Cl2,18.23087,-4,4,1,0,0,
1182,Na1,Cl2,18.23087,-3,4,1,0,0,
1184,Na1,Cl2,18.23087,-2,-5,2,0,0,
1189,Na1,Cl2,18.23087,3,-5,2,0,0,
1205,Na1,Cl2,18.23087,-5,-2,2,0,0,
1213,Na1,Cl2,18.23087,3,-2,2,0,0,
1237,Na1,Cl2,18.23087,1,1,2,0,0,
1244,Na1,Cl2,18.23087,-5,3,2,0,0,
1247,Na1,Cl2,18.23087,-2,3,2,0,0,
1249,Na1,Cl2,18.23087,-2,-5,3,0,0,
1253,Na1,Cl2,18.23087,2,-5,3,0,0,
1269,Na1,Cl2,18.23087,-5,-2,3,0,0,
1276,Na1,Cl2,18.23087,2,-2,3,0,0,
1298,Na1,Cl2,18.23087,-5,2,3,0,0,
1301,Na1,Cl2,18.23087,-2,2,3,0,0,
1305,Na1,Cl2,18.23087,-1,-5,4,0,0,
1306,Na1,Cl2,18.23087,0,-5,4,0,0,
1308,Na1,Cl2,18.23087,-3,-4,4,0,0,
1312,Na1,Cl2,18.23087,1,-4,4,0,0,
1313,Na1,Cl2,18.23087,-4,-3,4,0,0,
1318,Na1,Cl2,18.23087,1,-3,4,0,0,
1326,Na1,Cl2,18.23087,-5,-1,4,0,0,
1331,Na1,Cl2,18.23087,0,-1,4,0,0,
1332,Na1,Cl2,18.23087,-5,0,4,0,0,
1336,Na1,Cl2,18.23087,-1,0,4,0,0,
1338,Na1,Cl2,18.23087,-4,1,4,0,0,
1339,Na1,Cl2,18.23087,-3,1,4,0,0,
1347,Na1,Cl2,18.23087,-2,-3,5,0,0,
1351,Na1,Cl2,18.23087,-3,-2,5,0,0,
1352,Na1,Cl2,18.23087,-2,-2,5,0,0,
29,Na1,Na1,18.00717,2,-2,-4,0,0,
31,Na1,Na1,18.00717,4,-2,-4,0,0,
54,Na1,Na1,18.00717,-2,2,-4,0,0,
60,Na1,Na1,18.00717,4,2,-4,0,0,
67,Na1,Na1,18.00717,-2,4,-4,0,0,
71,Na1,Na1,18.00717,2,4,-4,0,0,
138,Na1,Na1,18.00717,2,-4,-2,0,0,
140,Na1,Na1,18.00717,4,-4,-2,0,0,
183,Na1,Na1,18.00717,-4,2,-2,0,0,
191,Na1,Na1,18.00717,4,2,-2,0,0,
200,Na1,Na1,18.00717,-4,4,-2,0,0,
206,Na1,Na1,18.00717,2,4,-2,0,0,
471,Na1,Na1,18.00717,-2,-4,2,0,0,
477,Na1,Na1,18.00717,4,-4,2,0,0,
486,Na1,Na1,18.00717,-4,-2,2,0,0,
494,Na1,Na1,18.00717,4,-2,2,0,0,
537,Na1,Na1,18.00717,-4,4,2,0,0,
539,Na1,Na1,18.00717,-2,4,2,0,0,
606,Na1,Na1,18.00717,-2,-4,4,0,0,
610,Na1,Na1,18.00717,2,-4,4,0,0,
617,Na1,Na1,18.00717,-4,-2,4,0,0,
623,Na1,Na1,18.00717,2,-2,4,0,0,
646,Na1,Na1,18.00717,-4,2,4,0,0,
648,Na1,Na1,18.00717,-2,2,4,0,0,
1387,Cl2,Cl2,18.00717,2,-2,-4,0,0,
1389,Cl2,Cl2,18.00717,4,-2,-4,0,0,
1412,Cl2,Cl2,18.00717,-2,2,-4,0,0,
1418,Cl2,Cl2,18.00717,4,2,-4,0,0,
1425,Cl2,Cl2,18.00717,-2,4,-4,0,0,
1429,Cl2,Cl2,18.00717,2,4,-4,0,0,
1496,Cl2,Cl2,18.00717,2,-4,-2,0,0,
1498,Cl2,Cl2,18.00717,4,-4,-2,0,0,
1541,Cl2,Cl2,18.00717,-4,2,-2,0,0,
1549,Cl2,Cl2,18.00717,4,2,-2,0,0,
1558,Cl2,Cl2,18.00717,-4,4,-2,0,0,
1564,Cl2,Cl2,18.00717,2,4,-2,0,0,
1829,Cl2,Cl2,18.00717,-2,-4,2,0,0,
1835,Cl2,Cl2,18.00717,4,-4,2,0,0,
1844,Cl2,Cl2,18.00717,-4,-2,2,0,0,
1852,Cl2,Cl2,18.00717,4,-2,2,0,0,
1895,Cl2,Cl2,18.00717,-4,4,2,0,0,
1897,Cl2,Cl2,18.00717,-2,4,2,0,0,
1964,Cl2,Cl2,18.00717,-2,-4,4,0,0,
1968,Cl2,Cl2,18.00717,2,-4,4,0,0,
1975,Cl2,Cl2,18.00717,-4,-2,4,0,0,
1981,Cl2,Cl2,18.00717,2,-2,4,0,0,
2004,Cl2,Cl2,18.00717,-4,2,4,0,0,
2006,Cl2,Cl2,18.00717,-2,2,4,0,0,
5,Na1,Na1,17.55122,2,0,-5,0,0,
6,Na1,Na1,17.55122,3,0,-5,0,0,
14,Na1,Na1,17.55122,0,2,-5,0,0,
17,Na1,Na1,17.55122,3,2,-5,0,0,
20,Na1,Na1,17.55122,0,3,-5,0,0,
22,Na1,Na1,17.55122,2,3,-5,0,0,
30,Na1,Na1,17.55122,3,-2,-4,0,0,
61,Na1,Na1,17.55122,-2,3,-4,0,0,
66,Na1,Na1,17.55122,3,3,-4,0,0,
77,Na1,Na1,17.55122,2,-3,-3,0,0,
79,Na1,Na1,17.55122,4,-3,-3,0,0,
81,Na1,Na1,17.55122,0,-2,-3,0,0,
86,Na1,Na1,17.55122,5,-2,-3,0,0,
94,Na1,Na1,17.55122,-2,0,-3,0,0,
101,Na1,Na1,17.55122,5,0,-3,0,0,
111,Na1,Na1,17.55122,-3,2,-3,0,0,
118,Na1,Na1,17.55122,4,2,-3,0,0,
126,Na1,Na1,17.55122,-3,4,-3,0,0,
131,Na1,Na1,17.55122,2,4,-3,0,0,
133,Na1,Na1,17.55122,-2,5,-3,0,0,
135,Na1,Na1,17.55122,0,5,-3,0,0,
139,Na1,Na1,17.55122,3,-4,-2,0,0,
142,Na1,Na1,17.55122,0,-3,-2,0,0,
147,Na1,Na1,17.55122,5,-3,-2,0,0,
164,Na1,Na1,17.55122,-3,0,-2,0,0,
172,Na1,Na1,17.55122,5,0,-2,0,0,
192,Na1,Na1,17.55122,-4,3,-2,0,0,
199,Na1,Na1,17.55122,3,3,-2,0,0,
208,Na1,Na1,17.55122,-3,5,-2,0,0,
211,Na1,Na1,17.55122,0,5,-2,0,0,
298,Na1,Na1,17.55122,2,-5,0,0,0,
299,Na1,Na1,17.55122,3,-5,0,0,0,
308,Na1,Na1,17.55122,-2,-3,0,0,0,
315,Na1,Na1,17.55122,5,-3,0,0,0,
316,Na1,Na1,17.55122,-3,-2,0,0,0,
324,Na1,Na1,17.55122,5,-2,0,0,0,
353,Na1,Na1,17.55122,-5,2,0,0,0,
361,Na1,Na1,17.55122,3,2,0,0,0,
362,Na1,Na1,17.55122,-5,3,0,0,0,
369,Na1,Na1,17.55122,2,3,0,0,0,
378,Na1,Na1,17.55122,-3,5,0,0,0,
379,Na1,Na1,17.55122,-2,5,0,0,0,
466,Na1,Na1,17.55122,0,-5,2,0,0,
469,Na1,Na1,17.55122,3,-5,2,0,0,
478,Na1,Na1,17.55122,-3,-3,2,0,0,
485,Na1,Na1,17.55122,4,-3,2,0,0,
505,Na1,Na1,17.55122,-5,0,2,0,0,
513,Na1,Na1,17.55122,3,0,2,0,0,
530,Na1,Na1,17.55122,-5,3,2,0,0,
535,Na1,Na1,17.55122,0,3,2,0,0,
538,Na1,Na1,17.55122,-3,4,2,0,0,
542,Na1,Na1,17.55122,0,-5,3,0,0,
544,Na1,Na1,17.55122,2,-5,3,0,0,
546,Na1,Na1,17.55122,-2,-4,3,0,0,
551,Na1,Na1,17.55122,3,-4,3,0,0,
559,Na1,Na1,17.55122,-4,-2,3,0,0,
566,Na1,Na1,17.55122,3,-2,3,0,0,
576,Na1,Na1,17.55122,-5,0,3,0,0,
583,Na1,Na1,17.55122,2,0,3,0,0,
591,Na1,Na1,17.55122,-5,2,3,0,0,
596,Na1,Na1,17.55122,0,2,3,0,0,
598,Na1,Na1,17.55122,-4,3,3,0,0,
600,Na1,Na1,17.55122,-2,3,3,0,0,
611,Na1,Na1,17.55122,-3,-3,4,0,0,
616,Na1,Na1,17.55122,2,-3,4,0,0,
647,Na1,Na1,17.55122,-3,2,4,0,0,
655,Na1,Na1,17.55122,-2,-3,5,0,0,
657,Na1,Na1,17.55122,0,-3,5,0,0,
660,Na1,Na1,17.55122,-3,-2,5,0,0,
663,Na1,Na1,17.55122,0,-2,5,0,0,
671,Na1,Na1,17.55122,-3,0,5,0,0,
672,Na1,Na1,17.55122,-2,0,5,0,0,
1363,Cl2,Cl2,17.55122,2,0,-5,0,0,
1364,Cl2,Cl2,17.55122,3,0,-5,0,0,
1372,Cl2,Cl2,17.55122,0,2,-5,0,0,
1375,Cl2,Cl2,17.55122,3,2,-5,0,0,
1378,Cl2,Cl2,17.55122,0,3,-5,0,0,
1380,Cl2,Cl2,17.55122,2,3,-5,0,0,
1388,Cl2,Cl2,17.55122,3,-2,-4,0,0,
1419,Cl2,Cl2,17.55122,-2,3,-4,0,0,
1424,Cl2,Cl2,17.55122,3,3,-4,0,0,
1435,Cl2,Cl2,17.55122,2,-3,-3,0,0,
1437,Cl2,Cl2,17.55122,4,-3,-3,0,0,
1439,Cl2,Cl2,17.55122,0,-2,-3,0,0,
1444,Cl2,Cl2,17.55122,5,-2,-3,0,0,
1452,Cl2,Cl2,17.55122,-2,0,-3,0,0,
1459,Cl2,Cl2,17.55122,5,0,-3,0,0,
1469,Cl2,Cl2,17.55122,-3,2,-3,0,0,
1476,Cl2,Cl2,17.55122,4,2,-3,0,0,
1484,Cl2,Cl2,17.55122,-3,4,-3,0,0,
1489,Cl2,Cl2,17.55122,2,4,-3,0,0,
1491,Cl2,Cl2,17.55122,-2,5,-3,0,0,
1493,Cl2,Cl2,17.55122,0,5,-3,0,0,
1497,Cl2,Cl2,17.55122,3,-4,-2,0,0,
1500,Cl2,Cl2,17.55122,0,-3,-2,0,0,
1505,Cl2,Cl2,17.55122,5,-3,-2,0,0,
1522,Cl2,Cl2,17.55122,-3,0,-2,0,0,
1530,Cl2,Cl2,17.55122,5,0,-2,0,0,
1550,Cl2,Cl2,17.55122,-4,3,-2,0,0,
1557,Cl2,Cl2,17.55122,3,3,-2,0,0,
1566,Cl2,Cl2,17.55122,-3,5,-2,0,0,
1569,Cl2,Cl2,17.55122,0,5,-2,0,0,
1656,Cl2,Cl2,17.55122,2,-5,0,0,0,
1657,Cl2,Cl2,17.55122,3,-5,0,0,0,
1666,Cl2,Cl2,17.55122,-2,-3,0,0,0,
1673,Cl2,Cl2,17.55122,5,-3,0,0,0,
1674,Cl2,Cl2,17.55122,-3,-2,0,0,0,
1682,Cl2,Cl2,17.55122,5,-2,0,0,0,
1711,Cl2,Cl2,17.55122,-5,2,0,0,0,
1719,Cl2,Cl2,17.55122,3,2,0,0,0,
1720,Cl2,Cl2,17.55122,-5,3,0,0,0,
1727,Cl2,Cl2,17.55122,2,3,0,0,0,
1736,Cl2,Cl2,17.55122,-3,5,0,0,0,
1737,Cl2,Cl2,17.55122,-2,5,0,0,0,
1824,Cl2,Cl2,17.55122,0,-5,2,0,0,
1827,Cl2,Cl2,17.55122,3,-5,2,0,0,
1836,Cl2,Cl2,17.55122,-3,-3,2,0,0,
1843,Cl2,Cl2,17.55122,4,-3,2,0,0,
1863,Cl2,Cl2,17.55122,-5,0,2,0,0,
1871,Cl2,Cl2,17.55122,3,0,2,0,0,
1888,Cl2,Cl2,17.55122,-5,3,2,0,0,
1893,Cl2,Cl2,17.55122,0,3,2,0,0,
1896,Cl2,Cl2,17.55122,-3,4,2,0,0,
1900,Cl2,Cl2,17.55122,0,-5,3,0,0,
1902,Cl2,Cl2,17.55122,2,-5,3,0,0,
1904,Cl2,Cl2,17.55122,-2,-4,3,0,0,
1909,Cl2,Cl2,17.55122,3,-4,3,0,0,
1917,Cl2,Cl2,17.55122,-4,-2,3,0,0,
1924,Cl2,Cl2,17.55122,3,-2,3,0,0,
1934,Cl2,Cl2,17.55122,-5,0,3,0,0,
1941,Cl2,Cl2,17.55122,2,0,3,0,0,
1949,Cl2,Cl2,17.55122,-5,2,3,0,0,
1954,Cl2,Cl2,17.55122,0,2,3,0,0,
1956,Cl2,Cl2,17.55122,-4,3,3,0,0,
1958,Cl2,Cl2,17.55122,-2,3,3,0,0,
1969,Cl2,Cl2,17.55122,-3,-3,4,0,0,
1974,Cl2,Cl2,17.55122,2,-3,4,0,0,
2005,Cl2,Cl2,17.55122,-3,2,4,0,0,
2013,Cl2,Cl2,17.55122,-2,-3,5,0,0,
2015,Cl2,Cl2,17.55122,0,-3,5,0,0,
2018,Cl2,Cl2,17.55122,-3,-2,5,0,0,
2021,Cl2,Cl2,17.55122,0,-2,5,0,0,
2029,Cl2,Cl2,17.55122,-3,0,5,0,0,
2030,Cl2,Cl2,17.55122,-2,0,5,0,0,
717,Na1,Cl2,17.31874,2,-3,-4,0,0,
718,Na1,Cl2,17.31874,3,-3,-4,0,0,
753,Na1,Cl2,17.31874,-3,2,-4,0,0,
759,Na1,Cl2,17.31874,3,2,-4,0,0,
761,Na1,Cl2,17.31874,-3,3,-4,0,0,
766,Na1,Cl2,17.31874,2,3,-4,0,0,
779,Na1,Cl2,17.31874,2,-4,-3,0,0,
780,Na1,Cl2,17.31874,3,-4,-3,0,0,
826,Na1,Cl2,17.31874,-4,2,-3,0,0,
833,Na1,Cl2,17.31874,3,2,-3,0,0,
834,Na1,Cl2,17.31874,-4,3,-3,0,0,
840,Na1,Cl2,17.31874,2,3,-3,0,0,
1190,Na1,Cl2,17.31874,-3,-4,2,0,0,
1196,Na1,Cl2,17.31874,3,-4,2,0,0,
1197,Na1,Cl2,17.31874,-4,-3,2,0,0,
1204,Na1,Cl2,17.31874,3,-3,2,0,0,
1245,Na1,Cl2,17.31874,-4,3,2,0,0,
1246,Na1,Cl2,17.31874,-3,3,2,0,0,
1255,Na1,Cl2,17.31874,-3,-4,3,0,0,
1260,Na1,Cl2,17.31874,2,-4,3,0,0,
1262,Na1,Cl2,17.31874,-4,-3,3,0,0,
1268,Na1,Cl2,17.31874,2,-3,3,0,0,
1299,Na1,Cl2,17.31874,-4,2,3,0,0,
1300,Na1,Cl2,17.31874,-3,2,3,0,0,
9,Na1,Na1,17.0831,1,1,-5,0,0,
11,Na1,Na1,17.0831,3,1,-5,0,0,
21,Na1,Na1,17.0831,1,3,-5,0,0,
78,Na1,Na1,17.0831,3,-3,-3,0,0,
87,Na1,Na1,17.0831,-1,-1,-3,0,0,
93,Na1,Na1,17.0831,5,-1,-3,0,0,
119,Na1,Na1,17.0831,-3,3,-3,0,0,
125,Na1,Na1,17.0831,3,3,-3,0,0,
134,Na1,Na1,17.0831,-1,5,-3,0,0,
222,Na1,Na1,17.0831,-1,-3,-1,0,0,
228,Na1,Na1,17.0831,5,-3,-1,0,0,
237,Na1,Na1,17.0831,-3,-1,-1,0,0,
245,Na1,Na1,17.0831,5,-1,-1,0,0,
293,Na1,Na1,17.0831,-3,5,-1,0,0,
295,Na1,Na1,17.0831,-1,5,-1,0,0,
382,Na1,Na1,17.0831,1,-5,1,0,0,
384,Na1,Na1,17.0831,3,-5,1,0,0,
432,Na1,Na1,17.0831,-5,1,1,0,0,
440,Na1,Na1,17.0831,3,1,1,0,0,
449,Na1,Na1,17.0831,-5,3,1,0,0,
455,Na1,Na1,17.0831,1,3,1,0,0,
543,Na1,Na1,17.0831,1,-5,3,0,0,
552,Na1,Na1,17.0831,-3,-3,3,0,0,
558,Na1,Na1,17.0831,3,-3,3,0,0,
584,Na1,Na1,17.0831,-5,1,3,0,0,
590,Na1,Na1,17.0831,1,1,3,0,0,
599,Na1,Na1,17.0831,-3,3,3,0,0,
656,Na1,Na1,17.0831,-1,-3,5,0,0,
666,Na1,Na1,17.0831,-3,-1,5,0,0,
668,Na1,Na1,17.0831,-1,-1,5,0,0,
1367,Cl2,Cl2,17.0831,1,1,-5,0,0,
1369,Cl2,Cl2,17.0831,3,1,-5,0,0,
1379,Cl2,Cl2,17.0831,1,3,-5,0,0,
1436,Cl2,Cl2,17.0831,3,-3,-3,0,0,
1445,Cl2,Cl2,17.0831,-1,-1,-3,0,0,
1451,Cl2,Cl2,17.0831,5,-1,-3,0,0,
1477,Cl2,Cl2,17.0831,-3,3,-3,0,0,
1483,Cl2,Cl2,17.0831,3,3,-3,0,0,
1492,Cl2,Cl2,17.0831,-1,5,-3,0,0,
1580,Cl2,Cl2,17.0831,-1,-3,-1,0,0,
1586,Cl2,Cl2,17.0831,5,-3,-1,0,0,
1595,Cl2,Cl2,17.0831,-3,-1,-1,0,0,
1603,Cl2,Cl2,17.0831,5,-1,-1,0,0,
1651,Cl2,Cl2,17.0831,-3,5,-1,0,0,
1653,Cl2,Cl2,17.0831,-1,5,-1,0,0,
1740,Cl2,Cl2,17.0831,1,-5,1,0,0,
1742,Cl2,Cl2,17.0831,3,-5,1,0,0,
1790,Cl2,Cl2,17.0831,-5,1,1,0,0,
1798,Cl2,Cl2,17.0831,3,1,1,0,0,
1807,Cl2,Cl2,17.0831,-5,3,1,0,0,
1813,Cl2,Cl2,17.0831,1,3,1,0,0,
1901,Cl2,Cl2,17.0831,1,-5,3,0,0,
1910,Cl2,Cl2,17.0831,-3,-3,3,0,0,
1916,Cl2,Cl2,17.0831,3,-3,3,0,0,
1942,Cl2,Cl2,17.0831,-5,1,3,0,0,
1948,Cl2,Cl2,17.0831,1,1,3,0,0,
1957,Cl2,Cl2,17.0831,-3,3,3,0,0,
2014,Cl2,Cl2,17.0831,-1,-3,5,0,0,
2024,Cl2,Cl2,17.0831,-3,-1,5,0,0,
2026,Cl2,Cl2,17.0831,-1,-1,5,0,0,
682,Na1,Cl2,16.84417,1,-1,-5,0,0,
684,Na1,Cl2,16.84417,3,-1,-5,0,0,
693,Na1,Cl2,16.84417,-1,1,-5,0,0,
697,Na1,Cl2,16.84417,3,1,-5,0,0,
706,Na1,Cl2,16.84417,-1,3,-5,0,0,
708,Na1,Cl2,16.84417,1,3,-5,0,0,
722,Na1,Cl2,16.84417,0,-2,-4,0,0,
726,Na1,Cl2,16.84417,4,-2,-4,0,0,
737,Na1,Cl2,16.84417,-2,0,-4,0,0,
743,Na1,Cl2,16.84417,4,0,-4,0,0,
769,Na1,Cl2,16.84417,-2,4,-4,0,0,
771,Na1,Cl2,16.84417,0,4,-4,0,0,
857,Na1,Cl2,16.84417,0,-4,-2,0,0,
861,Na1,Cl2,16.84417,4,-4,-2,0,0,
890,Na1,Cl2,16.84417,-4,0,-2,0,0,
898,Na1,Cl2,16.84417,4,0,-2,0,0,
927,Na1,Cl2,16.84417,-4,4,-2,0,0,
931,Na1,Cl2,16.84417,0,4,-2,0,0,
938,Na1,Cl2,16.84417,1,-5,-1,0,0,
940,Na1,Cl2,16.84417,3,-5,-1,0,0,
988,Na1,Cl2,16.84417,-5,1,-1,0,0,
996,Na1,Cl2,16.84417,3,1,-1,0,0,
1006,Na1,Cl2,16.84417,-5,3,-1,0,0,
1012,Na1,Cl2,16.84417,1,3,-1,0,0,
1030,Na1,Cl2,16.84417,-2,-4,0,0,0,
1036,Na1,Cl2,16.84417,4,-4,0,0,0,
1048,Na1,Cl2,16.84417,-4,-2,0,0,0,
1056,Na1,Cl2,16.84417,4,-2,0,0,0,
1101,Na1,Cl2,16.84417,-4,4,0,0,0,
1103,Na1,Cl2,16.84417,-2,4,0,0,0,
1108,Na1,Cl2,16.84417,-1,-5,1,0,0,
1112,Na1,Cl2,16.84417,3,-5,1,0,0,
1141,Na1,Cl2,16.84417,-5,-1,1,0,0,
1149,Na1,Cl2,16.84417,3,-1,1,0,0,
1174,Na1,Cl2,16.84417,-5,3,1,0,0,
1178,Na1,Cl2,16.84417,-1,3,1,0,0,
1250,Na1,Cl2,16.84417,-1,-5,3,0,0,
1252,Na1,Cl2,16.84417,1,-5,3,0,0,
1277,Na1,Cl2,16.84417,-5,-1,3,0,0,
1283,Na1,Cl2,16.84417,1,-1,3,0,0,
1292,Na1,Cl2,16.84417,-5,1,3,0,0,
1296,Na1,Cl2,16.84417,-1,1,3,0,0,
1309,Na1,Cl2,16.84417,-2,-4,4,0,0,
1311,Na1,Cl2,16.84417,0,-4,4,0,0,
1320,Na1,Cl2,16.84417,-4,-2,4,0,0,
1324,Na1,Cl2,16.84417,0,-2,4,0,0,
1333,Na1,Cl2,16.84417,-4,0,4,0,0,
1335,Na1,Cl2,16.84417,-2,0,4,0,0,
10,Na1,Na1,16.60179,2,1,-5,0,0,
15,Na1,Na1,16.60179,1,2,-5,0,0,
16,Na1,Na1,16.60179,2,2,-5,0,0,
34,Na1,Na1,16.60179,1,-1,-4,0,0,
37,Na1,Na1,16.60179,4,-1,-4,0,0,
47,Na1,Na1,16.60179,-1,1,-4,0,0,
52,Na1,Na1,16.60179,4,1,-4,0,0,
68,Na1,Na1,16.60179,-1,4,-4,0,0,
70,Na1,Na1,16.60179,1,4,-4,0,0,
149,Na1,Na1,16.60179,-1,-2,-2,0,0,
155,Na1,Na1,16.60179,5,-2,-2,0,0,
156,Na1,Na1,16.60179,-2,-1,-2,0,0,
163,Na1,Na1,16.60179,5,-1,-2,0,0,
209,Na1,Na1,16.60179,-2,5,-2,0,0,
210,Na1,Na1,16.60179,-1,5,-2,0,0,
217,Na1,Na1,16.60179,1,-4,-1,0,0,
220,Na1,Na1,16.60179,4,-4,-1,0,0,
229,Na1,Na1,16.60179,-2,-2,-1,0,0,
236,Na1,Na1,16.60179,5,-2,-1,0,0,
256,Na1,Na1,16.60179,-4,1,-1,0,0,
264,Na1,Na1,16.60179,4,1,-1,0,0,
285,Na1,Na1,16.60179,-4,4,-1,0,0,
290,Na1,Na1,16.60179,1,4,-1,0,0,
294,Na1,Na1,16.60179,-2,5,-1,0,0,
383,Na1,Na1,16.60179,2,-5,1,0,0,
387,Na1,Na1,16.60179,-1,-4,1,0,0,
392,Na1,Na1,16.60179,4,-4,1,0,0,
413,Na1,Na1,16.60179,-4,-1,1,0,0,
421,Na1,Na1,16.60179,4,-1,1,0,0,
441,Na1,Na1,16.60179,-5,2,1,0,0,
448,Na1,Na1,16.60179,2,2,1,0,0,
457,Na1,Na1,16.60179,-4,4,1,0,0,
460,Na1,Na1,16.60179,-1,4,1,0,0,
467,Na1,Na1,16.60179,1,-5,2,0,0,
468,Na1,Na1,16.60179,2,-5,2,0,0,
514,Na1,Na1,16.60179,-5,1,2,0,0,
521,Na1,Na1,16.60179,2,1,2,0,0,
522,Na1,Na1,16.60179,-5,2,2,0,0,
528,Na1,Na1,16.60179,1,2,2,0,0,
607,Na1,Na1,16.60179,-1,-4,4,0,0,
609,Na1,Na1,16.60179,1,-4,4,0,0,
625,Na1,Na1,16.60179,-4,-1,4,0,0,
630,Na1,Na1,16.60179,1,-1,4,0,0,
640,Na1,Na1,16.60179,-4,1,4,0,0,
643,Na1,Na1,16.60179,-1,1,4,0,0,
661,Na1,Na1,16.60179,-2,-2,5,0,0,
662,Na1,Na1,16.60179,-1,-2,5,0,0,
667,Na1,Na1,16.60179,-2,-1,5,0,0,
1368,Cl2,Cl2,16.60179,2,1,-5,0,0,
1373,Cl2,Cl2,16.60179,1,2,-5,0,0,
1374,Cl2,Cl2,16.60179,2,2,-5,0,0,
1392,Cl2,Cl2,16.60179,1,-1,-4,0,0,
1395,Cl2,Cl2,16.60179,4,-1,-4,0,0,
1405,Cl2,Cl2,16.60179,-1,1,-4,0,0,
1410,Cl2,Cl2,16.60179,4,1,-4,0,0,
1426,Cl2,Cl2,16.60179,-1,4,-4,0,0,
1428,Cl2,Cl2,16.60179,1,4,-4,0,0,
1507,Cl2,Cl2,16.60179,-1,-2,-2,0,0,
1513,Cl2,Cl2,16.60179,5,-2,-2,0,0,
1514,Cl2,Cl2,16.60179,-2,-1,-2,0,0,
1521,Cl2,Cl2,16.60179,5,-1,-2,0,0,
1567,Cl2,Cl2,16.60179,-2,5,-2,0,0,
1568,Cl2,Cl2,16.60179,-1,5,-2,0,0,
1575,Cl2,Cl2,16.60179,1,-4,-1,0,0,
1578,Cl2,Cl2,16.60179,4,-4,-1,0,0,
1587,Cl2,Cl2,16.60179,-2,-2,-1,0,0,
1594,Cl2,Cl2,16.60179,5,-2,-1,0,0,
1614,Cl2,Cl2,16.60179,-4,1,-1,0,0,
1622,Cl2,Cl2,16.60179,4,1,-1,0,0,
1643,Cl2,Cl2,16.60179,-4,4,-1,0,0,
1648,Cl2,Cl2,16.60179,1,4,-1,0,0,
1652,Cl2,Cl2,16.60179,-2,5,-1,0,0,
1741,Cl2,Cl2,16.60179,2,-5,1,0,0,
1745,Cl2,Cl2,16.60179,-1,-4,1,0,0,
1750,Cl2,Cl2,16.60179,4,-4,1,0,0,
1771,Cl2,Cl2,16.60179,-4,-1,1,0,0,
1779,Cl2,Cl2,16.60179,4,-1,1,0,0,
1799,Cl2,Cl2,16.60179,-5,2,1,0,0,
1806,Cl2,Cl2,16.60179,2,2,1,0,0,
1815,Cl2,Cl2,16.60179,-4,4,1,0,0,
1818,Cl2,Cl2,16.60179,-1,4,1,0,0,
1825,Cl2,Cl2,16.60179,1,-5,2,0,0,
1826,Cl2,Cl2,16.60179,2,-5,2,0,0,
1872,Cl2,Cl2,16.60179,-5,1,2,0,0,
1879,Cl2,Cl2,16.60179,2,1,2,0,0,
1880,Cl2,Cl2,16.60179,-5,2,2,0,0,
1886,Cl2,Cl2,16.60179,1,2,2,0,0,
1965,Cl2,Cl2,16.60179,-1,-4,4,0,0,
1967,Cl2,Cl2,16.60179,1,-4,4,0,0,
1983,Cl2,Cl2,16.60179,-4,-1,4,0,0,
1988,Cl2,Cl2,16.60179,1,-1,4,0,0,
1998,Cl2,Cl2,16.60179,-4,1,4,0,0,
2001,Cl2,Cl2,16.60179,-1,1,4,0,0,
2019,Cl2,Cl2,16.60179,-2,-2,5,0,0,
2020,Cl2,Cl2,16.60179,-1,-2,5,0,0,
2025,Cl2,Cl2,16.60179,-2,-1,5,0,0,
683,Na1,Cl2,16.35582,2,-1,-5,0,0,
687,Na1,Cl2,16.35582,0,0,-5,0,0,
690,Na1,Cl2,16.35582,3,0,-5,0,0,
700,Na1,Cl2,16.35582,-1,2,-5,0,0,
703,Na1,Cl2,16.35582,2,2,-5,0,0,
707,Na1,Cl2,16.35582,0,3,-5,0,0,
729,Na1,Cl2,16.35582,-1,-1,-4,0,0,
734,Na1,Cl2,16.35582,4,-1,-4,0,0,
770,Na1,Cl2,16.35582,-1,4,-4,0,0,
784,Na1,Cl2,16.35582,0,-3,-3,0,0,
788,Na1,Cl2,16.35582,4,-3,-3,0,0,
808,Na1,Cl2,16.35582,-3,0,-3,0,0,
815,Na1,Cl2,16.35582,4,0,-3,0,0,
842,Na1,Cl2,16.35582,-3,4,-3,0,0,
845,Na1,Cl2,16.35582,0,4,-3,0,0,
939,Na1,Cl2,16.35582,2,-5,-1,0,0,
943,Na1,Cl2,16.35582,-1,-4,-1,0,0,
948,Na1,Cl2,16.35582,4,-4,-1,0,0,
969,Na1,Cl2,16.35582,-4,-1,-1,0,0,
977,Na1,Cl2,16.35582,4,-1,-1,0,0,
997,Na1,Cl2,16.35582,-5,2,-1,0,0,
1004,Na1,Cl2,16.35582,2,2,-1,0,0,
1015,Na1,Cl2,16.35582,-4,4,-1,0,0,
1018,Na1,Cl2,16.35582,-1,4,-1,0,0,
1024,Na1,Cl2,16.35582,0,-5,0,0,0,
1027,Na1,Cl2,16.35582,3,-5,0,0,0,
1039,Na1,Cl2,16.35582,-3,-3,0,0,0,
1046,Na1,Cl2,16.35582,4,-3,0,0,0,
1067,Na1,Cl2,16.35582,-5,0,0,0,0,
1075,Na1,Cl2,16.35582,3,0,0,0,0,
1093,Na1,Cl2,16.35582,-5,3,0,0,0,
1098,Na1,Cl2,16.35582,0,3,0,0,0,
1102,Na1,Cl2,16.35582,-3,4,0,0,0,
1185,Na1,Cl2,16.35582,-1,-5,2,0,0,
1188,Na1,Cl2,16.35582,2,-5,2,0,0,
1214,Na1,Cl2,16.35582,-5,-1,2,0,0,
1221,Na1,Cl2,16.35582,2,-1,2,0,0,
1238,Na1,Cl2,16.35582,-5,2,2,0,0,
1242,Na1,Cl2,16.35582,-1,2,2,0,0,
1251,Na1,Cl2,16.35582,0,-5,3,0,0,
1285,Na1,Cl2,16.35582,-5,0,3,0,0,
1290,Na1,Cl2,16.35582,0,0,3,0,0,
1310,Na1,Cl2,16.35582,-1,-4,4,0,0,
1314,Na1,Cl2,16.35582,-3,-3,4,0,0,
1317,Na1,Cl2,16.35582,0,-3,4,0,0,
1327,Na1,Cl2,16.35582,-4,-1,4,0,0,
1330,Na1,Cl2,16.35582,-1,-1,4,0,0,
1334,Na1,Cl2,16.35582,-3,0,4,0,0,
40,Na1,Na1,16.1061,0,0,-4,0,0,
44,Na1,Na1,16.1061,4,0,-4,0,0,
69,Na1,Na1,16.1061,0,4,-4,0,0,
302,Na1,Na1,16.1061,0,-4,0,0,0,
306,Na1,Na1,16.1061,4,-4,0,0,0,
335,Na1,Na1,16.1061,-4,0,0,0,0,
342,Na1,Na1,16.1061,4,0,0,0,0,
371,Na1,Na1,16.1061,-4,4,0,0,0,
375,Na1,Na1,16.1061,0,4,0,0,0,
608,Na1,Na1,16.1061,0,-4,4,0,0,
633,Na1,Na1,16.1061,-4,0,4,0,0,
637,Na1,Na1,16.1061,0,0,4,0,0,
1398,Cl2,Cl2,16.1061,0,0,-4,0,0,
1402,Cl2,Cl2,16.1061,4,0,-4,0,0,
1427,Cl2,Cl2,16.1061,0,4,-4,0,0,
1660,Cl2,Cl2,16.1061,0,-4,0,0,0,
1664,Cl2,Cl2,16.1061,4,-4,0,0,0,
1693,Cl2,Cl2,16.1061,-4,0,0,0,0,
1700,Cl2,Cl2,16.1061,4,0,0,0,0,
1729,Cl2,Cl2,16.1061,-4,4,0,0,0,
1733,Cl2,Cl2,16.1061,0,4,0,0,0,
1966,Cl2,Cl2,16.1061,0,-4,4,0,0,
1991,Cl2,Cl2,16.1061,-4,0,4,0,0,
1995,Cl2,Cl2,16.1061,0,0,4,0,0,
35,Na1,Na1,15.59467,2,-1,-4,0,0,
36,Na1,Na1,15.59467,3,-1,-4,0,0,
55,Na1,Na1,15.59467,-1,2,-4,0,0,
59,Na1,Na1,15.59467,3,2,-4,0,0,
62,Na1,Na1,15.59467,-1,3,-4,0,0,
65,Na1,Na1,15.59467,2,3,-4,0,0,
82,Na1,Na1,15.59467,1,-2,-3,0,0,
85,Na1,Na1,15.59467,4,-2,-3,0,0,
103,Na1,Na1,15.59467,-2,1,-3,0,0,
109,Na1,Na1,15.59467,4,1,-3,0,0,
127,Na1,Na1,15.59467,-2,4,-3,0,0,
130,Na1,Na1,15.59467,1,4,-3,0,0,
143,Na1,Na1,15.59467,1,-3,-2,0,0,
146,Na1,Na1,15.59467,4,-3,-2,0,0,
174,Na1,Na1,15.59467,-3,1,-2,0,0,
181,Na1,Na1,15.59467,4,1,-2,0,0,
201,Na1,Na1,15.59467,-3,4,-2,0,0,
205,Na1,Na1,15.59467,1,4,-2,0,0,
218,Na1,Na1,15.59467,2,-4,-1,0,0,
219,Na1,Na1,15.59467,3,-4,-1,0,0,
266,Na1,Na1,15.59467,-4,2,-1,0,0,
273,Na1,Na1,15.59467,3,2,-1,0,0,
276,Na1,Na1,15.59467,-4,3,-1,0,0,
282,Na1,Na1,15.59467,2,3,-1,0,0,
395,Na1,Na1,15.59467,-2,-3,1,0,0,
401,Na1,Na1,15.59467,4,-3,1,0,0,
404,Na1,Na1,15.59467,-3,-2,1,0,0,
411,Na1,Na1,15.59467,4,-2,1,0,0,
458,Na1,Na1,15.59467,-3,4,1,0,0,
459,Na1,Na1,15.59467,-2,4,1,0,0,
472,Na1,Na1,15.59467,-1,-4,2,0,0,
476,Na1,Na1,15.59467,3,-4,2,0,0,
496,Na1,Na1,15.59467,-4,-1,2,0,0,
503,Na1,Na1,15.59467,3,-1,2,0,0,
531,Na1,Na1,15.59467,-4,3,2,0,0,
534,Na1,Na1,15.59467,-1,3,2,0,0,
547,Na1,Na1,15.59467,-1,-4,3,0,0,
550,Na1,Na1,15.59467,2,-4,3,0,0,
568,Na1,Na1,15.59467,-4,-1,3,0,0,
574,Na1,Na1,15.59467,2,-1,3,0,0,
592,Na1,Na1,15.59467,-4,2,3,0,0,
595,Na1,Na1,15.59467,-1,2,3,0,0,
612,Na1,Na1,15.59467,-2,-3,4,0,0,
615,Na1,Na1,15.59467,1,-3,4,0,0,
618,Na1,Na1,15.59467,-3,-2,4,0,0,
622,Na1,Na1,15.59467,1,-2,4,0,0,
641,Na1,Na1,15.59467,-3,1,4,0,0,
642,Na1,Na1,15.59467,-2,1,4,0,0,
1393,Cl2,Cl2,15.59467,2,-1,-4,0,0,
1394,Cl2,Cl2,15.59467,3,-1,-4,0,0,
1413,Cl2,Cl2,15.59467,-1,2,-4,0,0,
1417,Cl2,Cl2,15.59467,3,2,-4,0,0,
1420,Cl2,Cl2,15.59467,-1,3,-4,0,0,
1423,Cl2,Cl2,15.59467,2,3,-4,0,0,
1440,Cl2,Cl2,15.59467,1,-2,-3,0,0,
1443,Cl2,Cl2,15.59467,4,-2,-3,0,0,
1461,Cl2,Cl2,15.59467,-2,1,-3,0,0,
1467,Cl2,Cl2,15.59467,4,1,-3,0,0,
1485,Cl2,Cl2,15.59467,-2,4,-3,0,0,
1488,Cl2,Cl2,15.59467,1,4,-3,0,0,
1501,Cl2,Cl2,15.59467,1,-3,-2,0,0,
1504,Cl2,Cl2,15.59467,4,-3,-2,0,0,
1532,Cl2,Cl2,15.59467,-3,1,-2,0,0,
1539,Cl2,Cl2,15.59467,4,1,-2,0,0,
1559,Cl2,Cl2,15.59467,-3,4,-2,0,0,
1563,Cl2,Cl2,15.59467,1,4,-2,0,0,
1576,Cl2,Cl2,15.59467,2,-4,-1,0,0,
1577,Cl2,Cl2,15.59467,3,-4,-1,0,0,
1624,Cl2,Cl2,15.59467,-4,2,-1,0,0,
1631,Cl2,Cl2,15.59467,3,2,-1,0,0,
1634,Cl2,Cl2,15.59467,-4,3,-1,0,0,
1640,Cl2,Cl2,15.59467,2,3,-1,0,0,
1753,Cl2,Cl2,15.59467,-2,-3,1,0,0,
1759,Cl2,Cl2,15.59467,4,-3,1,0,0,
1762,Cl2,Cl2,15.59467,-3,-2,1,0,0,
1769,Cl2,Cl2,15.59467,4,-2,1,0,0,
1816,Cl2,Cl2,15.59467,-3,4,1,0,0,
1817,Cl2,Cl2,15.59467,-2,4,1,0,0,
1830,Cl2,Cl2,15.59467,-1,-4,2,0,0,
1834,Cl2,Cl2,15.59467,3,-4,2,0,0,
1854,Cl2,Cl2,15.59467,-4,-1,2,0,0,
1861,Cl2,Cl2,15.59467,3,-1,2,0,0,
1889,Cl2,Cl2,15.59467,-4,3,2,0,0,
1892,Cl2,Cl2,15.59467,-1,3,2,0,0,
1905,Cl2,Cl2,15.59467,-1,-4,3,0,0,
1908,Cl2,Cl2,15.59467,2,-4,3,0,0,
1926,Cl2,Cl2,15.59467,-4,-1,3,0,0,
1932,Cl2,Cl2,15.59467,2,-1,3,0,0,
1950,Cl2,Cl2,15.59467,-4,2,3,0,0,
1953,Cl2,Cl2,15.59467,-1,2,3,0,0,
1970,Cl2,Cl2,15.59467,-2,-3,4,0,0,
1973,Cl2,Cl2,15.59467,1,-3,4,0,0,
1976,Cl2,Cl2,15.59467,-3,-2,4,0,0,
1980,Cl2,Cl2,15.59467,1,-2,4,0,0,
1999,Cl2,Cl2,15.59467,-3,1,4,0,0,
2000,Cl2,Cl2,15.59467,-2,1,4,0,0,
688,Na1,Cl2,15.33255,1,0,-5,0,0,
689,Na1,Cl2,15.33255,2,0,-5,0,0,
694,Na1,Cl2,15.33255,0,1,-5,0,0,
696,Na1,Cl2,15.33255,2,1,-5,0,0,
701,Na1,Cl2,15.33255,0,2,-5,0,0,
702,Na1,Cl2,15.33255,1,2,-5,0,0,
723,Na1,Cl2,15.33255,1,-2,-4,0,0,
725,Na1,Cl2,15.33255,3,-2,-4,0,0,
746,Na1,Cl2,15.33255,-2,1,-4,0,0,
751,Na1,Cl2,15.33255,3,1,-4,0,0,
762,Na1,Cl2,15.33255,-2,3,-4,0,0,
765,Na1,Cl2,15.33255,1,3,-4,0,0,
791,Na1,Cl2,15.33255,-1,-2,-3,0,0,
796,Na1,Cl2,15.33255,4,-2,-3,0,0,
799,Na1,Cl2,15.33255,-2,-1,-3,0,0,
805,Na1,Cl2,15.33255,4,-1,-3,0,0,
843,Na1,Cl2,15.33255,-2,4,-3,0,0,
844,Na1,Cl2,15.33255,-1,4,-3,0,0,
858,Na1,Cl2,15.33255,1,-4,-2,0,0,
860,Na1,Cl2,15.33255,3,-4,-2,0,0,
864,Na1,Cl2,15.33255,-1,-3,-2,0,0,
869,Na1,Cl2,15.33255,4,-3,-2,0,0,
881,Na1,Cl2,15.33255,-3,-1,-2,0,0,
888,Na1,Cl2,15.33255,4,-1,-2,0,0,
900,Na1,Cl2,15.33255,-4,1,-2,0,0,
907,Na1,Cl2,15.33255,3,1,-2,0,0,
919,Na1,Cl2,15.33255,-4,3,-2,0,0,
924,Na1,Cl2,15.33255,1,3,-2,0,0,
928,Na1,Cl2,15.33255,-3,4,-2,0,0,
930,Na1,Cl2,15.33255,-1,4,-2,0,0,
951,Na1,Cl2,15.33255,-2,-3,-1,0,0,
957,Na1,Cl2,15.33255,4,-3,-1,0,0,
960,Na1,Cl2,15.33255,-3,-2,-1,0,0,
967,Na1,Cl2,15.33255,4,-2,-1,0,0,
1016,Na1,Cl2,15.33255,-3,4,-1,0,0,
1017,Na1,Cl2,15.33255,-2,4,-1,0,0,
1025,Na1,Cl2,15.33255,1,-5,0,0,0,
1026,Na1,Cl2,15.33255,2,-5,0,0,0,
1076,Na1,Cl2,15.33255,-5,1,0,0,0,
1083,Na1,Cl2,15.33255,2,1,0,0,0,
1085,Na1,Cl2,15.33255,-5,2,0,0,0,
1091,Na1,Cl2,15.33255,1,2,0,0,0,
1109,Na1,Cl2,15.33255,0,-5,1,0,0,
1111,Na1,Cl2,15.33255,2,-5,1,0,0,
1115,Na1,Cl2,15.33255,-2,-4,1,0,0,
1120,Na1,Cl2,15.33255,3,-4,1,0,0,
1132,Na1,Cl2,15.33255,-4,-2,1,0,0,
1139,Na1,Cl2,15.33255,3,-2,1,0,0,
1150,Na1,Cl2,15.33255,-5,0,1,0,0,
1157,Na1,Cl2,15.33255,2,0,1,0,0,
1167,Na1,Cl2,15.33255,-5,2,1,0,0,
1172,Na1,Cl2,15.33255,0,2,1,0,0,
1175,Na1,Cl2,15.33255,-4,3,1,0,0,
1177,Na1,Cl2,15.33255,-2,3,1,0,0,
1186,Na1,Cl2,15.33255,0,-5,2,0,0,
1187,Na1,Cl2,15.33255,1,-5,2,0,0,
1223,Na1,Cl2,15.33255,-5,0,2,0,0,
1229,Na1,Cl2,15.33255,1,0,2,0,0,
1231,Na1,Cl2,15.33255,-5,1,2,0,0,
1236,Na1,Cl2,15.33255,0,1,2,0,0,
1256,Na1,Cl2,15.33255,-2,-4,3,0,0,
1259,Na1,Cl2,15.33255,1,-4,3,0,0,
1270,Na1,Cl2,15.33255,-4,-2,3,0,0,
1275,Na1,Cl2,15.33255,1,-2,3,0,0,
1293,Na1,Cl2,15.33255,-4,1,3,0,0,
1295,Na1,Cl2,15.33255,-2,1,3,0,0,
1315,Na1,Cl2,15.33255,-2,-3,4,0,0,
1316,Na1,Cl2,15.33255,-1,-3,4,0,0,
1321,Na1,Cl2,15.33255,-3,-2,4,0,0,
1323,Na1,Cl2,15.33255,-1,-2,4,0,0,
1328,Na1,Cl2,15.33255,-3,-1,4,0,0,
1329,Na1,Cl2,15.33255,-2,-1,4,0,0,
695,Na1,Cl2,14.7944,1,1,-5,0,0,
724,Na1,Cl2,14.7944,2,-2,-4,0,0,
754,Na1,Cl2,14.7944,-2,2,-4,0,0,
758,Na1,Cl2,14.7944,2,2,-4,0,0,
785,Na1,Cl2,14.7944,1,-3,-3,0,0,
787,Na1,Cl2,14.7944,3,-3,-3,0,0,
818,Na1,Cl2,14.7944,-3,1,-3,0,0,
824,Na1,Cl2,14.7944,3,1,-3,0,0,
835,Na1,Cl2,14.7944,-3,3,-3,0,0,
839,Na1,Cl2,14.7944,1,3,-3,0,0,
859,Na1,Cl2,14.7944,2,-4,-2,0,0,
872,Na1,Cl2,14.7944,-2,-2,-2,0,0,
878,Na1,Cl2,14.7944,4,-2,-2,0,0,
910,Na1,Cl2,14.7944,-4,2,-2,0,0,
916,Na1,Cl2,14.7944,2,2,-2,0,0,
929,Na1,Cl2,14.7944,-2,4,-2,0,0,
1110,Na1,Cl2,14.7944,1,-5,1,0,0,
1123,Na1,Cl2,14.7944,-3,-3,1,0,0,
1129,Na1,Cl2,14.7944,3,-3,1,0,0,
1159,Na1,Cl2,14.7944,-5,1,1,0,0,
1165,Na1,Cl2,14.7944,1,1,1,0,0,
1176,Na1,Cl2,14.7944,-3,3,1,0,0,
1191,Na1,Cl2,14.7944,-2,-4,2,0,0,
1195,Na1,Cl2,14.7944,2,-4,2,0,0,
1206,Na1,Cl2,14.7944,-4,-2,2,0,0,
1212,Na1,Cl2,14.7944,2,-2,2,0,0,
1239,Na1,Cl2,14.7944,-4,2,2,0,0,
1241,Na1,Cl2,14.7944,-2,2,2,0,0,
1263,Na1,Cl2,14.7944,-3,-3,3,0,0,
1267,Na1,Cl2,14.7944,1,-3,3,0,0,
1294,Na1,Cl2,14.7944,-3,1,3,0,0,
1322,Na1,Cl2,14.7944,-2,-2,4,0,0,
41,Na1,Na1,14.51784,1,0,-4,0,0,
43,Na1,Na1,14.51784,3,0,-4,0,0,
48,Na1,Na1,14.51784,0,1,-4,0,0,
51,Na1,Na1,14.51784,3,1,-4,0,0,
63,Na1,Na1,14.51784,0,3,-4,0,0,
64,Na1,Na1,14.51784,1,3,-4,0,0,
83,Na1,Na1,14.51784,2,-2,-3,0,0,
84,Na1,Na1,14.51784,3,-2,-3,0,0,
88,Na1,Na1,14.51784,0,-1,-3,0,0,
92,Na1,Na1,14.51784,4,-1,-3,0,0,
95,Na1,Na1,14.51784,-1,0,-3,0,0,
100,Na1,Na1,14.51784,4,0,-3,0,0,
112,Na1,Na1,14.51784,-2,2,-3,0,0,
117,Na1,Na1,14.51784,3,2,-3,0,0,
120,Na1,Na1,14.51784,-2,3,-3,0,0,
124,Na1,Na1,14.51784,2,3,-3,0,0,
128,Na1,Na1,14.51784,-1,4,-3,0,0,
129,Na1,Na1,14.51784,0,4,-3,0,0,
144,Na1,Na1,14.51784,2,-3,-2,0,0,
145,Na1,Na1,14.51784,3,-3,-2,0,0,
184,Na1,Na1,14.51784,-3,2,-2,0,0,
190,Na1,Na1,14.51784,3,2,-2,0,0,
193,Na1,Na1,14.51784,-3,3,-2,0,0,
198,Na1,Na1,14.51784,2,3,-2,0,0,
223,Na1,Na1,14.51784,0,-3,-1,0,0,
227,Na1,Na1,14.51784,4,-3,-1,0,0,
247,Na1,Na1,14.51784,-3,0,-1,0,0,
254,Na1,Na1,14.51784,4,0,-1,0,0,
286,Na1,Na1,14.51784,-3,4,-1,0,0,
289,Na1,Na1,14.51784,0,4,-1,0,0,
303,Na1,Na1,14.51784,1,-4,0,0,0,
305,Na1,Na1,14.51784,3,-4,0,0,0,
309,Na1,Na1,14.51784,-1,-3,0,0,0,
314,Na1,Na1,14.51784,4,-3,0,0,0,
326,Na1,Na1,14.51784,-3,-1,0,0,0,
333,Na1,Na1,14.51784,4,-1,0,0,0,
344,Na1,Na1,14.51784,-4,1,0,0,0,
351,Na1,Na1,14.51784,3,1,0,0,0,
363,Na1,Na1,14.51784,-4,3,0,0,0,
368,Na1,Na1,14.51784,1,3,0,0,0,
372,Na1,Na1,14.51784,-3,4,0,0,0,
374,Na1,Na1,14.51784,-1,4,0,0,0,
388,Na1,Na1,14.51784,0,-4,1,0,0,
391,Na1,Na1,14.51784,3,-4,1,0,0,
423,Na1,Na1,14.51784,-4,0,1,0,0,
430,Na1,Na1,14.51784,3,0,1,0,0,
450,Na1,Na1,14.51784,-4,3,1,0,0,
454,Na1,Na1,14.51784,0,3,1,0,0,
479,Na1,Na1,14.51784,-2,-3,2,0,0,
484,Na1,Na1,14.51784,3,-3,2,0,0,
487,Na1,Na1,14.51784,-3,-2,2,0,0,
493,Na1,Na1,14.51784,3,-2,2,0,0,
532,Na1,Na1,14.51784,-3,3,2,0,0,
533,Na1,Na1,14.51784,-2,3,2,0,0,
548,Na1,Na1,14.51784,0,-4,3,0,0,
549,Na1,Na1,14.51784,1,-4,3,0,0,
553,Na1,Na1,14.51784,-2,-3,3,0,0,
557,Na1,Na1,14.51784,2,-3,3,0,0,
560,Na1,Na1,14.51784,-3,-2,3,0,0,
565,Na1,Na1,14.51784,2,-2,3,0,0,
577,Na1,Na1,14.51784,-4,0,3,0,0,
582,Na1,Na1,14.51784,1,0,3,0,0,
585,Na1,Na1,14.51784,-4,1,3,0,0,
589,Na1,Na1,14.51784,0,1,3,0,0,
593,Na1,Na1,14.51784,-3,2,3,0,0,
594,Na1,Na1,14.51784,-2,2,3,0,0,
613,Na1,Na1,14.51784,-1,-3,4,0,0,
614,Na1,Na1,14.51784,0,-3,4,0,0,
626,Na1,Na1,14.51784,-3,-1,4,0,0,
629,Na1,Na1,14.51784,0,-1,4,0,0,
634,Na1,Na1,14.51784,-3,0,4,0,0,
636,Na1,Na1,14.51784,-1,0,4,0,0,
1399,Cl2,Cl2,14.51784,1,0,-4,0,0,
1401,Cl2,Cl2,14.51784,3,0,-4,0,0,
1406,Cl2,Cl2,14.51784,0,1,-4,0,0,
1409,Cl2,Cl2,14.51784,3,1,-4,0,0,
1421,Cl2,Cl2,14.51784,0,3,-4,0,0,
1422,Cl2,Cl2,14.51784,1,3,-4,0,0,
1441,Cl2,Cl2,14.51784,2,-2,-3,0,0,
1442,Cl2,Cl2,14.51784,3,-2,-3,0,0,
1446,Cl2,Cl2,14.51784,0,-1,-3,0,0,
1450,Cl2,Cl2,14.51784,4,-1,-3,0,0,
1453,Cl2,Cl2,14.51784,-1,0,-3,0,0,
1458,Cl2,Cl2,14.51784,4,0,-3,0,0,
1470,Cl2,Cl2,14.51784,-2,2,-3,0,0,
1475,Cl2,Cl2,14.51784,3,2,-3,0,0,
1478,Cl2,Cl2,14.51784,-2,3,-3,0,0,
1482,Cl2,Cl2,14.51784,2,3,-3,0,0,
1486,Cl2,Cl2,14.51784,-1,4,-3,0,0,
1487,Cl2,Cl2,14.51784,0,4,-3,0,0,
1502,Cl2,Cl2,14.51784,2,-3,-2,0,0,
1503,Cl2,Cl2,14.51784,3,-3,-2,0,0,
1542,Cl2,Cl2,14.51784,-3,2,-2,0,0,
1548,Cl2,Cl2,14.51784,3,2,-2,0,0,
1551,Cl2,Cl2,14.51784,-3,3,-2,0,0,
1556,Cl2,Cl2,14.51784,2,3,-2,0,0,
1581,Cl2,Cl2,14.51784,0,-3,-1,0,0,
1585,Cl2,Cl2,14.51784,4,-3,-1,0,0,
1605,Cl2,Cl2,14.51784,-3,0,-1,0,0,
1612,Cl2,Cl2,14.51784,4,0,-1,0,0,
1644,Cl2,Cl2,14.51784,-3,4,-1,0,0,
1647,Cl2,Cl2,14.51784,0,4,-1,0,0,
1661,Cl2,Cl2,14.51784,1,-4,0,0,0,
1663,Cl2,Cl2,14.51784,3,-4,0,0,0,
1667,Cl2,Cl2,14.51784,-1,-3,0,0,0,
1672,Cl2,Cl2,14.51784,4,-3,0,0,0,
1684,Cl2,Cl2,14.51784,-3,-1,0,0,0,
1691,Cl2,Cl2,14.51784,4,-1,0,0,0,
1702,Cl2,Cl2,14.51784,-4,1,0,0,0,
1709,Cl2,Cl2,14.51784,3,1,0,0,0,
1721,Cl2,Cl2,14.51784,-4,3,0,0,0,
1726,Cl2,Cl2,14.51784,1,3,0,0,0,
1730,Cl2,Cl2,14.51784,-3,4,0,0,0,
1732,Cl2,Cl2,14.51784,-1,4,0,0,0,
1746,Cl2,Cl2,14.51784,0,-4,1,0,0,
1749,Cl2,Cl2,14.51784,3,-4,1,0,0,
1781,Cl2,Cl2,14.51784,-4,0,1,0,0,
1788,Cl2,Cl2,14.51784,3,0,1,0,0,
1808,Cl2,Cl2,14.51784,-4,3,1,0,0,
1812,Cl2,Cl2,14.51784,0,3,1,0,0,
1837,Cl2,Cl2,14.51784,-2,-3,2,0,0,
1842,Cl2,Cl2,14.51784,3,-3,2,0,0,
1845,Cl2,Cl2,14.51784,-3,-2,2,0,0,
1851,Cl2,Cl2,14.51784,3,-2,2,0,0,
1890,Cl2,Cl2,14.51784,-3,3,2,0,0,
1891,Cl2,Cl2,14.51784,-2,3,2,0,0,
1906,Cl2,Cl2,14.51784,0,-4,3,0,0,
1907,Cl2,Cl2,14.51784,1,-4,3,0,0,
1911,Cl2,Cl2,14.51784,-2,-3,3,0,0,
1915,Cl2,Cl2,14.51784,2,-3,3,0,0,
1918,Cl2,Cl2,14.51784,-3,-2,3,0,0,
1923,Cl2,Cl2,14.51784,2,-2,3,0,0,
1935,Cl2,Cl2,14.51784,-4,0,3,0,0,
1940,Cl2,Cl2,14.51784,1,0,3,0,0,
1943,Cl2,Cl2,14.51784,-4,1,3,0,0,
1947,Cl2,Cl2,14.51784,0,1,3,0,0,
1951,Cl2,Cl2,14.51784,-3,2,3,0,0,
1952,Cl2,Cl2,14.51784,-2,2,3,0,0,
1971,Cl2,Cl2,14.51784,-1,-3,4,0,0,
1972,Cl2,Cl2,14.51784,0,-3,4,0,0,
1984,Cl2,Cl2,14.51784,-3,-1,4,0,0,
1987,Cl2,Cl2,14.51784,0,-1,4,0,0,
1992,Cl2,Cl2,14.51784,-3,0,4,0,0,
1994,Cl2,Cl2,14.51784,-1,0,4,0,0,
730,Na1,Cl2,14.23592,0,-1,-4,0,0,
733,Na1,Cl2,14.23592,3,-1,-4,0,0,
738,Na1,Cl2,14.23592,-1,0,-4,0,0,
742,Na1,Cl2,14.23592,3,0,-4,0,0,
763,Na1,Cl2,14.23592,-1,3,-4,0,0,
764,Na1,Cl2,14.23592,0,3,-4,0,0,
786,Na1,Cl2,14.23592,2,-3,-3,0,0,
827,Na1,Cl2,14.23592,-3,2,-3,0,0,
832,Na1,Cl2,14.23592,2,2,-3,0,0,
944,Na1,Cl2,14.23592,0,-4,-1,0,0,
947,Na1,Cl2,14.23592,3,-4,-1,0,0,
979,Na1,Cl2,14.23592,-4,0,-1,0,0,
986,Na1,Cl2,14.23592,3,0,-1,0,0,
1007,Na1,Cl2,14.23592,-4,3,-1,0,0,
1011,Na1,Cl2,14.23592,0,3,-1,0,0,
1031,Na1,Cl2,14.23592,-1,-4,0,0,0,
1035,Na1,Cl2,14.23592,3,-4,0,0,0,
1058,Na1,Cl2,14.23592,-4,-1,0,0,0,
1065,Na1,Cl2,14.23592,3,-1,0,0,0,
1094,Na1,Cl2,14.23592,-4,3,0,0,0,
1097,Na1,Cl2,14.23592,-1,3,0,0,0,
1198,Na1,Cl2,14.23592,-3,-3,2,0,0,
1203,Na1,Cl2,14.23592,2,-3,2,0,0,
1240,Na1,Cl2,14.23592,-3,2,2,0,0,
1257,Na1,Cl2,14.23592,-1,-4,3,0,0,
1258,Na1,Cl2,14.23592,0,-4,3,0,0,
1278,Na1,Cl2,14.23592,-4,-1,3,0,0,
1282,Na1,Cl2,14.23592,0,-1,3,0,0,
1286,Na1,Cl2,14.23592,-4,0,3,0,0,
1289,Na1,Cl2,14.23592,-1,0,3,0,0,
42,Na1,Na1,13.94829,2,0,-4,0,0,
56,Na1,Na1,13.94829,0,2,-4,0,0,
58,Na1,Na1,13.94829,2,2,-4,0,0,
150,Na1,Na1,13.94829,0,-2,-2,0,0,
154,Na1,Na1,13.94829,4,-2,-2,0,0,
165,Na1,Na1,13.94829,-2,0,-2,0,0,
171,Na1,Na1,13.94829,4,0,-2,0,0,
202,Na1,Na1,13.94829,-2,4,-2,0,0,
204,Na1,Na1,13.94829,0,4,-2,0,0,
304,Na1,Na1,13.94829,2,-4,0,0,0,
317,Na1,Na1,13.94829,-2,-2,0,0,0,
323,Na1,Na1,13.94829,4,-2,0,0,0,
354,Na1,Na1,13.94829,-4,2,0,0,0,
360,Na1,Na1,13.94829,2,2,0,0,0,
373,Na1,Na1,13.94829,-2,4,0,0,0,
473,Na1,Na1,13.94829,0,-4,2,0,0,
475,Na1,Na1,13.94829,2,-4,2,0,0,
506,Na1,Na1,13.94829,-4,0,2,0,0,
512,Na1,Na1,13.94829,2,0,2,0,0,
523,Na1,Na1,13.94829,-4,2,2,0,0,
527,Na1,Na1,13.94829,0,2,2,0,0,
619,Na1,Na1,13.94829,-2,-2,4,0,0,
621,Na1,Na1,13.94829,0,-2,4,0,0,
635,Na1,Na1,13.94829,-2,0,4,0,0,
1400,Cl2,Cl2,13.94829,2,0,-4,0,0,
1414,Cl2,Cl2,13.94829,0,2,-4,0,0,
1416,Cl2,Cl2,13.94829,2,2,-4,0,0,
1508,Cl2,Cl2,13.94829,0,-2,-2,0,0,
1512,Cl2,Cl2,13.94829,4,-2,-2,0,0,
1523,Cl2,Cl2,13.94829,-2,0,-2,0,0,
1529,Cl2,Cl2,13.94829,4,0,-2,0,0,
1560,Cl2,Cl2,13.94829,-2,4,-2,0,0,
1562,Cl2,Cl2,13.94829,0,4,-2,0,0,
1662,Cl2,Cl2,13.94829,2,-4,0,0,0,
1675,Cl2,Cl2,13.94829,-2,-2,0,0,0,
1681,Cl2,Cl2,13.94829,4,-2,0,0,0,
1712,Cl2,Cl2,13.94829,-4,2,0,0,0,
1718,Cl2,Cl2,13.94829,2,2,0,0,0,
1731,Cl2,Cl2,13.94829,-2,4,0,0,0,
1831,Cl2,Cl2,13.94829,0,-4,2,0,0,
1833,Cl2,Cl2,13.94829,2,-4,2,0,0,
1864,Cl2,Cl2,13.94829,-4,0,2,0,0,
1870,Cl2,Cl2,13.94829,2,0,2,0,0,
1881,Cl2,Cl2,13.94829,-4,2,2,0,0,
1885,Cl2,Cl2,13.94829,0,2,2,0,0,
1977,Cl2,Cl2,13.94829,-2,-2,4,0,0,
1979,Cl2,Cl2,13.94829,0,-2,4,0,0,
1993,Cl2,Cl2,13.94829,-2,0,4,0,0,
49,Na1,Na1,13.35447,1,1,-4,0,0,
50,Na1,Na1,13.35447,2,1,-4,0,0,
57,Na1,Na1,13.35447,1,2,-4,0,0,
157,Na1,Na1,13.35447,-1,-1,-2,0,0,
162,Na1,Na1,13.35447,4,-1,-2,0,0,
203,Na1,Na1,13.35447,-1,4,-2,0,0,
230,Na1,Na1,13.35447,-1,-2,-1,0,0,
235,Na1,Na1,13.35447,4,-2,-1,0,0,
238,Na1,Na1,13.35447,-2,-1,-1,0,0,
244,Na1,Na1,13.35447,4,-1,-1,0,0,
287,Na1,Na1,13.35447,-2,4,-1,0,0,
288,Na1,Na1,13.35447,-1,4,-1,0,0,
389,Na1,Na1,13.35447,1,-4,1,0,0,
390,Na1,Na1,13.35447,2,-4,1,0,0,
433,Na1,Na1,13.35447,-4,1,1,0,0,
439,Na1,Na1,13.35447,2,1,1,0,0,
442,Na1,Na1,13.35447,-4,2,1,0,0,
447,Na1,Na1,13.35447,1,2,1,0,0,
474,Na1,Na1,13.35447,1,-4,2,0,0,
515,Na1,Na1,13.35447,-4,1,2,0,0,
520,Na1,Na1,13.35447,1,1,2,0,0,
620,Na1,Na1,13.35447,-1,-2,4,0,0,
627,Na1,Na1,13.35447,-2,-1,4,0,0,
628,Na1,Na1,13.35447,-1,-1,4,0,0,
1407,Cl2,Cl2,13.35447,1,1,-4,0,0,
1408,Cl2,Cl2,13.35447,2,1,-4,0,0,
1415,Cl2,Cl2,13.35447,1,2,-4,0,0,
1515,Cl2,Cl2,13.35447,-1,-1,-2,0,0,
1520,Cl2,Cl2,13.35447,4,-1,-2,0,0,
1561,Cl2,Cl2,13.35447,-1,4,-2,0,0,
1588,Cl2,Cl2,13.35447,-1,-2,-1,0,0,
1593,Cl2,Cl2,13.35447,4,-2,-1,0,0,
1596,Cl2,Cl2,13.35447,-2,-1,-1,0,0,
1602,Cl2,Cl2,13.35447,4,-1,-1,0,0,
1645,Cl2,Cl2,13.35447,-2,4,-1,0,0,
1646,Cl2,Cl2,13.35447,-1,4,-1,0,0,
1747,Cl2,Cl2,13.35447,1,-4,1,0,0,
1748,Cl2,Cl2,13.35447,2,-4,1,0,0,
1791,Cl2,Cl2,13.35447,-4,1,1,0,0,
1797,Cl2,Cl2,13.35447,2,1,1,0,0,
1800,Cl2,Cl2,13.35447,-4,2,1,0,0,
1805,Cl2,Cl2,13.35447,1,2,1,0,0,
1832,Cl2,Cl2,13.35447,1,-4,2,0,0,
1873,Cl2,Cl2,13.35447,-4,1,2,0,0,
1878,Cl2,Cl2,13.35447,1,1,2,0,0,
1978,Cl2,Cl2,13.35447,-1,-2,4,0,0,
1985,Cl2,Cl2,13.35447,-2,-1,4,0,0,
1986,Cl2,Cl2,13.35447,-1,-1,4,0,0,
731,Na1,Cl2,13.04743,1,-1,-4,0,0,
732,Na1,Cl2,13.04743,2,-1,-4,0,0,
747,Na1,Cl2,13.04743,-1,1,-4,0,0,
750,Na1,Cl2,13.04743,2,1,-4,0,0,
755,Na1,Cl2,13.04743,-1,2,-4,0,0,
757,Na1,Cl2,13.04743,1,2,-4,0,0,
792,Na1,Cl2,13.04743,0,-2,-3,0,0,
795,Na1,Cl2,13.04743,3,-2,-3,0,0,
809,Na1,Cl2,13.04743,-2,0,-3,0,0,
814,Na1,Cl2,13.04743,3,0,-3,0,0,
836,Na1,Cl2,13.04743,-2,3,-3,0,0,
838,Na1,Cl2,13.04743,0,3,-3,0,0,
865,Na1,Cl2,13.04743,0,-3,-2,0,0,
868,Na1,Cl2,13.04743,3,-3,-2,0,0,
891,Na1,Cl2,13.04743,-3,0,-2,0,0,
897,Na1,Cl2,13.04743,3,0,-2,0,0,
920,Na1,Cl2,13.04743,-3,3,-2,0,0,
923,Na1,Cl2,13.04743,0,3,-2,0,0,
945,Na1,Cl2,13.04743,1,-4,-1,0,0,
946,Na1,Cl2,13.04743,2,-4,-1,0,0,
989,Na1,Cl2,13.04743,-4,1,-1,0,0,
995,Na1,Cl2,13.04743,2,1,-1,0,0,
998,Na1,Cl2,13.04743,-4,2,-1,0,0,
1003,Na1,Cl2,13.04743,1,2,-1,0,0,
1040,Na1,Cl2,13.04743,-2,-3,0,0,0,
1045,Na1,Cl2,13.04743,3,-3,0,0,0,
1049,Na1,Cl2,13.04743,-3,-2,0,0,0,
1055,Na1,Cl2,13.04743,3,-2,0,0,0,
1095,Na1,Cl2,13.04743,-3,3,0,0,0,
1096,Na1,Cl2,13.04743,-2,3,0,0,0,
1116,Na1,Cl2,13.04743,-1,-4,1,0,0,
1119,Na1,Cl2,13.04743,2,-4,1,0,0,
1142,Na1,Cl2,13.04743,-4,-1,1,0,0,
1148,Na1,Cl2,13.04743,2,-1,1,0,0,
1168,Na1,Cl2,13.04743,-4,2,1,0,0,
1171,Na1,Cl2,13.04743,-1,2,1,0,0,
1192,Na1,Cl2,13.04743,-1,-4,2,0,0,
1194,Na1,Cl2,13.04743,1,-4,2,0,0,
1215,Na1,Cl2,13.04743,-4,-1,2,0,0,
1220,Na1,Cl2,13.04743,1,-1,2,0,0,
1232,Na1,Cl2,13.04743,-4,1,2,0,0,
1235,Na1,Cl2,13.04743,-1,1,2,0,0,
1264,Na1,Cl2,13.04743,-2,-3,3,0,0,
1266,Na1,Cl2,13.04743,0,-3,3,0,0,
1271,Na1,Cl2,13.04743,-3,-2,3,0,0,
1274,Na1,Cl2,13.04743,0,-2,3,0,0,
1287,Na1,Cl2,13.04743,-3,0,3,0,0,
1288,Na1,Cl2,13.04743,-2,0,3,0,0,
89,Na1,Na1,12.73299,1,-1,-3,0,0,
91,Na1,Na1,12.73299,3,-1,-3,0,0,
104,Na1,Na1,12.73299,-1,1,-3,0,0,
108,Na1,Na1,12.73299,3,1,-3,0,0,
121,Na1,Na1,12.73299,-1,3,-3,0,0,
123,Na1,Na1,12.73299,1,3,-3,0,0,
224,Na1,Na1,12.73299,1,-3,-1,0,0,
226,Na1,Na1,12.73299,3,-3,-1,0,0,
257,Na1,Na1,12.73299,-3,1,-1,0,0,
263,Na1,Na1,12.73299,3,1,-1,0,0,
277,Na1,Na1,12.73299,-3,3,-1,0,0,
281,Na1,Na1,12.73299,1,3,-1,0,0,
396,Na1,Na1,12.73299,-1,-3,1,0,0,
400,Na1,Na1,12.73299,3,-3,1,0,0,
414,Na1,Na1,12.73299,-3,-1,1,0,0,
420,Na1,Na1,12.73299,3,-1,1,0,0,
451,Na1,Na1,12.73299,-3,3,1,0,0,
453,Na1,Na1,12.73299,-1,3,1,0,0,
554,Na1,Na1,12.73299,-1,-3,3,0,0,
556,Na1,Na1,12.73299,1,-3,3,0,0,
569,Na1,Na1,12.73299,-3,-1,3,0,0,
573,Na1,Na1,12.73299,1,-1,3,0,0,
586,Na1,Na1,12.73299,-3,1,3,0,0,
588,Na1,Na1,12.73299,-1,1,3,0,0,
1447,Cl2,Cl2,12.73299,1,-1,-3,0,0,
1449,Cl2,Cl2,12.73299,3,-1,-3,0,0,
1462,Cl2,Cl2,12.73299,-1,1,-3,0,0,
1466,Cl2,Cl2,12.73299,3,1,-3,0,0,
1479,Cl2,Cl2,12.73299,-1,3,-3,0,0,
1481,Cl2,Cl2,12.73299,1,3,-3,0,0,
1582,Cl2,Cl2,12.73299,1,-3,-1,0,0,
1584,Cl2,Cl2,12.73299,3,-3,-1,0,0,
1615,Cl2,Cl2,12.73299,-3,1,-1,0,0,
1621,Cl2,Cl2,12.73299,3,1,-1,0,0,
1635,Cl2,Cl2,12.73299,-3,3,-1,0,0,
1639,Cl2,Cl2,12.73299,1,3,-1,0,0,
1754,Cl2,Cl2,12.73299,-1,-3,1,0,0,
1758,Cl2,Cl2,12.73299,3,-3,1,0,0,
1772,Cl2,Cl2,12.73299,-3,-1,1,0,0,
1778,Cl2,Cl2,12.73299,3,-1,1,0,0,
1809,Cl2,Cl2,12.73299,-3,3,1,0,0,
1811,Cl2,Cl2,12.73299,-1,3,1,0,0,
1912,Cl2,Cl2,12.73299,-1,-3,3,0,0,
1914,Cl2,Cl2,12.73299,1,-3,3,0,0,
1927,Cl2,Cl2,12.73299,-3,-1,3,0,0,
1931,Cl2,Cl2,12.73299,1,-1,3,0,0,
1944,Cl2,Cl2,12.73299,-3,1,3,0,0,
1946,Cl2,Cl2,12.73299,-1,1,3,0,0,
90,Na1,Na1,12.07958,2,-1,-3,0,0,
96,Na1,Na1,12.07958,0,0,-3,0,0,
99,Na1,Na1,12.07958,3,0,-3,0,0,
113,Na1,Na1,12.07958,-1,2,-3,0,0,
116,Na1,Na1,12.07958,2,2,-3,0,0,
122,Na1,Na1,12.07958,0,3,-3,0,0,
151,Na1,Na1,12.07958,1,-2,-2,0,0,
153,Na1,Na1,12.07958,3,-2,-2,0,0,
175,Na1,Na1,12.07958,-2,1,-2,0,0,
180,Na1,Na1,12.07958,3,1,-2,0,0,
194,Na1,Na1,12.07958,-2,3,-2,0,0,
197,Na1,Na1,12.07958,1,3,-2,0,0,
225,Na1,Na1,12.07958,2,-3,-1,0,0,
267,Na1,Na1,12.07958,-3,2,-1,0,0,
272,Na1,Na1,12.07958,2,2,-1,0,0,
310,Na1,Na1,12.07958,0,-3,0,0,0,
313,Na1,Na1,12.07958,3,-3,0,0,0,
336,Na1,Na1,12.07958,-3,0,0,0,0,
341,Na1,Na1,12.07958,3,0,0,0,0,
364,Na1,Na1,12.07958,-3,3,0,0,0,
367,Na1,Na1,12.07958,0,3,0,0,0,
405,Na1,Na1,12.07958,-2,-2,1,0,0,
410,Na1,Na1,12.07958,3,-2,1,0,0,
452,Na1,Na1,12.07958,-2,3,1,0,0,
480,Na1,Na1,12.07958,-1,-3,2,0,0,
483,Na1,Na1,12.07958,2,-3,2,0,0,
497,Na1,Na1,12.07958,-3,-1,2,0,0,
502,Na1,Na1,12.07958,2,-1,2,0,0,
524,Na1,Na1,12.07958,-3,2,2,0,0,
526,Na1,Na1,12.07958,-1,2,2,0,0,
555,Na1,Na1,12.07958,0,-3,3,0,0,
561,Na1,Na1,12.07958,-2,-2,3,0,0,
564,Na1,Na1,12.07958,1,-2,3,0,0,
578,Na1,Na1,12.07958,-3,0,3,0,0,
581,Na1,Na1,12.07958,0,0,3,0,0,
587,Na1,Na1,12.07958,-2,1,3,0,0,
1448,Cl2,Cl2,12.07958,2,-1,-3,0,0,
1471,Cl2,Cl2,12.07958,-1,2,-3,0,0,
1474,Cl2,Cl2,12.07958,2,2,-3,0,0,
1509,Cl2,Cl2,12.07958,1,-2,-2,0,0,
1511,Cl2,Cl2,12.07958,3,-2,-2,0,0,
1533,Cl2,Cl2,12.07958,-2,1,-2,0,0,
1538,Cl2,Cl2,12.07958,3,1,-2,0,0,
1552,Cl2,Cl2,12.07958,-2,3,-2,0,0,
1555,Cl2,Cl2,12.07958,1,3,-2,0,0,
1583,Cl2,Cl2,12.07958,2,-3,-1,0,0,
1625,Cl2,Cl2,12.07958,-3,2,-1,0,0,
1630,Cl2,Cl2,12.07958,2,2,-1,0,0,
1763,Cl2,Cl2,12.07958,-2,-2,1,0,0,
1768,Cl2,Cl2,12.07958,3,-2,1,0,0,
1810,Cl2,Cl2,12.07958,-2,3,1,0,0,
1838,Cl2,Cl2,12.07958,-1,-3,2,0,0,
1841,Cl2,Cl2,12.07958,2,-3,2,0,0,
1855,Cl2,Cl2,12.07958,-3,-1,2,0,0,
1860,Cl2,Cl2,12.07958,2,-1,2,0,0,
1882,Cl2,Cl2,12.07958,-3,2,2,0,0,
1884,Cl2,Cl2,12.07958,-1,2,2,0,0,
1919,Cl2,Cl2,12.07958,-2,-2,3,0,0,
1922,Cl2,Cl2,12.07958,1,-2,3,0,0,
1945,Cl2,Cl2,12.07958,-2,1,3,0,0,
740,Na1,Cl2,11.73924,1,0,-4,0,0,
748,Na1,Cl2,11.73924,0,1,-4,0,0,
749,Na1,Cl2,11.73924,1,1,-4,0,0,
793,Na1,Cl2,11.73924,1,-2,-3,0,0,
794,Na1,Cl2,11.73924,2,-2,-3,0,0,
819,Na1,Cl2,11.73924,-2,1,-3,0,0,
823,Na1,Cl2,11.73924,2,1,-3,0,0,
828,Na1,Cl2,11.73924,-2,2,-3,0,0,
831,Na1,Cl2,11.73924,1,2,-3,0,0,
866,Na1,Cl2,11.73924,1,-3,-2,0,0,
867,Na1,Cl2,11.73924,2,-3,-2,0,0,
873,Na1,Cl2,11.73924,-1,-2,-2,0,0,
877,Na1,Cl2,11.73924,3,-2,-2,0,0,
882,Na1,Cl2,11.73924,-2,-1,-2,0,0,
887,Na1,Cl2,11.73924,3,-1,-2,0,0,
901,Na1,Cl2,11.73924,-3,1,-2,0,0,
906,Na1,Cl2,11.73924,2,1,-2,0,0,
911,Na1,Cl2,11.73924,-3,2,-2,0,0,
915,Na1,Cl2,11.73924,1,2,-2,0,0,
921,Na1,Cl2,11.73924,-2,3,-2,0,0,
922,Na1,Cl2,11.73924,-1,3,-2,0,0,
961,Na1,Cl2,11.73924,-2,-2,-1,0,0,
966,Na1,Cl2,11.73924,3,-2,-1,0,0,
1009,Na1,Cl2,11.73924,-2,3,-1,0,0,
1033,Na1,Cl2,11.73924,1,-4,0,0,0,
1077,Na1,Cl2,11.73924,-4,1,0,0,0,
1082,Na1,Cl2,11.73924,1,1,0,0,0,
1117,Na1,Cl2,11.73924,0,-4,1,0,0,
1118,Na1,Cl2,11.73924,1,-4,1,0,0,
1124,Na1,Cl2,11.73924,-2,-3,1,0,0,
1128,Na1,Cl2,11.73924,2,-3,1,0,0,
1133,Na1,Cl2,11.73924,-3,-2,1,0,0,
1138,Na1,Cl2,11.73924,2,-2,1,0,0,
1151,Na1,Cl2,11.73924,-4,0,1,0,0,
1156,Na1,Cl2,11.73924,1,0,1,0,0,
1160,Na1,Cl2,11.73924,-4,1,1,0,0,
1164,Na1,Cl2,11.73924,0,1,1,0,0,
1169,Na1,Cl2,11.73924,-3,2,1,0,0,
1170,Na1,Cl2,11.73924,-2,2,1,0,0,
1199,Na1,Cl2,11.73924,-2,-3,2,0,0,
1202,Na1,Cl2,11.73924,1,-3,2,0,0,
1207,Na1,Cl2,11.73924,-3,-2,2,0,0,
1211,Na1,Cl2,11.73924,1,-2,2,0,0,
1233,Na1,Cl2,11.73924,-3,1,2,0,0,
1234,Na1,Cl2,11.73924,-2,1,2,0,0,
1272,Na1,Cl2,11.73924,-2,-2,3,0,0,
1273,Na1,Cl2,11.73924,-1,-2,3,0,0,
1280,Na1,Cl2,11.73924,-2,-1,3,0,0,
152,Na1,Na1,11.38873,2,-2,-2,0,0,
185,Na1,Na1,11.38873,-2,2,-2,0,0,
189,Na1,Na1,11.38873,2,2,-2,0,0,
488,Na1,Na1,11.38873,-2,-2,2,0,0,
492,Na1,Na1,11.38873,2,-2,2,0,0,
525,Na1,Na1,11.38873,-2,2,2,0,0,
1510,Cl2,Cl2,11.38873,2,-2,-2,0,0,
1543,Cl2,Cl2,11.38873,-2,2,-2,0,0,
1547,Cl2,Cl2,11.38873,2,2,-2,0,0,
1846,Cl2,Cl2,11.38873,-2,-2,2,0,0,
1850,Cl2,Cl2,11.38873,2,-2,2,0,0,
1883,Cl2,Cl2,11.38873,-2,2,2,0,0,
97,Na1,Na1,10.65319,1,0,-3,0,0,
98,Na1,Na1,10.65319,2,0,-3,0,0,
105,Na1,Na1,10.65319,0,1,-3,0,0,
107,Na1,Na1,10.65319,2,1,-3,0,0,
114,Na1,Na1,10.65319,0,2,-3,0,0,
115,Na1,Na1,10.65319,1,2,-3,0,0,
158,Na1,Na1,10.65319,0,-1,-2,0,0,
161,Na1,Na1,10.65319,3,-1,-2,0,0,
166,Na1,Na1,10.65319,-1,0,-2,0,0,
170,Na1,Na1,10.65319,3,0,-2,0,0,
195,Na1,Na1,10.65319,-1,3,-2,0,0,
196,Na1,Na1,10.65319,0,3,-2,0,0,
231,Na1,Na1,10.65319,0,-2,-1,0,0,
234,Na1,Na1,10.65319,3,-2,-1,0,0,
248,Na1,Na1,10.65319,-2,0,-1,0,0,
253,Na1,Na1,10.65319,3,0,-1,0,0,
278,Na1,Na1,10.65319,-2,3,-1,0,0,
280,Na1,Na1,10.65319,0,3,-1,0,0,
311,Na1,Na1,10.65319,1,-3,0,0,0,
312,Na1,Na1,10.65319,2,-3,0,0,0,
318,Na1,Na1,10.65319,-1,-2,0,0,0,
322,Na1,Na1,10.65319,3,-2,0,0,0,
327,Na1,Na1,10.65319,-2,-1,0,0,0,
332,Na1,Na1,10.65319,3,-1,0,0,0,
345,Na1,Na1,10.65319,-3,1,0,0,0,
350,Na1,Na1,10.65319,2,1,0,0,0,
355,Na1,Na1,10.65319,-3,2,0,0,0,
359,Na1,Na1,10.65319,1,2,0,0,0,
365,Na1,Na1,10.65319,-2,3,0,0,0,
366,Na1,Na1,10.65319,-1,3,0,0,0,
397,Na1,Na1,10.65319,0,-3,1,0,0,
399,Na1,Na1,10.65319,2,-3,1,0,0,
424,Na1,Na1,10.65319,-3,0,1,0,0,
429,Na1,Na1,10.65319,2,0,1,0,0,
443,Na1,Na1,10.65319,-3,2,1,0,0,
446,Na1,Na1,10.65319,0,2,1,0,0,
481,Na1,Na1,10.65319,0,-3,2,0,0,
482,Na1,Na1,10.65319,1,-3,2,0,0,
507,Na1,Na1,10.65319,-3,0,2,0,0,
511,Na1,Na1,10.65319,1,0,2,0,0,
516,Na1,Na1,10.65319,-3,1,2,0,0,
519,Na1,Na1,10.65319,0,1,2,0,0,
562,Na1,Na1,10.65319,-1,-2,3,0,0,
563,Na1,Na1,10.65319,0,-2,3,0,0,
570,Na1,Na1,10.65319,-2,-1,3,0,0,
572,Na1,Na1,10.65319,0,-1,3,0,0,
579,Na1,Na1,10.65319,-2,0,3,0,0,
580,Na1,Na1,10.65319,-1,0,3,0,0,
106,Na1,Na1,9.86293,1,1,-3,0,0,
239,Na1,Na1,9.86293,-1,-1,-1,0,0,
243,Na1,Na1,9.86293,3,-1,-1,0,0,
279,Na1,Na1,9.86293,-1,3,-1,0,0,
398,Na1,Na1,9.86293,1,-3,1,0,0,
434,Na1,Na1,9.86293,-3,1,1,0,0,
438,Na1,Na1,9.86293,1,1,1,0,0,
571,Na1,Na1,9.86293,-1,-1,3,0,0,
1464,Cl2,Cl2,9.86293,1,1,-3,0,0,
1597,Cl2,Cl2,9.86293,-1,-1,-1,0,0,
1601,Cl2,Cl2,9.86293,3,-1,-1,0,0,
1637,Cl2,Cl2,9.86293,-1,3,-1,0,0,
1756,Cl2,Cl2,9.86293,1,-3,1,0,0,
1792,Cl2,Cl2,9.86293,-3,1,1,0,0,
1796,Cl2,Cl2,9.86293,1,1,1,0,0,
1929,Cl2,Cl2,9.86293,-1,-1,3,0,0,
159,Na1,Na1,9.00359,1,-1,-2,0,0,
160,Na1,Na1,9.00359,2,-1,-2,0,0,
176,Na1,Na1,9.00359,-1,1,-2,0,0,
179,Na1,Na1,9.00359,2,1,-2,0,0,
186,Na1,Na1,9.00359,-1,2,-2,0,0,
188,Na1,Na1,9.00359,1,2,-2,0,0,
232,Na1,Na1,9.00359,1,-2,-1,0,0,
233,Na1,Na1,9.00359,2,-2,-1,0,0,
258,Na1,Na1,9.00359,-2,1,-1,0,0,
262,Na1,Na1,9.00359,2,1,-1,0,0,
268,Na1,Na1,9.00359,-2,2,-1,0,0,
271,Na1,Na1,9.00359,1,2,-1,0,0,
406,Na1,Na1,9.00359,-1,-2,1,0,0,
409,Na1,Na1,9.00359,2,-2,1,0,0,
415,Na1,Na1,9.00359,-2,-1,1,0,0,
419,Na1,Na1,9.00359,2,-1,1,0,0,
444,Na1,Na1,9.00359,-2,2,1,0,0,
445,Na1,Na1,9.00359,-1,2,1,0,0,
489,Na1,Na1,9.00359,-1,-2,2,0,0,
491,Na1,Na1,9.00359,1,-2,2,0,0,
498,Na1,Na1,9.00359,-2,-1,2,0,0,
501,Na1,Na1,9.00359,1,-1,2,0,0,
517,Na1,Na1,9.00359,-2,1,2,0,0,
518,Na1,Na1,9.00359,-1,1,2,0,0,