a,b,c,R1x,R1y,R2x,R2y,dist_ab_x,dist_ab_y,dist_ca_x,dist_ca_y,dist_part_1,dist_part_2,dist_part,BI_real,BI_imag,BI_abs,C_real,C_imag
0,1,2,0,0,0,0,-0.0,-0.5773502691896257,-0.5,-0.8660254037844384,0.0,0.28867513459481287,0.28867513459481287,2.2732241535561465e-17,-7.819869662348183e-19,2.274568769781356e-17,3.5707721503874325e-17,-1.2283422541631374e-18
0,1,3,0,0,0,0,-0.0,-0.5773502691896257,-0.5,0.28867513459481287,0.0,0.28867513459481287,0.28867513459481287,3.083952846180994e-17,1.4761852232323153e-18,3.0874838275852953e-17,4.8442618027897726e-17,2.3187863263222253e-18
0,1,4,0,0,0,0,-0.0,-0.5773502691896257,-0.9999999999999998,0.0,0.0,0.5773502691896256,0.5773502691896256,-1.1698379782054856e-17,2.410001417297641e-18,1.194404438858825e-17,-3.6751543982206895e-17,7.571242747723257e-18
0,1,5,0,0,0,0,-0.0,-0.5773502691896257,-1.0,-0.5773502691896257,0.0,0.5773502691896257,0.5773502691896257,-2.9785586750656406e-18,-7.828012110540329e-18,8.37553493118946e-18,-9.357418051872364e-18,-2.4592425338685428e-17
0,2,1,0,0,0,0,-0.5,-0.8660254037844384,0.0,-0.5773502691896257,-0.28867513459481287,-0.0,-0.28867513459481287,2.2732241535561462e-17,7.819869662348183e-19,2.2745687697813556e-17,-3.5707721503874325e-17,-1.2283422541631374e-18
0,2,3,0,0,0,0,-0.5,-0.8660254037844384,-0.5,0.28867513459481287,0.14433756729740643,0.4330127018922192,0.5773502691896256,-1.1366120767780703e-17,-3.9099348311740955e-19,1.137284384890675e-17,-3.570772150387423e-17,-1.2283422541631385e-18
0,2,4,0,0,0,0,-0.5,-0.8660254037844384,-0.9999999999999998,0.0,0.0,0.8660254037844382,0.8660254037844382,1.2137796467963951e-47,-1.490084454887971e-48,1.222891879032717e-47,5.719801832178551e-47,-7.0218575650566e-48
0,2,5,0,0,0,0,-0.5,-0.8660254037844384,-1.0,-0.5773502691896257,-0.28867513459481287,0.8660254037844384,0.5773502691896255,-1.1366120767780717e-17,-3.9099348311741426e-19,1.1372843848906764e-17,-3.570772150387427e-17,-1.2283422541631532e-18
0,3,1,0,0,0,0,-0.5,0.28867513459481287,0.0,-0.5773502691896257,-0.28867513459481287,-0.0,-0.28867513459481287,3.083952846180994e-17,-1.4761852232323153e-18,3.0874838275852953e-17,-4.8442618027897726e-17,2.3187863263222253e-18
0,3,2,0,0,0,0,-0.5,0.28867513459481287,-0.5,-0.8660254037844384,-0.4330127018922192,-0.14433756729740643,-0.5773502691896256,-1.1366120767780703e-17,3.909934831174095e-19,1.137284384890675e-17,3.570772150387423e-17,-1.2283422541631383e-18
0,3,4,0,0,0,0,-0.5,0.28867513459481287,-0.9999999999999998,0.0,0.0,-0.2886751345948128,-0.2886751345948128,2.3396759564109754e-17,-4.820002834595278e-18,2.388808877717654e-17,-3.675154398220696e-17,7.571242747723251e-18
0,3,5,0,0,0,0,-0.5,0.28867513459481287,-1.0,-0.5773502691896257,-0.28867513459481287,-0.28867513459481287,-0.5773502691896257,-1.5186314505536062e-18,4.121956036148383e-18,4.392808104908595e-18,4.770921408569621e-18,-1.2949506801583864e-17
0,4,1,0,0,0,0,-0.9999999999999998,-0.0,0.0,-0.5773502691896257,-0.5773502691896256,-0.0,-0.5773502691896256,-1.1698379782054857e-17,-2.4100014172976415e-18,1.1944044388588253e-17,3.67515439822069e-17,7.571242747723259e-18
0,4,2,0,0,0,0,-0.9999999999999998,-0.0,-0.5,-0.8660254037844384,-0.8660254037844382,-0.0,-0.8660254037844382,1.2137796467963954e-47,1.490084454887971e-48,1.2228918790327172e-47,-5.719801832178552e-47,-7.0218575650566e-48
0,4,3,0,0,0,0,-0.9999999999999998,-0.0,-0.5,0.28867513459481287,0.2886751345948128,-0.0,0.2886751345948128,2.3396759564109754e-17,4.8200028345952775e-18,2.388808877717654e-17,3.675154398220696e-17,7.571242747723251e-18
0,4,5,0,0,0,0,-0.9999999999999998,-0.0,-1.0,-0.5773502691896257,-0.5773502691896256,-0.0,-0.5773502691896256,-1.1698379782054866e-17,-2.4100014172976353e-18,1.1944044388588259e-17,3.6751543982206925e-17,7.57124274772324e-18
0,5,1,0,0,0,0,-1.0,-0.5773502691896257,0.0,-0.5773502691896257,-0.5773502691896257,-0.0,-0.5773502691896257,-2.978558675065641e-18,7.828012110540327e-18,8.37553493118946e-18,9.357418051872365e-18,-2.4592425338685424e-17
0,5,2,0,0,0,0,-1.0,-0.5773502691896257,-0.5,-0.8660254037844384,-0.8660254037844384,0.28867513459481287,-0.5773502691896255,-1.1366120767780717e-17,3.9099348311741426e-19,1.1372843848906764e-17,3.570772150387427e-17,-1.2283422541631532e-18
0,5,3,0,0,0,0,-1.0,-0.5773502691896257,-0.5,0.28867513459481287,0.28867513459481287,0.28867513459481287,0.5773502691896257,-1.5186314505536064e-18,-4.121956036148384e-18,4.392808104908596e-18,-4.7709214085696214e-18,-1.2949506801583867e-17
0,5,4,0,0,0,0,-1.0,-0.5773502691896257,-0.9999999999999998,0.0,0.0,0.5773502691896256,0.5773502691896256,-1.1698379782054866e-17,2.4100014172976357e-18,1.1944044388588259e-17,-3.6751543982206925e-17,7.57124274772324e-18
1,0,2,0,0,0,0,-0.0,0.5773502691896257,-0.5,-0.28867513459481264,0.0,-0.28867513459481287,-0.28867513459481287,2.2732241535561462e-17,7.819869662348183e-19,2.2745687697813556e-17,-3.5707721503874325e-17,-1.2283422541631374e-18
1,0,3,0,0,0,0,-0.0,0.5773502691896257,-0.5,0.8660254037844386,0.0,-0.28867513459481287,-0.28867513459481287,3.083952846180994e-17,-1.4761852232323151e-18,3.0874838275852953e-17,-4.8442618027897726e-17,2.318786326322225e-18
1,0,4,0,0,0,0,-0.0,0.5773502691896257,-0.9999999999999998,0.5773502691896257,0.0,-0.5773502691896256,-0.5773502691896256,-1.1698379782054856e-17,-2.4100014172976415e-18,1.194404438858825e-17,3.6751543982206895e-17,7.571242747723259e-18
1,0,5,0,0,0,0,-0.0,0.5773502691896257,-1.0,0.0,0.0,-0.5773502691896257,-0.5773502691896257,-2.9785586750656406e-18,7.828012110540327e-18,8.37553493118946e-18,9.357418051872364e-18,-2.4592425338685424e-17
1,2,0,0,0,0,0,-0.5,-0.28867513459481264,0.0,0.5773502691896257,0.28867513459481287,-0.0,0.28867513459481287,2.2732241535561462e-17,-7.819869662348183e-19,2.2745687697813556e-17,3.5707721503874325e-17,-1.2283422541631374e-18
1,2,3,0,0,0,0,-0.5,-0.28867513459481264,-0.5,0.8660254037844386,0.4330127018922193,0.14433756729740632,0.5773502691896256,-1.5419764230904937e-17,7.380926116161543e-19,1.5437419137926443e-17,-4.844261802789761e-17,2.3187863263222145e-18
1,2,4,0,0,0,0,-0.5,-0.28867513459481264,-0.9999999999999998,0.5773502691896257,0.28867513459481287,0.2886751345948126,0.5773502691896255,-1.5419764230904937e-17,-7.19545565410602e-19,1.543654348477655e-17,-4.84426180278976e-17,-2.2605190622170605e-18
1,2,5,0,0,0,0,-0.5,-0.28867513459481264,-1.0,0.0,0.0,0.28867513459481264,0.28867513459481264,5.957117350131292e-18,-1.565602422108066e-17,1.6751069862378925e-17,9.357418051872374e-18,-2.4592425338685415e-17
1,3,0,0,0,0,0,-0.5,0.8660254037844386,0.0,0.5773502691896257,0.28867513459481287,-0.0,0.28867513459481287,3.083952846180994e-17,1.4761852232323151e-18,3.0874838275852953e-17,4.8442618027897726e-17,2.318786326322225e-18
1,3,2,0,0,0,0,-0.5,0.8660254037844386,-0.5,-0.28867513459481264,-0.14433756729740632,-0.4330127018922193,-0.5773502691896256,-1.5419764230904937e-17,-7.380926116161543e-19,1.5437419137926443e-17,4.844261802789761e-17,2.3187863263222145e-18
1,3,4,0,0,0,0,-0.5,0.8660254037844386,-0.9999999999999998,0.5773502691896257,0.28867513459481287,-0.8660254037844384,-0.5773502691896255,-1.5419764230904934e-17,-7.380926116161641e-19,1.543741913792644e-17,4.8442618027897596e-17,2.318786326322245e-18
1,3,5,0,0,0,0,-0.5,0.8660254037844386,-1.0,0.0,0.0,-0.8660254037844386,-0.8660254037844386,-2.390888159960608e-48,-2.292566436008826e-48,3.312432196582148e-48,1.1266795018330595e-47,1.0803464809847794e-47
1,4,0,0,0,0,0,-0.9999999999999998,0.5773502691896257,0.0,0.5773502691896257,0.5773502691896256,-0.0,0.5773502691896256,-1.1698379782054857e-17,2.4100014172976415e-18,1.1944044388588253e-17,-3.67515439822069e-17,7.571242747723259e-18
1,4,2,0,0,0,0,-0.9999999999999998,0.5773502691896257,-0.5,-0.28867513459481264,-0.2886751345948126,-0.28867513459481287,-0.5773502691896255,-1.5419764230904937e-17,7.195455654106021e-19,1.543654348477655e-17,4.84426180278976e-17,-2.260519062217061e-18
1,4,3,0,0,0,0,-0.9999999999999998,0.5773502691896257,-0.5,0.8660254037844386,0.8660254037844384,-0.28867513459481287,0.5773502691896255,-1.5419764230904934e-17,7.380926116161642e-19,1.543741913792644e-17,-4.8442618027897596e-17,2.3187863263222453e-18
1,4,5,0,0,0,0,-0.9999999999999998,0.5773502691896257,-1.0,0.0,0.0,-0.5773502691896257,-0.5773502691896257,-2.9785586750656298e-18,7.828012110540314e-18,8.375534931189443e-18,9.35741805187233e-18,-2.459242533868538e-17
1,5,0,0,0,0,0,-1.0,-0.0,0.0,0.5773502691896257,0.5773502691896257,-0.0,0.5773502691896257,-2.978558675065641e-18,-7.828012110540327e-18,8.37553493118946e-18,-9.357418051872365e-18,-2.4592425338685424e-17
1,5,2,0,0,0,0,-1.0,-0.0,-0.5,-0.28867513459481264,-0.28867513459481264,-0.0,-0.28867513459481264,5.957117350131292e-18,1.565602422108066e-17,1.6751069862378925e-17,-9.357418051872374e-18,-2.4592425338685415e-17
1,5,3,0,0,0,0,-1.0,-0.0,-0.5,0.8660254037844386,0.8660254037844386,-0.0,0.8660254037844386,-2.390888159960608e-48,2.292566436008826e-48,3.312432196582148e-48,-1.1266795018330595e-47,1.0803464809847794e-47
1,5,4,0,0,0,0,-1.0,-0.0,-0.9999999999999998,0.5773502691896257,0.5773502691896257,-0.0,0.5773502691896257,-2.9785586750656294e-18,-7.828012110540314e-18,8.375534931189443e-18,-9.35741805187233e-18,-2.459242533868538e-17
2,0,1,0,0,0,0,0.5,0.8660254037844384,0.5,0.28867513459481264,-0.14433756729740632,0.4330127018922192,0.28867513459481287,2.2732241535561462e-17,-7.819869662348183e-19,2.2745687697813556e-17,3.5707721503874325e-17,-1.2283422541631374e-18
2,0,3,0,0,0,0,0.5,0.8660254037844384,0.0,1.1547005383792512,-0.5773502691896256,-0.0,-0.5773502691896256,-1.1366120767780703e-17,3.9099348311740945e-19,1.137284384890675e-17,3.570772150387423e-17,-1.2283422541631381e-18
2,0,4,0,0,0,0,0.5,0.8660254037844384,-0.4999999999999998,0.8660254037844384,-0.4330127018922192,-0.433012701892219,-0.8660254037844382,1.2137796467963951e-47,1.4900844548879714e-48,1.222891879032717e-47,-5.719801832178551e-47,-7.021857565056601e-48
2,0,5,0,0,0,0,0.5,0.8660254037844384,-0.5,0.28867513459481264,-0.14433756729740632,-0.4330127018922192,-0.5773502691896255,-1.1366120767780717e-17,3.9099348311741426e-19,1.1372843848906764e-17,3.570772150387427e-17,-1.2283422541631532e-18
2,1,0,0,0,0,0,0.5,0.28867513459481264,0.5,0.8660254037844384,-0.4330127018922192,0.14433756729740632,-0.28867513459481287,2.2732241535561465e-17,7.819869662348183e-19,2.274568769781356e-17,-3.5707721503874325e-17,-1.2283422541631374e-18
2,1,3,0,0,0,0,0.5,0.28867513459481264,0.0,1.1547005383792512,-0.5773502691896256,-0.0,-0.5773502691896256,-1.5419764230904937e-17,-7.380926116161542e-19,1.5437419137926443e-17,4.844261802789761e-17,2.318786326322214e-18
2,1,4,0,0,0,0,0.5,0.28867513459481264,-0.4999999999999998,0.8660254037844384,-0.4330127018922192,-0.14433756729740627,-0.5773502691896255,-1.5419764230904937e-17,7.195455654106021e-19,1.543654348477655e-17,4.84426180278976e-17,-2.260519062217061e-18
2,1,5,0,0,0,0,0.5,0.28867513459481264,-0.5,0.28867513459481264,-0.14433756729740632,-0.14433756729740632,-0.28867513459481264,5.957117350131292e-18,1.565602422108066e-17,1.6751069862378925e-17,-9.357418051872374e-18,-2.4592425338685415e-17
2,3,0,0,0,0,0,-0.0,1.1547005383792512,0.5,0.8660254037844384,0.0,0.5773502691896256,0.5773502691896256,-1.1366120767780703e-17,-3.909934831174095e-19,1.137284384890675e-17,-3.570772150387423e-17,-1.2283422541631383e-18
2,3,1,0,0,0,0,-0.0,1.1547005383792512,0.5,0.28867513459481264,0.0,0.5773502691896256,0.5773502691896256,-1.5419764230904937e-17,7.380926116161543e-19,1.5437419137926443e-17,-4.844261802789761e-17,2.3187863263222145e-18
2,3,4,0,0,0,0,-0.0,1.1547005383792512,-0.4999999999999998,0.8660254037844384,0.0,-0.5773502691896254,-0.5773502691896254,-1.5419764230904934e-17,7.195455654105919e-19,1.5436543484776546e-17,4.844261802789758e-17,-2.260519062217028e-18
2,3,5,0,0,0,0,-0.0,1.1547005383792512,-0.5,0.28867513459481264,0.0,-0.5773502691896256,-0.5773502691896256,-1.5186314505536028e-18,4.1219560361483785e-18,4.39280810490859e-18,4.770921408569609e-18,-1.2949506801583848e-17
2,4,0,0,0,0,0,-0.4999999999999998,0.8660254037844384,0.5,0.8660254037844384,0.433012701892219,0.4330127018922192,0.8660254037844382,1.2137796467963954e-47,-1.490084454887971e-48,1.2228918790327172e-47,5.719801832178552e-47,-7.0218575650566e-48
2,4,1,0,0,0,0,-0.4999999999999998,0.8660254037844384,0.5,0.28867513459481264,0.14433756729740627,0.4330127018922192,0.5773502691896255,-1.5419764230904937e-17,-7.195455654106019e-19,1.543654348477655e-17,-4.84426180278976e-17,-2.26051906221706e-18
2,4,3,0,0,0,0,-0.4999999999999998,0.8660254037844384,0.0,1.1547005383792512,0.5773502691896254,-0.0,0.5773502691896254,-1.5419764230904934e-17,-7.195455654105919e-19,1.5436543484776546e-17,-4.844261802789758e-17,-2.260519062217028e-18
2,4,5,0,0,0,0,-0.4999999999999998,0.8660254037844384,-0.5,0.28867513459481264,0.14433756729740627,-0.4330127018922192,-0.2886751345948129,3.0839528461809924e-17,1.439091130821172e-18,3.087308696955315e-17,-4.844261802789771e-17,-2.2605190622170116e-18
2,5,0,0,0,0,0,-0.5,0.28867513459481264,0.5,0.8660254037844384,0.4330127018922192,0.14433756729740632,0.5773502691896255,-1.1366120767780717e-17,-3.9099348311741426e-19,1.1372843848906764e-17,-3.570772150387427e-17,-1.2283422541631532e-18
2,5,1,0,0,0,0,-0.5,0.28867513459481264,0.5,0.28867513459481264,0.14433756729740632,0.14433756729740632,0.28867513459481264,5.957117350131292e-18,-1.565602422108066e-17,1.6751069862378925e-17,9.357418051872374e-18,-2.4592425338685415e-17
2,5,3,0,0,0,0,-0.5,0.28867513459481264,0.0,1.1547005383792512,0.5773502691896256,-0.0,0.5773502691896256,-1.5186314505536028e-18,-4.1219560361483785e-18,4.39280810490859e-18,-4.770921408569609e-18,-1.2949506801583848e-17
2,5,4,0,0,0,0,-0.5,0.28867513459481264,-0.4999999999999998,0.8660254037844384,0.4330127018922192,-0.14433756729740627,0.2886751345948129,3.0839528461809924e-17,-1.439091130821172e-18,3.087308696955315e-17,4.844261802789771e-17,-2.2605190622170116e-18
3,0,1,0,0,0,0,0.5,-0.28867513459481287,0.5,-0.8660254037844386,0.4330127018922193,-0.14433756729740643,0.28867513459481287,3.083952846180994e-17,1.4761852232323151e-18,3.0874838275852953e-17,4.8442618027897726e-17,2.318786326322225e-18
3,0,2,0,0,0,0,0.5,-0.28867513459481287,0.0,-1.1547005383792512,0.5773502691896256,-0.0,0.5773502691896256,-1.1366120767780703e-17,-3.9099348311740945e-19,1.137284384890675e-17,-3.570772150387423e-17,-1.2283422541631381e-18
3,0,4,0,0,0,0,0.5,-0.28867513459481287,-0.4999999999999998,-0.28867513459481287,0.14433756729740643,0.14433756729740638,0.2886751345948128,2.3396759564109754e-17,4.820002834595278e-18,2.388808877717654e-17,3.675154398220696e-17,7.571242747723251e-18
3,0,5,0,0,0,0,0.5,-0.28867513459481287,-0.5,-0.8660254037844386,0.4330127018922193,0.14433756729740643,0.5773502691896257,-1.5186314505536062e-18,-4.121956036148383e-18,4.392808104908595e-18,-4.770921408569621e-18,-1.2949506801583864e-17
3,1,0,0,0,0,0,0.5,-0.8660254037844386,0.5,-0.28867513459481287,0.14433756729740643,-0.4330127018922193,-0.28867513459481287,3.083952846180994e-17,-1.4761852232323153e-18,3.0874838275852953e-17,-4.8442618027897726e-17,2.3187863263222253e-18
3,1,2,0,0,0,0,0.5,-0.8660254037844386,0.0,-1.1547005383792512,0.5773502691896256,-0.0,0.5773502691896256,-1.5419764230904937e-17,7.380926116161542e-19,1.5437419137926443e-17,-4.844261802789761e-17,2.318786326322214e-18
3,1,4,0,0,0,0,0.5,-0.8660254037844386,-0.4999999999999998,-0.28867513459481287,0.14433756729740643,0.43301270189221913,0.5773502691896255,-1.5419764230904934e-17,7.380926116161641e-19,1.543741913792644e-17,-4.8442618027897596e-17,2.318786326322245e-18
3,1,5,0,0,0,0,0.5,-0.8660254037844386,-0.5,-0.8660254037844386,0.4330127018922193,0.4330127018922193,0.8660254037844386,-2.3908881599606082e-48,2.292566436008826e-48,3.3124321965821476e-48,-1.1266795018330598e-47,1.0803464809847794e-47
3,2,0,0,0,0,0,-0.0,-1.1547005383792512,0.5,-0.28867513459481287,0.0,-0.5773502691896256,-0.5773502691896256,-1.1366120767780703e-17,3.909934831174095e-19,1.137284384890675e-17,3.570772150387423e-17,-1.2283422541631383e-18
3,2,1,0,0,0,0,-0.0,-1.1547005383792512,0.5,-0.8660254037844386,0.0,-0.5773502691896256,-0.5773502691896256,-1.5419764230904937e-17,-7.380926116161543e-19,1.5437419137926443e-17,4.844261802789761e-17,2.3187863263222145e-18
3,2,4,0,0,0,0,-0.0,-1.1547005383792512,-0.4999999999999998,-0.28867513459481287,0.0,0.5773502691896254,0.5773502691896254,-1.5419764230904934e-17,-7.195455654105919e-19,1.5436543484776546e-17,-4.844261802789758e-17,-2.260519062217028e-18
3,2,5,0,0,0,0,-0.0,-1.1547005383792512,-0.5,-0.8660254037844386,0.0,0.5773502691896256,0.5773502691896256,-1.5186314505536028e-18,-4.1219560361483785e-18,4.39280810490859e-18,-4.770921408569609e-18,-1.2949506801583848e-17
3,4,0,0,0,0,0,-0.4999999999999998,-0.28867513459481287,0.5,-0.28867513459481287,-0.14433756729740638,-0.14433756729740643,-0.2886751345948128,2.3396759564109754e-17,-4.820002834595278e-18,2.388808877717654e-17,-3.675154398220696e-17,7.571242747723251e-18
3,4,1,0,0,0,0,-0.4999999999999998,-0.28867513459481287,0.5,-0.8660254037844386,-0.43301270189221913,-0.14433756729740643,-0.5773502691896255,-1.5419764230904934e-17,-7.380926116161642e-19,1.543741913792644e-17,4.8442618027897596e-17,2.3187863263222453e-18
3,4,2,0,0,0,0,-0.4999999999999998,-0.28867513459481287,0.0,-1.1547005383792512,-0.5773502691896254,-0.0,-0.5773502691896254,-1.5419764230904934e-17,7.19545565410592e-19,1.5436543484776546e-17,4.844261802789758e-17,-2.2605190622170286e-18
3,4,5,0,0,0,0,-0.4999999999999998,-0.28867513459481287,-0.5,-0.8660254037844386,-0.43301270189221913,0.14433756729740643,-0.2886751345948127,3.0372629011072144e-18,8.24391207229677e-18,8.785616209817193e-18,-4.770921408569621e-18,-1.2949506801583862e-17
3,5,0,0,0,0,0,-0.5,-0.8660254037844386,0.5,-0.28867513459481287,-0.14433756729740643,-0.4330127018922193,-0.5773502691896257,-1.5186314505536064e-18,4.121956036148384e-18,4.392808104908596e-18,4.7709214085696214e-18,-1.2949506801583867e-17
3,5,1,0,0,0,0,-0.5,-0.8660254037844386,0.5,-0.8660254037844386,-0.4330127018922193,-0.4330127018922193,-0.8660254037844386,-2.390888159960608e-48,-2.292566436008826e-48,3.312432196582148e-48,1.1266795018330595e-47,1.0803464809847794e-47
3,5,2,0,0,0,0,-0.5,-0.8660254037844386,0.0,-1.1547005383792512,-0.5773502691896256,-0.0,-0.5773502691896256,-1.5186314505536028e-18,4.1219560361483785e-18,4.39280810490859e-18,4.770921408569609e-18,-1.2949506801583848e-17
3,5,4,0,0,0,0,-0.5,-0.8660254037844386,-0.4999999999999998,-0.28867513459481287,-0.14433756729740643,0.43301270189221913,0.2886751345948127,3.0372629011072144e-18,-8.24391207229677e-18,8.785616209817193e-18,4.770921408569621e-18,-1.2949506801583862e-17
4,0,1,0,0,0,0,0.9999999999999998,-0.0,0.9999999999999998,-0.5773502691896257,0.5773502691896256,-0.0,0.5773502691896256,-1.1698379782054856e-17,2.4100014172976415e-18,1.194404438858825e-17,-3.6751543982206895e-17,7.571242747723259e-18
4,0,2,0,0,0,0,0.9999999999999998,-0.0,0.4999999999999998,-0.8660254037844384,0.8660254037844382,-0.0,0.8660254037844382,1.2137796467963951e-47,-1.490084454887971e-48,1.222891879032717e-47,5.719801832178551e-47,-7.0218575650566e-48
4,0,3,0,0,0,0,0.9999999999999998,-0.0,0.4999999999999998,0.28867513459481287,-0.2886751345948128,-0.0,-0.2886751345948128,2.3396759564109754e-17,-4.8200028345952775e-18,2.388808877717654e-17,-3.675154398220696e-17,7.571242747723251e-18
4,0,5,0,0,0,0,0.9999999999999998,-0.0,-2.220446049250313e-16,-0.5773502691896257,0.5773502691896256,-0.0,0.5773502691896256,-1.1698379782054866e-17,2.4100014172976353e-18,1.1944044388588259e-17,-3.6751543982206925e-17,7.57124274772324e-18
4,1,0,0,0,0,0,0.9999999999999998,-0.5773502691896257,0.9999999999999998,0.0,0.0,-0.5773502691896256,-0.5773502691896256,-1.1698379782054856e-17,-2.410001417297641e-18,1.194404438858825e-17,3.6751543982206895e-17,7.571242747723257e-18
4,1,2,0,0,0,0,0.9999999999999998,-0.5773502691896257,0.4999999999999998,-0.8660254037844384,0.8660254037844382,-0.28867513459481275,0.5773502691896254,-1.5419764230904937e-17,-7.195455654106021e-19,1.543654348477655e-17,-4.844261802789759e-17,-2.26051906221706e-18
4,1,3,0,0,0,0,0.9999999999999998,-0.5773502691896257,0.4999999999999998,0.28867513459481287,-0.2886751345948128,-0.28867513459481275,-0.5773502691896255,-1.5419764230904934e-17,-7.380926116161641e-19,1.543741913792644e-17,4.8442618027897596e-17,2.318786326322245e-18
4,1,5,0,0,0,0,0.9999999999999998,-0.5773502691896257,-2.220446049250313e-16,-0.5773502691896257,0.5773502691896256,1.2819751242557092e-16,0.5773502691896257,-2.97855867506563e-18,-7.828012110540314e-18,8.375534931189443e-18,-9.357418051872331e-18,-2.459242533868538e-17
4,2,0,0,0,0,0,0.4999999999999998,-0.8660254037844384,0.9999999999999998,0.0,0.0,-0.8660254037844382,-0.8660254037844382,1.2137796467963951e-47,1.490084454887971e-48,1.222891879032717e-47,-5.719801832178551e-47,-7.0218575650566e-48
4,2,1,0,0,0,0,0.4999999999999998,-0.8660254037844384,0.9999999999999998,-0.5773502691896257,0.28867513459481275,-0.8660254037844382,-0.5773502691896254,-1.5419764230904937e-17,7.19545565410602e-19,1.543654348477655e-17,4.844261802789759e-17,-2.2605190622170598e-18
4,2,3,0,0,0,0,0.4999999999999998,-0.8660254037844384,0.4999999999999998,0.28867513459481287,-0.14433756729740638,-0.433012701892219,-0.5773502691896254,-1.5419764230904934e-17,7.195455654105919e-19,1.5436543484776546e-17,4.844261802789758e-17,-2.260519062217028e-18
4,2,5,0,0,0,0,0.4999999999999998,-0.8660254037844384,-2.220446049250313e-16,-0.5773502691896257,0.28867513459481275,1.9229626863835633e-16,0.2886751345948129,3.0839528461809924e-17,-1.4390911308211718e-18,3.087308696955315e-17,4.844261802789771e-17,-2.2605190622170112e-18
4,3,0,0,0,0,0,0.4999999999999998,0.28867513459481287,0.9999999999999998,0.0,0.0,0.2886751345948128,0.2886751345948128,2.3396759564109754e-17,4.820002834595278e-18,2.388808877717654e-17,3.675154398220696e-17,7.571242747723251e-18
4,3,1,0,0,0,0,0.4999999999999998,0.28867513459481287,0.9999999999999998,-0.5773502691896257,0.28867513459481275,0.2886751345948128,0.5773502691896255,-1.5419764230904934e-17,7.380926116161641e-19,1.543741913792644e-17,-4.8442618027897596e-17,2.318786326322245e-18
4,3,2,0,0,0,0,0.4999999999999998,0.28867513459481287,0.4999999999999998,-0.8660254037844384,0.433012701892219,0.14433756729740638,0.5773502691896254,-1.5419764230904934e-17,-7.195455654105919e-19,1.5436543484776546e-17,-4.844261802789758e-17,-2.260519062217028e-18
4,3,5,0,0,0,0,0.4999999999999998,0.28867513459481287,-2.220446049250313e-16,-0.5773502691896257,0.28867513459481275,-6.409875621278546e-17,0.2886751345948127,3.037262901107214e-18,-8.24391207229677e-18,8.785616209817193e-18,4.77092140856962e-18,-1.2949506801583862e-17
4,5,0,0,0,0,0,-2.220446049250313e-16,-0.5773502691896257,0.9999999999999998,0.0,0.0,-0.5773502691896256,-0.5773502691896256,-1.1698379782054866e-17,-2.4100014172976357e-18,1.1944044388588259e-17,3.6751543982206925e-17,7.57124274772324e-18
4,5,1,0,0,0,0,-2.220446049250313e-16,-0.5773502691896257,0.9999999999999998,-0.5773502691896257,-1.2819751242557092e-16,-0.5773502691896256,-0.5773502691896257,-2.9785586750656294e-18,7.828012110540314e-18,8.375534931189443e-18,9.35741805187233e-18,-2.459242533868538e-17
4,5,2,0,0,0,0,-2.220446049250313e-16,-0.5773502691896257,0.4999999999999998,-0.8660254037844384,-1.9229626863835633e-16,-0.28867513459481275,-0.2886751345948129,3.0839528461809924e-17,1.439091130821172e-18,3.087308696955315e-17,-4.844261802789771e-17,-2.2605190622170116e-18
4,5,3,0,0,0,0,-2.220446049250313e-16,-0.5773502691896257,0.4999999999999998,0.28867513459481287,6.409875621278546e-17,-0.28867513459481275,-0.2886751345948127,3.0372629011072144e-18,8.24391207229677e-18,8.785616209817193e-18,-4.770921408569621e-18,-1.2949506801583862e-17
5,0,1,0,0,0,0,1.0,0.5773502691896257,1.0,0.0,0.0,0.5773502691896257,0.5773502691896257,-2.9785586750656406e-18,-7.828012110540327e-18,8.37553493118946e-18,-9.357418051872364e-18,-2.4592425338685424e-17
5,0,2,0,0,0,0,1.0,0.5773502691896257,0.5,-0.28867513459481264,0.28867513459481264,0.28867513459481287,0.5773502691896255,-1.1366120767780717e-17,-3.9099348311741426e-19,1.1372843848906764e-17,-3.570772150387427e-17,-1.2283422541631532e-18
5,0,3,0,0,0,0,1.0,0.5773502691896257,0.5,0.8660254037844386,-0.8660254037844386,0.28867513459481287,-0.5773502691896257,-1.5186314505536062e-18,4.121956036148383e-18,4.392808104908595e-18,4.770921408569621e-18,-1.2949506801583864e-17
5,0,4,0,0,0,0,1.0,0.5773502691896257,2.220446049250313e-16,0.5773502691896257,-0.5773502691896257,1.2819751242557092e-16,-0.5773502691896256,-1.1698379782054866e-17,-2.4100014172976353e-18,1.1944044388588259e-17,3.6751543982206925e-17,7.57124274772324e-18
5,1,0,0,0,0,0,1.0,-0.0,1.0,0.5773502691896257,-0.5773502691896257,-0.0,-0.5773502691896257,-2.9785586750656406e-18,7.828012110540329e-18,8.37553493118946e-18,9.357418051872364e-18,-2.4592425338685428e-17
5,1,2,0,0,0,0,1.0,-0.0,0.5,-0.28867513459481264,0.28867513459481264,-0.0,0.28867513459481264,5.957117350131292e-18,-1.565602422108066e-17,1.6751069862378925e-17,9.357418051872374e-18,-2.4592425338685415e-17
5,1,3,0,0,0,0,1.0,-0.0,0.5,0.8660254037844386,-0.8660254037844386,-0.0,-0.8660254037844386,-2.3908881599606082e-48,-2.292566436008826e-48,3.3124321965821476e-48,1.1266795018330598e-47,1.0803464809847794e-47
5,1,4,0,0,0,0,1.0,-0.0,2.220446049250313e-16,0.5773502691896257,-0.5773502691896257,-0.0,-0.5773502691896257,-2.97855867506563e-18,7.828012110540315e-18,8.375534931189444e-18,9.357418051872331e-18,-2.4592425338685384e-17
5,2,0,0,0,0,0,0.5,-0.28867513459481264,1.0,0.5773502691896257,-0.28867513459481287,-0.28867513459481264,-0.5773502691896255,-1.1366120767780717e-17,3.9099348311741426e-19,1.1372843848906764e-17,3.570772150387427e-17,-1.2283422541631532e-18
5,2,1,0,0,0,0,0.5,-0.28867513459481264,1.0,0.0,0.0,-0.28867513459481264,-0.28867513459481264,5.957117350131292e-18,1.565602422108066e-17,1.6751069862378925e-17,-9.357418051872374e-18,-2.4592425338685415e-17
5,2,3,0,0,0,0,0.5,-0.28867513459481264,0.5,0.8660254037844386,-0.4330127018922193,-0.14433756729740632,-0.5773502691896256,-1.5186314505536028e-18,4.1219560361483785e-18,4.39280810490859e-18,4.770921408569609e-18,-1.2949506801583848e-17
5,2,4,0,0,0,0,0.5,-0.28867513459481264,2.220446049250313e-16,0.5773502691896257,-0.28867513459481287,-6.409875621278541e-17,-0.2886751345948129,3.0839528461809924e-17,1.4390911308211718e-18,3.087308696955315e-17,-4.844261802789771e-17,-2.2605190622170112e-18
5,3,0,0,0,0,0,0.5,0.8660254037844386,1.0,0.5773502691896257,-0.28867513459481287,0.8660254037844386,0.5773502691896257,-1.5186314505536062e-18,-4.121956036148383e-18,4.392808104908595e-18,-4.770921408569621e-18,-1.2949506801583864e-17
5,3,1,0,0,0,0,0.5,0.8660254037844386,1.0,0.0,0.0,0.8660254037844386,0.8660254037844386,-2.3908881599606085e-48,2.292566436008826e-48,3.312432196582148e-48,-1.1266795018330598e-47,1.0803464809847794e-47
5,3,2,0,0,0,0,0.5,0.8660254037844386,0.5,-0.28867513459481264,0.14433756729740632,0.4330127018922193,0.5773502691896256,-1.5186314505536028e-18,-4.1219560361483785e-18,4.39280810490859e-18,-4.770921408569609e-18,-1.2949506801583848e-17
5,3,4,0,0,0,0,0.5,0.8660254037844386,2.220446049250313e-16,0.5773502691896257,-0.28867513459481287,1.9229626863835638e-16,-0.2886751345948127,3.037262901107214e-18,8.24391207229677e-18,8.785616209817193e-18,-4.77092140856962e-18,-1.2949506801583862e-17
5,4,0,0,0,0,0,2.220446049250313e-16,0.5773502691896257,1.0,0.5773502691896257,-1.2819751242557092e-16,0.5773502691896257,0.5773502691896256,-1.1698379782054866e-17,2.4100014172976353e-18,1.1944044388588259e-17,-3.6751543982206925e-17,7.57124274772324e-18
5,4,1,0,0,0,0,2.220446049250313e-16,0.5773502691896257,1.0,0.0,0.0,0.5773502691896257,0.5773502691896257,-2.9785586750656298e-18,-7.828012110540314e-18,8.375534931189443e-18,-9.35741805187233e-18,-2.459242533868538e-17
5,4,2,0,0,0,0,2.220446049250313e-16,0.5773502691896257,0.5,-0.28867513459481264,6.409875621278541e-17,0.28867513459481287,0.2886751345948129,3.0839528461809924e-17,-1.439091130821172e-18,3.087308696955315e-17,4.844261802789771e-17,-2.2605190622170116e-18
5,4,3,0,0,0,0,2.220446049250313e-16,0.5773502691896257,0.5,0.8660254037844386,-1.9229626863835638e-16,0.28867513459481287,0.2886751345948127,3.0372629011072144e-18,-8.24391207229677e-18,8.785616209817193e-18,4.770921408569621e-18,-1.2949506801583862e-17
